[2025-03-28T21:42:28.413Z] ========== DÉBUT DE L'EXÉCUTION MANUELLE DE LA TÂCHE: Fetch YAM Transactions History (ID: 6) ==========
[2025-03-28T21:42:28.447Z] ERREUR: node:internal/modules/cjs/loader:1143
  throw err;
  ^

Error: Cannot find module 'winston'
Require stack:
- /app/scripts/fetch_YAM_transactions_history.js
    at Module._resolveFilename (node:internal/modules/cjs/loader:1140:15)
    at Module._load (node:internal/modules/cjs/loader:981:27)
    at Module.require (node:internal/modules/cjs/loader:1231:19)
    at require (node:internal/modules/helpers:177:18)
    at Object.<anonymous> (/app/scripts/fetch_YAM_transactions_history.js:2:17)
    at Module._compile (node:internal/modules/cjs/loader:1364:14)
    at Module._extensions..js (node:internal/modules/cjs/loader:1422:10)
    at Module.load (node:internal/modules/cjs/loader:1203:32)
    at Module._load (node:internal/modules/cjs/loader:1019:12)
    at Function.executeUserEntryPoint [as runMain] (node:internal/modules/run_main:128:12) {
  code: 'MODULE_NOT_FOUND',
  requireStack: [ '/app/scripts/fetch_YAM_transactions_history.js' ]
}

Node.js v18.20.8

[2025-03-28T21:42:28.447Z] ========== FIN DE L'EXÉCUTION MANUELLE (STATUT: failed) ==========

[2025-03-28T21:57:39.220Z] ========== DÉBUT DE L'EXÉCUTION MANUELLE DE LA TÂCHE: Fetch YAM Transactions History (ID: 6) ==========
[2025-03-28T21:57:43.670Z] [INFO]: ========================================================================================
[INFO]: =============================== YAM Transactions History ===============================
[INFO]: ========================================================================================
[INFO]: Récupération de 62 wallets depuis PostgreSQL.
[INFO]: Accounts récupérés: ["0x042e4f113e24e2734100733cfeeae5d7c0ddd15b","0x0e955f9ffeead3083eaff8ae7e60479cc173437b","0x15630f70b116c0a0ed73e1d7233cedc94e926b49","0x190a0af96c3f98d3c120860f1a3aef152acb0162","0x19e74a36978a9a37bdbe08f4d8093c31d7c174ce","0x1dc79eb47a762d96889a777dc06634e4f4a7e326","0x24521902825ce358d53e1b778ee115c7082ff5ae","0x25db0ac55d40433bc1482abbeac5b2b0f4252099","0x39c185721fbe8b350363e6b49801305d32485a45","0x462e909e31061298d5a3d15740fed37f81db1e49","0x4ae8c67f5be60e7b833d3cc1f954f0f3a8d5edca","0x4dd57b2dbfbfadbdff109f3914db377d5add414b","0x60226baf4d3020f3714b30b8c1c690a48214734e","0x622344eec92c3de736e19ffbbe6e9cc017b2c6fe","0x6414615e1e3de2518dd1ada5c9b0d1015262acce","0x65dd1da49d64896a8315f61a143de97c6e401f5e","0x661ab2f856c9a858a7d125aa675eb3e1be57c831","0x669582b7e0e2a5487f7a7cd7a375495d367127b8","0x6c35b4f5f62b5c2c0e031a17ffae0b889e4dbdce","0x6fbf924388c74a1a61ad017ead8f4995a3f0ead6","0x78bd96fbd3827e89591cfe7e8f1ea06f73c383ad","0x7c680620a83bf08de3f37b4d3adbd92750792a0a","0x7e85c39420d9476175042997db1cb28c109b74b7","0x83cfa4979ca7ed7877e46797b5f5b04bef0f7824","0x84315744d858cbefbd0f24748f61b4ce36c48962","0x8ed4b22c2e7489cec9a0597518cdf916947f2978","0x969fafa259f28d8a49d18a3e34dd372e24e17dd0","0xb9f7ecdd3475a7bfe4bec60bd70a936ebe1299fd","0xc5aa62a70bedda5beef4caab5a7784b054c5c743","0xc9308110b7782cd23e5ab16bd12b72dd697e0a2e","0xce462148c5dc644085667fb4dcf67722b505d320","0xd8cc1d2da9ba559aff35b80813e9c5526a9caedf","0xda31f8955f9583fe9286f92f7e0ea2aff46e8d3f","0xdabf1adf9b8dfd751fa2d27d0ce616290c553b40","0xe0b7151c2ca832ae78a5de2a3b74a5d962ae0b97","0xe8a7fe3b74b61642a938f217e8c117ff922d5e47","0xec2b230a4513668c7090c9242bd32e5507452175","0xed170ee9717d2845402501ba1a2ad7b0ce201a46","0xee5c6d660a83e086610f2c9ebb88a1de83a856f5","0xf2325289c257139d5ad0e1529a391baac2b91e39","0xfb0b85ff94497b3cd0eb478f63dae3598a87e7fb"]
[INFO]: Récupération de tous les enregistrements de transactions depuis PostgreSQL...
[INFO]: Nombre total d'enregistrements existants récupérés: 4122
[INFO]: Nombre de nouvelles transactions à insérer : 1799
[INFO]: Insertion des transactions réussie.

[2025-03-28T21:57:43.670Z] ========== FIN DE L'EXÉCUTION MANUELLE (STATUT: success) ==========

[2025-03-28T22:00:00.143Z] ========== DÉBUT DE L'EXÉCUTION DE LA TÂCHE: Fetch YAM Transactions History (ID: 6) ==========
[2025-03-28T22:00:02.561Z] [INFO]: ========================================================================================
[INFO]: =============================== YAM Transactions History ===============================
[INFO]: ========================================================================================
[INFO]: Récupération de 62 wallets depuis PostgreSQL.
[INFO]: Accounts récupérés: ["0x042e4f113e24e2734100733cfeeae5d7c0ddd15b","0x0e955f9ffeead3083eaff8ae7e60479cc173437b","0x15630f70b116c0a0ed73e1d7233cedc94e926b49","0x190a0af96c3f98d3c120860f1a3aef152acb0162","0x19e74a36978a9a37bdbe08f4d8093c31d7c174ce","0x1dc79eb47a762d96889a777dc06634e4f4a7e326","0x24521902825ce358d53e1b778ee115c7082ff5ae","0x25db0ac55d40433bc1482abbeac5b2b0f4252099","0x39c185721fbe8b350363e6b49801305d32485a45","0x462e909e31061298d5a3d15740fed37f81db1e49","0x4ae8c67f5be60e7b833d3cc1f954f0f3a8d5edca","0x4dd57b2dbfbfadbdff109f3914db377d5add414b","0x60226baf4d3020f3714b30b8c1c690a48214734e","0x622344eec92c3de736e19ffbbe6e9cc017b2c6fe","0x6414615e1e3de2518dd1ada5c9b0d1015262acce","0x65dd1da49d64896a8315f61a143de97c6e401f5e","0x661ab2f856c9a858a7d125aa675eb3e1be57c831","0x669582b7e0e2a5487f7a7cd7a375495d367127b8","0x6c35b4f5f62b5c2c0e031a17ffae0b889e4dbdce","0x6fbf924388c74a1a61ad017ead8f4995a3f0ead6","0x78bd96fbd3827e89591cfe7e8f1ea06f73c383ad","0x7c680620a83bf08de3f37b4d3adbd92750792a0a","0x7e85c39420d9476175042997db1cb28c109b74b7","0x83cfa4979ca7ed7877e46797b5f5b04bef0f7824","0x84315744d858cbefbd0f24748f61b4ce36c48962","0x8ed4b22c2e7489cec9a0597518cdf916947f2978","0x969fafa259f28d8a49d18a3e34dd372e24e17dd0","0xb9f7ecdd3475a7bfe4bec60bd70a936ebe1299fd","0xc5aa62a70bedda5beef4caab5a7784b054c5c743","0xc9308110b7782cd23e5ab16bd12b72dd697e0a2e","0xce462148c5dc644085667fb4dcf67722b505d320","0xd8cc1d2da9ba559aff35b80813e9c5526a9caedf","0xda31f8955f9583fe9286f92f7e0ea2aff46e8d3f","0xdabf1adf9b8dfd751fa2d27d0ce616290c553b40","0xe0b7151c2ca832ae78a5de2a3b74a5d962ae0b97","0xe8a7fe3b74b61642a938f217e8c117ff922d5e47","0xec2b230a4513668c7090c9242bd32e5507452175","0xed170ee9717d2845402501ba1a2ad7b0ce201a46","0xee5c6d660a83e086610f2c9ebb88a1de83a856f5","0xf2325289c257139d5ad0e1529a391baac2b91e39","0xfb0b85ff94497b3cd0eb478f63dae3598a87e7fb"]
[INFO]: Récupération de tous les enregistrements de transactions depuis PostgreSQL...
[INFO]: Nombre total d'enregistrements existants récupérés: 5921
[INFO]: Nombre de nouvelles transactions à insérer : 0
[INFO]: Aucune nouvelle transaction à insérer.

[2025-03-28T22:00:02.561Z] ========== FIN DE L'EXÉCUTION (STATUT: success) ==========

[2025-03-28T23:00:00.396Z] ========== DÉBUT DE L'EXÉCUTION DE LA TÂCHE: Fetch YAM Transactions History (ID: 6) ==========
[2025-03-28T23:00:08.552Z] [INFO]: ========================================================================================
[INFO]: =============================== YAM Transactions History ===============================
[INFO]: ========================================================================================
[INFO]: Récupération de 65 wallets depuis PostgreSQL.
[INFO]: Accounts récupérés: ["0x042e4f113e24e2734100733cfeeae5d7c0ddd15b","0x080379395ad8b32936acfbdcfb4af160a873b927","0x0e955f9ffeead3083eaff8ae7e60479cc173437b","0x15630f70b116c0a0ed73e1d7233cedc94e926b49","0x190a0af96c3f98d3c120860f1a3aef152acb0162","0x19e74a36978a9a37bdbe08f4d8093c31d7c174ce","0x1dc79eb47a762d96889a777dc06634e4f4a7e326","0x24521902825ce358d53e1b778ee115c7082ff5ae","0x25db0ac55d40433bc1482abbeac5b2b0f4252099","0x39c185721fbe8b350363e6b49801305d32485a45","0x462e909e31061298d5a3d15740fed37f81db1e49","0x4ae8c67f5be60e7b833d3cc1f954f0f3a8d5edca","0x4dd57b2dbfbfadbdff109f3914db377d5add414b","0x60226baf4d3020f3714b30b8c1c690a48214734e","0x622344eec92c3de736e19ffbbe6e9cc017b2c6fe","0x6414615e1e3de2518dd1ada5c9b0d1015262acce","0x65dd1da49d64896a8315f61a143de97c6e401f5e","0x661ab2f856c9a858a7d125aa675eb3e1be57c831","0x669582b7e0e2a5487f7a7cd7a375495d367127b8","0x6c35b4f5f62b5c2c0e031a17ffae0b889e4dbdce","0x6fbf924388c74a1a61ad017ead8f4995a3f0ead6","0x78bd96fbd3827e89591cfe7e8f1ea06f73c383ad","0x7a528dba83467b5913eb36c29a570c1243911357","0x7c680620a83bf08de3f37b4d3adbd92750792a0a","0x7e85c39420d9476175042997db1cb28c109b74b7","0x83cfa4979ca7ed7877e46797b5f5b04bef0f7824","0x84315744d858cbefbd0f24748f61b4ce36c48962","0x8ed4b22c2e7489cec9a0597518cdf916947f2978","0x969fafa259f28d8a49d18a3e34dd372e24e17dd0","0xb9f7ecdd3475a7bfe4bec60bd70a936ebe1299fd","0xc5aa62a70bedda5beef4caab5a7784b054c5c743","0xc9308110b7782cd23e5ab16bd12b72dd697e0a2e","0xce462148c5dc644085667fb4dcf67722b505d320","0xd8cc1d2da9ba559aff35b80813e9c5526a9caedf","0xda31f8955f9583fe9286f92f7e0ea2aff46e8d3f","0xdabf1adf9b8dfd751fa2d27d0ce616290c553b40","0xe0b7151c2ca832ae78a5de2a3b74a5d962ae0b97","0xe8a7fe3b74b61642a938f217e8c117ff922d5e47","0xec2b230a4513668c7090c9242bd32e5507452175","0xed170ee9717d2845402501ba1a2ad7b0ce201a46","0xee5c6d660a83e086610f2c9ebb88a1de83a856f5","0xf2325289c257139d5ad0e1529a391baac2b91e39","0xfb0b85ff94497b3cd0eb478f63dae3598a87e7fb"]
[INFO]: Récupération de tous les enregistrements de transactions depuis PostgreSQL...
[INFO]: Nombre total d'enregistrements existants récupérés: 5921
[INFO]: Nombre de nouvelles transactions à insérer : 35
[INFO]: Insertion des transactions réussie.

[2025-03-28T23:00:08.553Z] ========== FIN DE L'EXÉCUTION (STATUT: success) ==========

[2025-03-29T00:00:00.756Z] ========== DÉBUT DE L'EXÉCUTION DE LA TÂCHE: Fetch YAM Transactions History (ID: 6) ==========
[2025-03-29T00:00:07.864Z] [INFO]: ========================================================================================
[INFO]: =============================== YAM Transactions History ===============================
[INFO]: ========================================================================================
[INFO]: Récupération de 72 wallets depuis PostgreSQL.
[INFO]: Accounts récupérés: ["0x042e4f113e24e2734100733cfeeae5d7c0ddd15b","0x080379395ad8b32936acfbdcfb4af160a873b927","0x0e955f9ffeead3083eaff8ae7e60479cc173437b","0x15630f70b116c0a0ed73e1d7233cedc94e926b49","0x190a0af96c3f98d3c120860f1a3aef152acb0162","0x19e74a36978a9a37bdbe08f4d8093c31d7c174ce","0x1dc79eb47a762d96889a777dc06634e4f4a7e326","0x24521902825ce358d53e1b778ee115c7082ff5ae","0x25db0ac55d40433bc1482abbeac5b2b0f4252099","0x39c185721fbe8b350363e6b49801305d32485a45","0x3b5b5a2c114246cac80dcb83eb2476f23c12227e","0x462e909e31061298d5a3d15740fed37f81db1e49","0x4ae8c67f5be60e7b833d3cc1f954f0f3a8d5edca","0x4dd57b2dbfbfadbdff109f3914db377d5add414b","0x4efa25f6f418ee9534039ed9448093f39f02f825","0x60226baf4d3020f3714b30b8c1c690a48214734e","0x622344eec92c3de736e19ffbbe6e9cc017b2c6fe","0x6414615e1e3de2518dd1ada5c9b0d1015262acce","0x65dd1da49d64896a8315f61a143de97c6e401f5e","0x661ab2f856c9a858a7d125aa675eb3e1be57c831","0x669582b7e0e2a5487f7a7cd7a375495d367127b8","0x6c35b4f5f62b5c2c0e031a17ffae0b889e4dbdce","0x6fbf924388c74a1a61ad017ead8f4995a3f0ead6","0x78bd96fbd3827e89591cfe7e8f1ea06f73c383ad","0x7a528dba83467b5913eb36c29a570c1243911357","0x7c680620a83bf08de3f37b4d3adbd92750792a0a","0x7e85c39420d9476175042997db1cb28c109b74b7","0x7ee567d2ac5dca4c422281deb1e2334a805ba6c1","0x83cfa4979ca7ed7877e46797b5f5b04bef0f7824","0x84315744d858cbefbd0f24748f61b4ce36c48962","0x8ed4b22c2e7489cec9a0597518cdf916947f2978","0x969fafa259f28d8a49d18a3e34dd372e24e17dd0","0x9c8a7d90155ee178ade1b66e0d6b72c4d252447f","0xa59286c2d1ddbaf94ec0f0e55ca502c3aaad7c70","0xb9f7ecdd3475a7bfe4bec60bd70a936ebe1299fd","0xc5aa62a70bedda5beef4caab5a7784b054c5c743","0xc9308110b7782cd23e5ab16bd12b72dd697e0a2e","0xce462148c5dc644085667fb4dcf67722b505d320","0xd8cc1d2da9ba559aff35b80813e9c5526a9caedf","0xda31f8955f9583fe9286f92f7e0ea2aff46e8d3f","0xdabf1adf9b8dfd751fa2d27d0ce616290c553b40","0xe0b7151c2ca832ae78a5de2a3b74a5d962ae0b97","0xe8a7fe3b74b61642a938f217e8c117ff922d5e47","0xec2b230a4513668c7090c9242bd32e5507452175","0xed170ee9717d2845402501ba1a2ad7b0ce201a46","0xee5c6d660a83e086610f2c9ebb88a1de83a856f5","0xf2325289c257139d5ad0e1529a391baac2b91e39","0xfb0b85ff94497b3cd0eb478f63dae3598a87e7fb"]
[INFO]: Récupération de tous les enregistrements de transactions depuis PostgreSQL...
[INFO]: Nombre total d'enregistrements existants récupérés: 5956
[INFO]: Nombre de nouvelles transactions à insérer : 237
[INFO]: Insertion des transactions réussie.

[2025-03-29T00:00:07.864Z] ========== FIN DE L'EXÉCUTION (STATUT: success) ==========

[2025-03-29T01:00:00.151Z] ========== DÉBUT DE L'EXÉCUTION DE LA TÂCHE: Fetch YAM Transactions History (ID: 6) ==========
[2025-03-29T01:00:07.620Z] [INFO]: ========================================================================================
[INFO]: =============================== YAM Transactions History ===============================
[INFO]: ========================================================================================
[INFO]: Récupération de 78 wallets depuis PostgreSQL.
[INFO]: Accounts récupérés: ["0x027939a7e28873cb74e670efeafe1d40646bc380","0x042e4f113e24e2734100733cfeeae5d7c0ddd15b","0x080379395ad8b32936acfbdcfb4af160a873b927","0x0e955f9ffeead3083eaff8ae7e60479cc173437b","0x15630f70b116c0a0ed73e1d7233cedc94e926b49","0x190a0af96c3f98d3c120860f1a3aef152acb0162","0x19e74a36978a9a37bdbe08f4d8093c31d7c174ce","0x1dc79eb47a762d96889a777dc06634e4f4a7e326","0x24521902825ce358d53e1b778ee115c7082ff5ae","0x25db0ac55d40433bc1482abbeac5b2b0f4252099","0x39c185721fbe8b350363e6b49801305d32485a45","0x3b5b5a2c114246cac80dcb83eb2476f23c12227e","0x462e909e31061298d5a3d15740fed37f81db1e49","0x4ae8c67f5be60e7b833d3cc1f954f0f3a8d5edca","0x4dd57b2dbfbfadbdff109f3914db377d5add414b","0x4efa25f6f418ee9534039ed9448093f39f02f825","0x60226baf4d3020f3714b30b8c1c690a48214734e","0x622344eec92c3de736e19ffbbe6e9cc017b2c6fe","0x6414615e1e3de2518dd1ada5c9b0d1015262acce","0x65dd1da49d64896a8315f61a143de97c6e401f5e","0x661ab2f856c9a858a7d125aa675eb3e1be57c831","0x669582b7e0e2a5487f7a7cd7a375495d367127b8","0x6c35b4f5f62b5c2c0e031a17ffae0b889e4dbdce","0x6fbf924388c74a1a61ad017ead8f4995a3f0ead6","0x78bd96fbd3827e89591cfe7e8f1ea06f73c383ad","0x7a528dba83467b5913eb36c29a570c1243911357","0x7c680620a83bf08de3f37b4d3adbd92750792a0a","0x7e85c39420d9476175042997db1cb28c109b74b7","0x7ee567d2ac5dca4c422281deb1e2334a805ba6c1","0x83cfa4979ca7ed7877e46797b5f5b04bef0f7824","0x84315744d858cbefbd0f24748f61b4ce36c48962","0x8582a4f9a2364bbf58b13820b6475231eaf88e90","0x8ed4b22c2e7489cec9a0597518cdf916947f2978","0x969fafa259f28d8a49d18a3e34dd372e24e17dd0","0x9c8a7d90155ee178ade1b66e0d6b72c4d252447f","0x9efe1dc19d2ead8bed8667af23c7c6ec25f4b43e","0xa59286c2d1ddbaf94ec0f0e55ca502c3aaad7c70","0xb9f7ecdd3475a7bfe4bec60bd70a936ebe1299fd","0xc5aa62a70bedda5beef4caab5a7784b054c5c743","0xc9308110b7782cd23e5ab16bd12b72dd697e0a2e","0xce462148c5dc644085667fb4dcf67722b505d320","0xd8cc1d2da9ba559aff35b80813e9c5526a9caedf","0xda31f8955f9583fe9286f92f7e0ea2aff46e8d3f","0xdabf1adf9b8dfd751fa2d27d0ce616290c553b40","0xe0b7151c2ca832ae78a5de2a3b74a5d962ae0b97","0xe8a7fe3b74b61642a938f217e8c117ff922d5e47","0xec2b230a4513668c7090c9242bd32e5507452175","0xed170ee9717d2845402501ba1a2ad7b0ce201a46","0xee5c6d660a83e086610f2c9ebb88a1de83a856f5","0xf2325289c257139d5ad0e1529a391baac2b91e39","0xfb0b85ff94497b3cd0eb478f63dae3598a87e7fb"]
[INFO]: Récupération de tous les enregistrements de transactions depuis PostgreSQL...
[INFO]: Nombre total d'enregistrements existants récupérés: 6907
[INFO]: Nombre de nouvelles transactions à insérer : 0
[INFO]: Aucune nouvelle transaction à insérer.

[2025-03-29T01:00:07.621Z] ========== FIN DE L'EXÉCUTION (STATUT: success) ==========

[2025-03-29T02:00:00.524Z] ========== DÉBUT DE L'EXÉCUTION DE LA TÂCHE: Fetch YAM Transactions History (ID: 6) ==========
[2025-03-29T02:00:08.199Z] [INFO]: ========================================================================================
[INFO]: =============================== YAM Transactions History ===============================
[INFO]: ========================================================================================
[INFO]: Récupération de 80 wallets depuis PostgreSQL.
[INFO]: Accounts récupérés: ["0x027939a7e28873cb74e670efeafe1d40646bc380","0x042e4f113e24e2734100733cfeeae5d7c0ddd15b","0x080379395ad8b32936acfbdcfb4af160a873b927","0x0e955f9ffeead3083eaff8ae7e60479cc173437b","0x15630f70b116c0a0ed73e1d7233cedc94e926b49","0x190a0af96c3f98d3c120860f1a3aef152acb0162","0x19e74a36978a9a37bdbe08f4d8093c31d7c174ce","0x1dc79eb47a762d96889a777dc06634e4f4a7e326","0x24521902825ce358d53e1b778ee115c7082ff5ae","0x25db0ac55d40433bc1482abbeac5b2b0f4252099","0x39c185721fbe8b350363e6b49801305d32485a45","0x3b5b5a2c114246cac80dcb83eb2476f23c12227e","0x462e909e31061298d5a3d15740fed37f81db1e49","0x4ae8c67f5be60e7b833d3cc1f954f0f3a8d5edca","0x4dd57b2dbfbfadbdff109f3914db377d5add414b","0x4efa25f6f418ee9534039ed9448093f39f02f825","0x5f6f0ae3c9ffce2eb60349161dd371554d19be19","0x60226baf4d3020f3714b30b8c1c690a48214734e","0x622344eec92c3de736e19ffbbe6e9cc017b2c6fe","0x6414615e1e3de2518dd1ada5c9b0d1015262acce","0x65dd1da49d64896a8315f61a143de97c6e401f5e","0x661ab2f856c9a858a7d125aa675eb3e1be57c831","0x669582b7e0e2a5487f7a7cd7a375495d367127b8","0x6c35b4f5f62b5c2c0e031a17ffae0b889e4dbdce","0x6fbf924388c74a1a61ad017ead8f4995a3f0ead6","0x78bd96fbd3827e89591cfe7e8f1ea06f73c383ad","0x7a528dba83467b5913eb36c29a570c1243911357","0x7c680620a83bf08de3f37b4d3adbd92750792a0a","0x7e85c39420d9476175042997db1cb28c109b74b7","0x7ee567d2ac5dca4c422281deb1e2334a805ba6c1","0x83cfa4979ca7ed7877e46797b5f5b04bef0f7824","0x84315744d858cbefbd0f24748f61b4ce36c48962","0x8582a4f9a2364bbf58b13820b6475231eaf88e90","0x8ed4b22c2e7489cec9a0597518cdf916947f2978","0x969fafa259f28d8a49d18a3e34dd372e24e17dd0","0x9c8a7d90155ee178ade1b66e0d6b72c4d252447f","0x9efe1dc19d2ead8bed8667af23c7c6ec25f4b43e","0xa59286c2d1ddbaf94ec0f0e55ca502c3aaad7c70","0xb9f7ecdd3475a7bfe4bec60bd70a936ebe1299fd","0xc5aa62a70bedda5beef4caab5a7784b054c5c743","0xc9308110b7782cd23e5ab16bd12b72dd697e0a2e","0xce462148c5dc644085667fb4dcf67722b505d320","0xd8cc1d2da9ba559aff35b80813e9c5526a9caedf","0xda31f8955f9583fe9286f92f7e0ea2aff46e8d3f","0xdabf1adf9b8dfd751fa2d27d0ce616290c553b40","0xde6a9a084393e9a6c3c11220e07baf877252895f","0xe0b7151c2ca832ae78a5de2a3b74a5d962ae0b97","0xe8a7fe3b74b61642a938f217e8c117ff922d5e47","0xec2b230a4513668c7090c9242bd32e5507452175","0xed170ee9717d2845402501ba1a2ad7b0ce201a46","0xee5c6d660a83e086610f2c9ebb88a1de83a856f5","0xf2325289c257139d5ad0e1529a391baac2b91e39","0xfb0b85ff94497b3cd0eb478f63dae3598a87e7fb"]
[INFO]: Récupération de tous les enregistrements de transactions depuis PostgreSQL...
[INFO]: Nombre total d'enregistrements existants récupérés: 7084
[INFO]: Nombre de nouvelles transactions à insérer : 0
[INFO]: Aucune nouvelle transaction à insérer.

[2025-03-29T02:00:08.200Z] ========== FIN DE L'EXÉCUTION (STATUT: success) ==========

[2025-03-29T03:00:00.884Z] ========== DÉBUT DE L'EXÉCUTION DE LA TÂCHE: Fetch YAM Transactions History (ID: 6) ==========
[2025-03-29T03:00:08.252Z] [INFO]: ========================================================================================
[INFO]: =============================== YAM Transactions History ===============================
[INFO]: ========================================================================================
[INFO]: Récupération de 80 wallets depuis PostgreSQL.
[INFO]: Accounts récupérés: ["0x027939a7e28873cb74e670efeafe1d40646bc380","0x042e4f113e24e2734100733cfeeae5d7c0ddd15b","0x080379395ad8b32936acfbdcfb4af160a873b927","0x0e955f9ffeead3083eaff8ae7e60479cc173437b","0x15630f70b116c0a0ed73e1d7233cedc94e926b49","0x190a0af96c3f98d3c120860f1a3aef152acb0162","0x19e74a36978a9a37bdbe08f4d8093c31d7c174ce","0x1dc79eb47a762d96889a777dc06634e4f4a7e326","0x24521902825ce358d53e1b778ee115c7082ff5ae","0x25db0ac55d40433bc1482abbeac5b2b0f4252099","0x39c185721fbe8b350363e6b49801305d32485a45","0x3b5b5a2c114246cac80dcb83eb2476f23c12227e","0x462e909e31061298d5a3d15740fed37f81db1e49","0x4ae8c67f5be60e7b833d3cc1f954f0f3a8d5edca","0x4dd57b2dbfbfadbdff109f3914db377d5add414b","0x4efa25f6f418ee9534039ed9448093f39f02f825","0x5f6f0ae3c9ffce2eb60349161dd371554d19be19","0x60226baf4d3020f3714b30b8c1c690a48214734e","0x622344eec92c3de736e19ffbbe6e9cc017b2c6fe","0x6414615e1e3de2518dd1ada5c9b0d1015262acce","0x65dd1da49d64896a8315f61a143de97c6e401f5e","0x661ab2f856c9a858a7d125aa675eb3e1be57c831","0x669582b7e0e2a5487f7a7cd7a375495d367127b8","0x6c35b4f5f62b5c2c0e031a17ffae0b889e4dbdce","0x6fbf924388c74a1a61ad017ead8f4995a3f0ead6","0x78bd96fbd3827e89591cfe7e8f1ea06f73c383ad","0x7a528dba83467b5913eb36c29a570c1243911357","0x7c680620a83bf08de3f37b4d3adbd92750792a0a","0x7e85c39420d9476175042997db1cb28c109b74b7","0x7ee567d2ac5dca4c422281deb1e2334a805ba6c1","0x83cfa4979ca7ed7877e46797b5f5b04bef0f7824","0x84315744d858cbefbd0f24748f61b4ce36c48962","0x8582a4f9a2364bbf58b13820b6475231eaf88e90","0x8ed4b22c2e7489cec9a0597518cdf916947f2978","0x969fafa259f28d8a49d18a3e34dd372e24e17dd0","0x9c8a7d90155ee178ade1b66e0d6b72c4d252447f","0x9efe1dc19d2ead8bed8667af23c7c6ec25f4b43e","0xa59286c2d1ddbaf94ec0f0e55ca502c3aaad7c70","0xb9f7ecdd3475a7bfe4bec60bd70a936ebe1299fd","0xc5aa62a70bedda5beef4caab5a7784b054c5c743","0xc9308110b7782cd23e5ab16bd12b72dd697e0a2e","0xce462148c5dc644085667fb4dcf67722b505d320","0xd8cc1d2da9ba559aff35b80813e9c5526a9caedf","0xda31f8955f9583fe9286f92f7e0ea2aff46e8d3f","0xdabf1adf9b8dfd751fa2d27d0ce616290c553b40","0xde6a9a084393e9a6c3c11220e07baf877252895f","0xe0b7151c2ca832ae78a5de2a3b74a5d962ae0b97","0xe8a7fe3b74b61642a938f217e8c117ff922d5e47","0xec2b230a4513668c7090c9242bd32e5507452175","0xed170ee9717d2845402501ba1a2ad7b0ce201a46","0xee5c6d660a83e086610f2c9ebb88a1de83a856f5","0xf2325289c257139d5ad0e1529a391baac2b91e39","0xfb0b85ff94497b3cd0eb478f63dae3598a87e7fb"]
[INFO]: Récupération de tous les enregistrements de transactions depuis PostgreSQL...
[INFO]: Nombre total d'enregistrements existants récupérés: 7084
[INFO]: Nombre de nouvelles transactions à insérer : 0
[INFO]: Aucune nouvelle transaction à insérer.

[2025-03-29T03:00:08.253Z] ========== FIN DE L'EXÉCUTION (STATUT: success) ==========

[2025-03-29T04:00:00.281Z] ========== DÉBUT DE L'EXÉCUTION DE LA TÂCHE: Fetch YAM Transactions History (ID: 6) ==========
[2025-03-29T04:00:07.340Z] [INFO]: ========================================================================================
[INFO]: =============================== YAM Transactions History ===============================
[INFO]: ========================================================================================
[INFO]: Récupération de 80 wallets depuis PostgreSQL.
[INFO]: Accounts récupérés: ["0x027939a7e28873cb74e670efeafe1d40646bc380","0x042e4f113e24e2734100733cfeeae5d7c0ddd15b","0x080379395ad8b32936acfbdcfb4af160a873b927","0x0e955f9ffeead3083eaff8ae7e60479cc173437b","0x15630f70b116c0a0ed73e1d7233cedc94e926b49","0x190a0af96c3f98d3c120860f1a3aef152acb0162","0x19e74a36978a9a37bdbe08f4d8093c31d7c174ce","0x1dc79eb47a762d96889a777dc06634e4f4a7e326","0x24521902825ce358d53e1b778ee115c7082ff5ae","0x25db0ac55d40433bc1482abbeac5b2b0f4252099","0x39c185721fbe8b350363e6b49801305d32485a45","0x3b5b5a2c114246cac80dcb83eb2476f23c12227e","0x462e909e31061298d5a3d15740fed37f81db1e49","0x4ae8c67f5be60e7b833d3cc1f954f0f3a8d5edca","0x4dd57b2dbfbfadbdff109f3914db377d5add414b","0x4efa25f6f418ee9534039ed9448093f39f02f825","0x5f6f0ae3c9ffce2eb60349161dd371554d19be19","0x60226baf4d3020f3714b30b8c1c690a48214734e","0x622344eec92c3de736e19ffbbe6e9cc017b2c6fe","0x6414615e1e3de2518dd1ada5c9b0d1015262acce","0x65dd1da49d64896a8315f61a143de97c6e401f5e","0x661ab2f856c9a858a7d125aa675eb3e1be57c831","0x669582b7e0e2a5487f7a7cd7a375495d367127b8","0x6c35b4f5f62b5c2c0e031a17ffae0b889e4dbdce","0x6fbf924388c74a1a61ad017ead8f4995a3f0ead6","0x78bd96fbd3827e89591cfe7e8f1ea06f73c383ad","0x7a528dba83467b5913eb36c29a570c1243911357","0x7c680620a83bf08de3f37b4d3adbd92750792a0a","0x7e85c39420d9476175042997db1cb28c109b74b7","0x7ee567d2ac5dca4c422281deb1e2334a805ba6c1","0x83cfa4979ca7ed7877e46797b5f5b04bef0f7824","0x84315744d858cbefbd0f24748f61b4ce36c48962","0x8582a4f9a2364bbf58b13820b6475231eaf88e90","0x8ed4b22c2e7489cec9a0597518cdf916947f2978","0x969fafa259f28d8a49d18a3e34dd372e24e17dd0","0x9c8a7d90155ee178ade1b66e0d6b72c4d252447f","0x9efe1dc19d2ead8bed8667af23c7c6ec25f4b43e","0xa59286c2d1ddbaf94ec0f0e55ca502c3aaad7c70","0xb9f7ecdd3475a7bfe4bec60bd70a936ebe1299fd","0xc5aa62a70bedda5beef4caab5a7784b054c5c743","0xc9308110b7782cd23e5ab16bd12b72dd697e0a2e","0xce462148c5dc644085667fb4dcf67722b505d320","0xd8cc1d2da9ba559aff35b80813e9c5526a9caedf","0xda31f8955f9583fe9286f92f7e0ea2aff46e8d3f","0xdabf1adf9b8dfd751fa2d27d0ce616290c553b40","0xde6a9a084393e9a6c3c11220e07baf877252895f","0xe0b7151c2ca832ae78a5de2a3b74a5d962ae0b97","0xe8a7fe3b74b61642a938f217e8c117ff922d5e47","0xec2b230a4513668c7090c9242bd32e5507452175","0xed170ee9717d2845402501ba1a2ad7b0ce201a46","0xee5c6d660a83e086610f2c9ebb88a1de83a856f5","0xf2325289c257139d5ad0e1529a391baac2b91e39","0xfb0b85ff94497b3cd0eb478f63dae3598a87e7fb"]
[INFO]: Récupération de tous les enregistrements de transactions depuis PostgreSQL...
[INFO]: Nombre total d'enregistrements existants récupérés: 7084
[INFO]: Nombre de nouvelles transactions à insérer : 0
[INFO]: Aucune nouvelle transaction à insérer.

[2025-03-29T04:00:07.341Z] ========== FIN DE L'EXÉCUTION (STATUT: success) ==========

[2025-03-29T05:00:00.639Z] ========== DÉBUT DE L'EXÉCUTION DE LA TÂCHE: Fetch YAM Transactions History (ID: 6) ==========
[2025-03-29T05:00:08.167Z] [INFO]: ========================================================================================
[INFO]: =============================== YAM Transactions History ===============================
[INFO]: ========================================================================================
[INFO]: Récupération de 80 wallets depuis PostgreSQL.
[INFO]: Accounts récupérés: ["0x027939a7e28873cb74e670efeafe1d40646bc380","0x042e4f113e24e2734100733cfeeae5d7c0ddd15b","0x080379395ad8b32936acfbdcfb4af160a873b927","0x0e955f9ffeead3083eaff8ae7e60479cc173437b","0x15630f70b116c0a0ed73e1d7233cedc94e926b49","0x190a0af96c3f98d3c120860f1a3aef152acb0162","0x19e74a36978a9a37bdbe08f4d8093c31d7c174ce","0x1dc79eb47a762d96889a777dc06634e4f4a7e326","0x24521902825ce358d53e1b778ee115c7082ff5ae","0x25db0ac55d40433bc1482abbeac5b2b0f4252099","0x39c185721fbe8b350363e6b49801305d32485a45","0x3b5b5a2c114246cac80dcb83eb2476f23c12227e","0x462e909e31061298d5a3d15740fed37f81db1e49","0x4ae8c67f5be60e7b833d3cc1f954f0f3a8d5edca","0x4dd57b2dbfbfadbdff109f3914db377d5add414b","0x4efa25f6f418ee9534039ed9448093f39f02f825","0x5f6f0ae3c9ffce2eb60349161dd371554d19be19","0x60226baf4d3020f3714b30b8c1c690a48214734e","0x622344eec92c3de736e19ffbbe6e9cc017b2c6fe","0x6414615e1e3de2518dd1ada5c9b0d1015262acce","0x65dd1da49d64896a8315f61a143de97c6e401f5e","0x661ab2f856c9a858a7d125aa675eb3e1be57c831","0x669582b7e0e2a5487f7a7cd7a375495d367127b8","0x6c35b4f5f62b5c2c0e031a17ffae0b889e4dbdce","0x6fbf924388c74a1a61ad017ead8f4995a3f0ead6","0x78bd96fbd3827e89591cfe7e8f1ea06f73c383ad","0x7a528dba83467b5913eb36c29a570c1243911357","0x7c680620a83bf08de3f37b4d3adbd92750792a0a","0x7e85c39420d9476175042997db1cb28c109b74b7","0x7ee567d2ac5dca4c422281deb1e2334a805ba6c1","0x83cfa4979ca7ed7877e46797b5f5b04bef0f7824","0x84315744d858cbefbd0f24748f61b4ce36c48962","0x8582a4f9a2364bbf58b13820b6475231eaf88e90","0x8ed4b22c2e7489cec9a0597518cdf916947f2978","0x969fafa259f28d8a49d18a3e34dd372e24e17dd0","0x9c8a7d90155ee178ade1b66e0d6b72c4d252447f","0x9efe1dc19d2ead8bed8667af23c7c6ec25f4b43e","0xa59286c2d1ddbaf94ec0f0e55ca502c3aaad7c70","0xb9f7ecdd3475a7bfe4bec60bd70a936ebe1299fd","0xc5aa62a70bedda5beef4caab5a7784b054c5c743","0xc9308110b7782cd23e5ab16bd12b72dd697e0a2e","0xce462148c5dc644085667fb4dcf67722b505d320","0xd8cc1d2da9ba559aff35b80813e9c5526a9caedf","0xda31f8955f9583fe9286f92f7e0ea2aff46e8d3f","0xdabf1adf9b8dfd751fa2d27d0ce616290c553b40","0xde6a9a084393e9a6c3c11220e07baf877252895f","0xe0b7151c2ca832ae78a5de2a3b74a5d962ae0b97","0xe8a7fe3b74b61642a938f217e8c117ff922d5e47","0xec2b230a4513668c7090c9242bd32e5507452175","0xed170ee9717d2845402501ba1a2ad7b0ce201a46","0xee5c6d660a83e086610f2c9ebb88a1de83a856f5","0xf2325289c257139d5ad0e1529a391baac2b91e39","0xfb0b85ff94497b3cd0eb478f63dae3598a87e7fb"]
[INFO]: Récupération de tous les enregistrements de transactions depuis PostgreSQL...
[INFO]: Nombre total d'enregistrements existants récupérés: 7084
[INFO]: Nombre de nouvelles transactions à insérer : 0
[INFO]: Aucune nouvelle transaction à insérer.

[2025-03-29T05:00:08.167Z] ========== FIN DE L'EXÉCUTION (STATUT: success) ==========

[2025-03-29T07:00:00.349Z] ========== DÉBUT DE L'EXÉCUTION DE LA TÂCHE: Fetch YAM Transactions History (ID: 6) ==========
[2025-03-29T07:00:08.035Z] [INFO]: ========================================================================================
[INFO]: =============================== YAM Transactions History ===============================
[INFO]: ========================================================================================
[INFO]: Récupération de 85 wallets depuis PostgreSQL.
[INFO]: Accounts récupérés: ["0x027939a7e28873cb74e670efeafe1d40646bc380","0x042e4f113e24e2734100733cfeeae5d7c0ddd15b","0x080379395ad8b32936acfbdcfb4af160a873b927","0x0e955f9ffeead3083eaff8ae7e60479cc173437b","0x15630f70b116c0a0ed73e1d7233cedc94e926b49","0x190a0af96c3f98d3c120860f1a3aef152acb0162","0x19e74a36978a9a37bdbe08f4d8093c31d7c174ce","0x1dc79eb47a762d96889a777dc06634e4f4a7e326","0x24521902825ce358d53e1b778ee115c7082ff5ae","0x24629cea734a84aba57436a4cb2e35d1450b378a","0x25db0ac55d40433bc1482abbeac5b2b0f4252099","0x39c185721fbe8b350363e6b49801305d32485a45","0x3b5b5a2c114246cac80dcb83eb2476f23c12227e","0x462e909e31061298d5a3d15740fed37f81db1e49","0x4ae8c67f5be60e7b833d3cc1f954f0f3a8d5edca","0x4dd57b2dbfbfadbdff109f3914db377d5add414b","0x4efa25f6f418ee9534039ed9448093f39f02f825","0x5f6f0ae3c9ffce2eb60349161dd371554d19be19","0x60226baf4d3020f3714b30b8c1c690a48214734e","0x622344eec92c3de736e19ffbbe6e9cc017b2c6fe","0x6414615e1e3de2518dd1ada5c9b0d1015262acce","0x65dd1da49d64896a8315f61a143de97c6e401f5e","0x661ab2f856c9a858a7d125aa675eb3e1be57c831","0x669582b7e0e2a5487f7a7cd7a375495d367127b8","0x6c35b4f5f62b5c2c0e031a17ffae0b889e4dbdce","0x6fbf924388c74a1a61ad017ead8f4995a3f0ead6","0x78bd96fbd3827e89591cfe7e8f1ea06f73c383ad","0x7a528dba83467b5913eb36c29a570c1243911357","0x7c680620a83bf08de3f37b4d3adbd92750792a0a","0x7e85c39420d9476175042997db1cb28c109b74b7","0x7ee567d2ac5dca4c422281deb1e2334a805ba6c1","0x83cfa4979ca7ed7877e46797b5f5b04bef0f7824","0x84315744d858cbefbd0f24748f61b4ce36c48962","0x8582a4f9a2364bbf58b13820b6475231eaf88e90","0x8ed4b22c2e7489cec9a0597518cdf916947f2978","0x969fafa259f28d8a49d18a3e34dd372e24e17dd0","0x9c8a7d90155ee178ade1b66e0d6b72c4d252447f","0x9efe1dc19d2ead8bed8667af23c7c6ec25f4b43e","0xa59286c2d1ddbaf94ec0f0e55ca502c3aaad7c70","0xb9f7ecdd3475a7bfe4bec60bd70a936ebe1299fd","0xbd64843345158eb68b952fad728b15a8f58b19ed","0xc5aa62a70bedda5beef4caab5a7784b054c5c743","0xc9308110b7782cd23e5ab16bd12b72dd697e0a2e","0xce462148c5dc644085667fb4dcf67722b505d320","0xd8cc1d2da9ba559aff35b80813e9c5526a9caedf","0xda31f8955f9583fe9286f92f7e0ea2aff46e8d3f","0xdabf1adf9b8dfd751fa2d27d0ce616290c553b40","0xde6a9a084393e9a6c3c11220e07baf877252895f","0xe0b7151c2ca832ae78a5de2a3b74a5d962ae0b97","0xe8a7fe3b74b61642a938f217e8c117ff922d5e47","0xec2b230a4513668c7090c9242bd32e5507452175","0xed170ee9717d2845402501ba1a2ad7b0ce201a46","0xee5c6d660a83e086610f2c9ebb88a1de83a856f5","0xf2325289c257139d5ad0e1529a391baac2b91e39","0xfb0b85ff94497b3cd0eb478f63dae3598a87e7fb"]
[INFO]: Récupération de tous les enregistrements de transactions depuis PostgreSQL...
[INFO]: Nombre total d'enregistrements existants récupérés: 7084
[INFO]: Nombre de nouvelles transactions à insérer : 661
[INFO]: Insertion des transactions réussie.

[2025-03-29T07:00:08.035Z] ========== FIN DE L'EXÉCUTION (STATUT: success) ==========

[2025-03-29T08:00:00.648Z] ========== DÉBUT DE L'EXÉCUTION DE LA TÂCHE: Fetch YAM Transactions History (ID: 6) ==========
[2025-03-29T08:00:07.563Z] [INFO]: ========================================================================================
[INFO]: =============================== YAM Transactions History ===============================
[INFO]: ========================================================================================
[INFO]: Récupération de 86 wallets depuis PostgreSQL.
[INFO]: Accounts récupérés: ["0x027939a7e28873cb74e670efeafe1d40646bc380","0x042e4f113e24e2734100733cfeeae5d7c0ddd15b","0x080379395ad8b32936acfbdcfb4af160a873b927","0x0e955f9ffeead3083eaff8ae7e60479cc173437b","0x15630f70b116c0a0ed73e1d7233cedc94e926b49","0x190a0af96c3f98d3c120860f1a3aef152acb0162","0x19e74a36978a9a37bdbe08f4d8093c31d7c174ce","0x1dc79eb47a762d96889a777dc06634e4f4a7e326","0x24521902825ce358d53e1b778ee115c7082ff5ae","0x24629cea734a84aba57436a4cb2e35d1450b378a","0x25db0ac55d40433bc1482abbeac5b2b0f4252099","0x39c185721fbe8b350363e6b49801305d32485a45","0x3b5b5a2c114246cac80dcb83eb2476f23c12227e","0x462e909e31061298d5a3d15740fed37f81db1e49","0x4ae8c67f5be60e7b833d3cc1f954f0f3a8d5edca","0x4dd57b2dbfbfadbdff109f3914db377d5add414b","0x4efa25f6f418ee9534039ed9448093f39f02f825","0x5f6f0ae3c9ffce2eb60349161dd371554d19be19","0x60226baf4d3020f3714b30b8c1c690a48214734e","0x622344eec92c3de736e19ffbbe6e9cc017b2c6fe","0x6414615e1e3de2518dd1ada5c9b0d1015262acce","0x65dd1da49d64896a8315f61a143de97c6e401f5e","0x661ab2f856c9a858a7d125aa675eb3e1be57c831","0x669582b7e0e2a5487f7a7cd7a375495d367127b8","0x6c35b4f5f62b5c2c0e031a17ffae0b889e4dbdce","0x6fbf924388c74a1a61ad017ead8f4995a3f0ead6","0x78bd96fbd3827e89591cfe7e8f1ea06f73c383ad","0x7a528dba83467b5913eb36c29a570c1243911357","0x7c680620a83bf08de3f37b4d3adbd92750792a0a","0x7e85c39420d9476175042997db1cb28c109b74b7","0x7ee567d2ac5dca4c422281deb1e2334a805ba6c1","0x83cfa4979ca7ed7877e46797b5f5b04bef0f7824","0x84315744d858cbefbd0f24748f61b4ce36c48962","0x8582a4f9a2364bbf58b13820b6475231eaf88e90","0x8ed4b22c2e7489cec9a0597518cdf916947f2978","0x969fafa259f28d8a49d18a3e34dd372e24e17dd0","0x9c8a7d90155ee178ade1b66e0d6b72c4d252447f","0x9efe1dc19d2ead8bed8667af23c7c6ec25f4b43e","0xa59286c2d1ddbaf94ec0f0e55ca502c3aaad7c70","0xb9f7ecdd3475a7bfe4bec60bd70a936ebe1299fd","0xbd64843345158eb68b952fad728b15a8f58b19ed","0xc5aa62a70bedda5beef4caab5a7784b054c5c743","0xc9308110b7782cd23e5ab16bd12b72dd697e0a2e","0xce462148c5dc644085667fb4dcf67722b505d320","0xd8cc1d2da9ba559aff35b80813e9c5526a9caedf","0xda31f8955f9583fe9286f92f7e0ea2aff46e8d3f","0xdabf1adf9b8dfd751fa2d27d0ce616290c553b40","0xde6a9a084393e9a6c3c11220e07baf877252895f","0xe0b7151c2ca832ae78a5de2a3b74a5d962ae0b97","0xe8a7fe3b74b61642a938f217e8c117ff922d5e47","0xec2b230a4513668c7090c9242bd32e5507452175","0xed170ee9717d2845402501ba1a2ad7b0ce201a46","0xee5c6d660a83e086610f2c9ebb88a1de83a856f5","0xf2325289c257139d5ad0e1529a391baac2b91e39","0xfb0b85ff94497b3cd0eb478f63dae3598a87e7fb"]
[INFO]: Récupération de tous les enregistrements de transactions depuis PostgreSQL...
[INFO]: Nombre total d'enregistrements existants récupérés: 7745
[INFO]: Nombre de nouvelles transactions à insérer : 0
[INFO]: Aucune nouvelle transaction à insérer.

[2025-03-29T08:00:07.563Z] ========== FIN DE L'EXÉCUTION (STATUT: success) ==========

[2025-03-29T09:00:00.939Z] ========== DÉBUT DE L'EXÉCUTION DE LA TÂCHE: Fetch YAM Transactions History (ID: 6) ==========
[2025-03-29T09:00:06.281Z] [INFO]: ========================================================================================
[INFO]: =============================== YAM Transactions History ===============================
[INFO]: ========================================================================================
[INFO]: Récupération de 88 wallets depuis PostgreSQL.
[INFO]: Accounts récupérés: ["0x027939a7e28873cb74e670efeafe1d40646bc380","0x042e4f113e24e2734100733cfeeae5d7c0ddd15b","0x080379395ad8b32936acfbdcfb4af160a873b927","0x0e955f9ffeead3083eaff8ae7e60479cc173437b","0x15630f70b116c0a0ed73e1d7233cedc94e926b49","0x190a0af96c3f98d3c120860f1a3aef152acb0162","0x19e74a36978a9a37bdbe08f4d8093c31d7c174ce","0x1dc79eb47a762d96889a777dc06634e4f4a7e326","0x24521902825ce358d53e1b778ee115c7082ff5ae","0x24629cea734a84aba57436a4cb2e35d1450b378a","0x25db0ac55d40433bc1482abbeac5b2b0f4252099","0x39c185721fbe8b350363e6b49801305d32485a45","0x3b5b5a2c114246cac80dcb83eb2476f23c12227e","0x462e909e31061298d5a3d15740fed37f81db1e49","0x4ae8c67f5be60e7b833d3cc1f954f0f3a8d5edca","0x4dd57b2dbfbfadbdff109f3914db377d5add414b","0x4efa25f6f418ee9534039ed9448093f39f02f825","0x5f6f0ae3c9ffce2eb60349161dd371554d19be19","0x60226baf4d3020f3714b30b8c1c690a48214734e","0x622344eec92c3de736e19ffbbe6e9cc017b2c6fe","0x6414615e1e3de2518dd1ada5c9b0d1015262acce","0x65dd1da49d64896a8315f61a143de97c6e401f5e","0x661ab2f856c9a858a7d125aa675eb3e1be57c831","0x669582b7e0e2a5487f7a7cd7a375495d367127b8","0x6c35b4f5f62b5c2c0e031a17ffae0b889e4dbdce","0x6fbf924388c74a1a61ad017ead8f4995a3f0ead6","0x78bd96fbd3827e89591cfe7e8f1ea06f73c383ad","0x7a528dba83467b5913eb36c29a570c1243911357","0x7c680620a83bf08de3f37b4d3adbd92750792a0a","0x7e85c39420d9476175042997db1cb28c109b74b7","0x7ee567d2ac5dca4c422281deb1e2334a805ba6c1","0x83cfa4979ca7ed7877e46797b5f5b04bef0f7824","0x84315744d858cbefbd0f24748f61b4ce36c48962","0x8582a4f9a2364bbf58b13820b6475231eaf88e90","0x8ed4b22c2e7489cec9a0597518cdf916947f2978","0x969fafa259f28d8a49d18a3e34dd372e24e17dd0","0x9c8a7d90155ee178ade1b66e0d6b72c4d252447f","0x9efe1dc19d2ead8bed8667af23c7c6ec25f4b43e","0xa59286c2d1ddbaf94ec0f0e55ca502c3aaad7c70","0xb9f7ecdd3475a7bfe4bec60bd70a936ebe1299fd","0xbd64843345158eb68b952fad728b15a8f58b19ed","0xc5aa62a70bedda5beef4caab5a7784b054c5c743","0xc9308110b7782cd23e5ab16bd12b72dd697e0a2e","0xce462148c5dc644085667fb4dcf67722b505d320","0xd8cc1d2da9ba559aff35b80813e9c5526a9caedf","0xda31f8955f9583fe9286f92f7e0ea2aff46e8d3f","0xdabf1adf9b8dfd751fa2d27d0ce616290c553b40","0xde6a9a084393e9a6c3c11220e07baf877252895f","0xe0b7151c2ca832ae78a5de2a3b74a5d962ae0b97","0xe8a7fe3b74b61642a938f217e8c117ff922d5e47","0xec2b230a4513668c7090c9242bd32e5507452175","0xed170ee9717d2845402501ba1a2ad7b0ce201a46","0xee5c6d660a83e086610f2c9ebb88a1de83a856f5","0xf2325289c257139d5ad0e1529a391baac2b91e39","0xfb0b85ff94497b3cd0eb478f63dae3598a87e7fb"]
[INFO]: Récupération de tous les enregistrements de transactions depuis PostgreSQL...
[INFO]: Nombre total d'enregistrements existants récupérés: 7745
[INFO]: Nombre de nouvelles transactions à insérer : 1
[INFO]: Insertion des transactions réussie.

[2025-03-29T09:00:06.281Z] ========== FIN DE L'EXÉCUTION (STATUT: success) ==========

[2025-03-29T10:00:00.296Z] ========== DÉBUT DE L'EXÉCUTION DE LA TÂCHE: Fetch YAM Transactions History (ID: 6) ==========
[2025-03-29T10:00:07.379Z] [INFO]: ========================================================================================
[INFO]: =============================== YAM Transactions History ===============================
[INFO]: ========================================================================================
[INFO]: Récupération de 88 wallets depuis PostgreSQL.
[INFO]: Accounts récupérés: ["0x027939a7e28873cb74e670efeafe1d40646bc380","0x042e4f113e24e2734100733cfeeae5d7c0ddd15b","0x080379395ad8b32936acfbdcfb4af160a873b927","0x0e955f9ffeead3083eaff8ae7e60479cc173437b","0x15630f70b116c0a0ed73e1d7233cedc94e926b49","0x190a0af96c3f98d3c120860f1a3aef152acb0162","0x19e74a36978a9a37bdbe08f4d8093c31d7c174ce","0x1dc79eb47a762d96889a777dc06634e4f4a7e326","0x24521902825ce358d53e1b778ee115c7082ff5ae","0x24629cea734a84aba57436a4cb2e35d1450b378a","0x25db0ac55d40433bc1482abbeac5b2b0f4252099","0x39c185721fbe8b350363e6b49801305d32485a45","0x3b5b5a2c114246cac80dcb83eb2476f23c12227e","0x462e909e31061298d5a3d15740fed37f81db1e49","0x4ae8c67f5be60e7b833d3cc1f954f0f3a8d5edca","0x4dd57b2dbfbfadbdff109f3914db377d5add414b","0x4efa25f6f418ee9534039ed9448093f39f02f825","0x5f6f0ae3c9ffce2eb60349161dd371554d19be19","0x60226baf4d3020f3714b30b8c1c690a48214734e","0x622344eec92c3de736e19ffbbe6e9cc017b2c6fe","0x6414615e1e3de2518dd1ada5c9b0d1015262acce","0x65dd1da49d64896a8315f61a143de97c6e401f5e","0x661ab2f856c9a858a7d125aa675eb3e1be57c831","0x669582b7e0e2a5487f7a7cd7a375495d367127b8","0x6c35b4f5f62b5c2c0e031a17ffae0b889e4dbdce","0x6fbf924388c74a1a61ad017ead8f4995a3f0ead6","0x78bd96fbd3827e89591cfe7e8f1ea06f73c383ad","0x7a528dba83467b5913eb36c29a570c1243911357","0x7c680620a83bf08de3f37b4d3adbd92750792a0a","0x7e85c39420d9476175042997db1cb28c109b74b7","0x7ee567d2ac5dca4c422281deb1e2334a805ba6c1","0x83cfa4979ca7ed7877e46797b5f5b04bef0f7824","0x84315744d858cbefbd0f24748f61b4ce36c48962","0x8582a4f9a2364bbf58b13820b6475231eaf88e90","0x8ed4b22c2e7489cec9a0597518cdf916947f2978","0x969fafa259f28d8a49d18a3e34dd372e24e17dd0","0x9c8a7d90155ee178ade1b66e0d6b72c4d252447f","0x9efe1dc19d2ead8bed8667af23c7c6ec25f4b43e","0xa59286c2d1ddbaf94ec0f0e55ca502c3aaad7c70","0xb9f7ecdd3475a7bfe4bec60bd70a936ebe1299fd","0xbd64843345158eb68b952fad728b15a8f58b19ed","0xc5aa62a70bedda5beef4caab5a7784b054c5c743","0xc9308110b7782cd23e5ab16bd12b72dd697e0a2e","0xce462148c5dc644085667fb4dcf67722b505d320","0xd8cc1d2da9ba559aff35b80813e9c5526a9caedf","0xda31f8955f9583fe9286f92f7e0ea2aff46e8d3f","0xdabf1adf9b8dfd751fa2d27d0ce616290c553b40","0xde6a9a084393e9a6c3c11220e07baf877252895f","0xe0b7151c2ca832ae78a5de2a3b74a5d962ae0b97","0xe8a7fe3b74b61642a938f217e8c117ff922d5e47","0xec2b230a4513668c7090c9242bd32e5507452175","0xed170ee9717d2845402501ba1a2ad7b0ce201a46","0xee5c6d660a83e086610f2c9ebb88a1de83a856f5","0xf2325289c257139d5ad0e1529a391baac2b91e39","0xfb0b85ff94497b3cd0eb478f63dae3598a87e7fb"]
[INFO]: Récupération de tous les enregistrements de transactions depuis PostgreSQL...
[INFO]: Nombre total d'enregistrements existants récupérés: 7746
[INFO]: Nombre de nouvelles transactions à insérer : 0
[INFO]: Aucune nouvelle transaction à insérer.

[2025-03-29T10:00:07.380Z] ========== FIN DE L'EXÉCUTION (STATUT: success) ==========

[2025-03-29T11:00:00.658Z] ========== DÉBUT DE L'EXÉCUTION DE LA TÂCHE: Fetch YAM Transactions History (ID: 6) ==========
[2025-03-29T11:00:05.545Z] [INFO]: ========================================================================================
[INFO]: =============================== YAM Transactions History ===============================
[INFO]: ========================================================================================
[INFO]: Récupération de 91 wallets depuis PostgreSQL.
[INFO]: Accounts récupérés: ["0x027939a7e28873cb74e670efeafe1d40646bc380","0x042e4f113e24e2734100733cfeeae5d7c0ddd15b","0x080379395ad8b32936acfbdcfb4af160a873b927","0x0e955f9ffeead3083eaff8ae7e60479cc173437b","0x15630f70b116c0a0ed73e1d7233cedc94e926b49","0x190a0af96c3f98d3c120860f1a3aef152acb0162","0x19e74a36978a9a37bdbe08f4d8093c31d7c174ce","0x1dc79eb47a762d96889a777dc06634e4f4a7e326","0x24521902825ce358d53e1b778ee115c7082ff5ae","0x24629cea734a84aba57436a4cb2e35d1450b378a","0x25db0ac55d40433bc1482abbeac5b2b0f4252099","0x39c185721fbe8b350363e6b49801305d32485a45","0x3b5b5a2c114246cac80dcb83eb2476f23c12227e","0x462e909e31061298d5a3d15740fed37f81db1e49","0x4ae8c67f5be60e7b833d3cc1f954f0f3a8d5edca","0x4dd57b2dbfbfadbdff109f3914db377d5add414b","0x4efa25f6f418ee9534039ed9448093f39f02f825","0x5050795761c5f4c63d4182ed268d614687134c58","0x54acabc64ec944037f5669bdcf4b535a32a9ed2d","0x5f6f0ae3c9ffce2eb60349161dd371554d19be19","0x60226baf4d3020f3714b30b8c1c690a48214734e","0x622344eec92c3de736e19ffbbe6e9cc017b2c6fe","0x6414615e1e3de2518dd1ada5c9b0d1015262acce","0x65dd1da49d64896a8315f61a143de97c6e401f5e","0x661ab2f856c9a858a7d125aa675eb3e1be57c831","0x669582b7e0e2a5487f7a7cd7a375495d367127b8","0x6c35b4f5f62b5c2c0e031a17ffae0b889e4dbdce","0x6fbf924388c74a1a61ad017ead8f4995a3f0ead6","0x78bd96fbd3827e89591cfe7e8f1ea06f73c383ad","0x7a528dba83467b5913eb36c29a570c1243911357","0x7c680620a83bf08de3f37b4d3adbd92750792a0a","0x7e85c39420d9476175042997db1cb28c109b74b7","0x7ee567d2ac5dca4c422281deb1e2334a805ba6c1","0x83cfa4979ca7ed7877e46797b5f5b04bef0f7824","0x84315744d858cbefbd0f24748f61b4ce36c48962","0x8582a4f9a2364bbf58b13820b6475231eaf88e90","0x8ed4b22c2e7489cec9a0597518cdf916947f2978","0x969fafa259f28d8a49d18a3e34dd372e24e17dd0","0x9c8a7d90155ee178ade1b66e0d6b72c4d252447f","0x9efe1dc19d2ead8bed8667af23c7c6ec25f4b43e","0xa59286c2d1ddbaf94ec0f0e55ca502c3aaad7c70","0xb9f7ecdd3475a7bfe4bec60bd70a936ebe1299fd","0xbd64843345158eb68b952fad728b15a8f58b19ed","0xc5aa62a70bedda5beef4caab5a7784b054c5c743","0xc9308110b7782cd23e5ab16bd12b72dd697e0a2e","0xce462148c5dc644085667fb4dcf67722b505d320","0xd8cc1d2da9ba559aff35b80813e9c5526a9caedf","0xda31f8955f9583fe9286f92f7e0ea2aff46e8d3f","0xdabf1adf9b8dfd751fa2d27d0ce616290c553b40","0xde6a9a084393e9a6c3c11220e07baf877252895f","0xe0b7151c2ca832ae78a5de2a3b74a5d962ae0b97","0xe8a7fe3b74b61642a938f217e8c117ff922d5e47","0xec2b230a4513668c7090c9242bd32e5507452175","0xed170ee9717d2845402501ba1a2ad7b0ce201a46","0xee5c6d660a83e086610f2c9ebb88a1de83a856f5","0xf2325289c257139d5ad0e1529a391baac2b91e39","0xfb0b85ff94497b3cd0eb478f63dae3598a87e7fb"]
[INFO]: Récupération de tous les enregistrements de transactions depuis PostgreSQL...
[INFO]: Nombre total d'enregistrements existants récupérés: 7746
[INFO]: Nombre de nouvelles transactions à insérer : 21
[INFO]: Insertion des transactions réussie.

[2025-03-29T11:00:05.545Z] ========== FIN DE L'EXÉCUTION (STATUT: success) ==========

[2025-03-29T12:00:00.027Z] ========== DÉBUT DE L'EXÉCUTION DE LA TÂCHE: Fetch YAM Transactions History (ID: 6) ==========
[2025-03-29T12:00:04.515Z] [INFO]: ========================================================================================
[INFO]: =============================== YAM Transactions History ===============================
[INFO]: ========================================================================================
[INFO]: Récupération de 94 wallets depuis PostgreSQL.
[INFO]: Accounts récupérés: ["0x027939a7e28873cb74e670efeafe1d40646bc380","0x042e4f113e24e2734100733cfeeae5d7c0ddd15b","0x080379395ad8b32936acfbdcfb4af160a873b927","0x0e955f9ffeead3083eaff8ae7e60479cc173437b","0x15630f70b116c0a0ed73e1d7233cedc94e926b49","0x166ed9f7a56053c7c4e77cb0c91a9e46bbc5e8b0","0x190a0af96c3f98d3c120860f1a3aef152acb0162","0x19e74a36978a9a37bdbe08f4d8093c31d7c174ce","0x1dc79eb47a762d96889a777dc06634e4f4a7e326","0x24521902825ce358d53e1b778ee115c7082ff5ae","0x24629cea734a84aba57436a4cb2e35d1450b378a","0x25db0ac55d40433bc1482abbeac5b2b0f4252099","0x39c185721fbe8b350363e6b49801305d32485a45","0x3b5b5a2c114246cac80dcb83eb2476f23c12227e","0x462e909e31061298d5a3d15740fed37f81db1e49","0x4ae8c67f5be60e7b833d3cc1f954f0f3a8d5edca","0x4dd57b2dbfbfadbdff109f3914db377d5add414b","0x4efa25f6f418ee9534039ed9448093f39f02f825","0x5050795761c5f4c63d4182ed268d614687134c58","0x54acabc64ec944037f5669bdcf4b535a32a9ed2d","0x57967c915a9940f43b23307f2fd388872527cc2e","0x5f6f0ae3c9ffce2eb60349161dd371554d19be19","0x60226baf4d3020f3714b30b8c1c690a48214734e","0x622344eec92c3de736e19ffbbe6e9cc017b2c6fe","0x6414615e1e3de2518dd1ada5c9b0d1015262acce","0x65dd1da49d64896a8315f61a143de97c6e401f5e","0x661ab2f856c9a858a7d125aa675eb3e1be57c831","0x669582b7e0e2a5487f7a7cd7a375495d367127b8","0x6c35b4f5f62b5c2c0e031a17ffae0b889e4dbdce","0x6fbf924388c74a1a61ad017ead8f4995a3f0ead6","0x78bd96fbd3827e89591cfe7e8f1ea06f73c383ad","0x7a528dba83467b5913eb36c29a570c1243911357","0x7c680620a83bf08de3f37b4d3adbd92750792a0a","0x7e85c39420d9476175042997db1cb28c109b74b7","0x7ee567d2ac5dca4c422281deb1e2334a805ba6c1","0x83cfa4979ca7ed7877e46797b5f5b04bef0f7824","0x84315744d858cbefbd0f24748f61b4ce36c48962","0x8582a4f9a2364bbf58b13820b6475231eaf88e90","0x8ed4b22c2e7489cec9a0597518cdf916947f2978","0x969fafa259f28d8a49d18a3e34dd372e24e17dd0","0x9c8a7d90155ee178ade1b66e0d6b72c4d252447f","0x9efe1dc19d2ead8bed8667af23c7c6ec25f4b43e","0xa59286c2d1ddbaf94ec0f0e55ca502c3aaad7c70","0xb9f7ecdd3475a7bfe4bec60bd70a936ebe1299fd","0xbd64843345158eb68b952fad728b15a8f58b19ed","0xc5aa62a70bedda5beef4caab5a7784b054c5c743","0xc9308110b7782cd23e5ab16bd12b72dd697e0a2e","0xce462148c5dc644085667fb4dcf67722b505d320","0xd8cc1d2da9ba559aff35b80813e9c5526a9caedf","0xda31f8955f9583fe9286f92f7e0ea2aff46e8d3f","0xdabf1adf9b8dfd751fa2d27d0ce616290c553b40","0xde6a9a084393e9a6c3c11220e07baf877252895f","0xe0b7151c2ca832ae78a5de2a3b74a5d962ae0b97","0xe8a7fe3b74b61642a938f217e8c117ff922d5e47","0xec2b230a4513668c7090c9242bd32e5507452175","0xed170ee9717d2845402501ba1a2ad7b0ce201a46","0xee5c6d660a83e086610f2c9ebb88a1de83a856f5","0xf2325289c257139d5ad0e1529a391baac2b91e39","0xfb0b85ff94497b3cd0eb478f63dae3598a87e7fb"]
[INFO]: Récupération de tous les enregistrements de transactions depuis PostgreSQL...
[INFO]: Nombre total d'enregistrements existants récupérés: 7767
[INFO]: Nombre de nouvelles transactions à insérer : 13
[INFO]: Insertion des transactions réussie.

[2025-03-29T12:00:04.515Z] ========== FIN DE L'EXÉCUTION (STATUT: success) ==========

[2025-03-29T13:00:00.355Z] ========== DÉBUT DE L'EXÉCUTION DE LA TÂCHE: Fetch YAM Transactions History (ID: 6) ==========
[2025-03-29T13:00:04.841Z] [INFO]: ========================================================================================
[INFO]: =============================== YAM Transactions History ===============================
[INFO]: ========================================================================================
[INFO]: Récupération de 101 wallets depuis PostgreSQL.
[INFO]: Accounts récupérés: ["0x027939a7e28873cb74e670efeafe1d40646bc380","0x042e4f113e24e2734100733cfeeae5d7c0ddd15b","0x080379395ad8b32936acfbdcfb4af160a873b927","0x0e955f9ffeead3083eaff8ae7e60479cc173437b","0x15630f70b116c0a0ed73e1d7233cedc94e926b49","0x166ed9f7a56053c7c4e77cb0c91a9e46bbc5e8b0","0x190a0af96c3f98d3c120860f1a3aef152acb0162","0x19e74a36978a9a37bdbe08f4d8093c31d7c174ce","0x1dc79eb47a762d96889a777dc06634e4f4a7e326","0x24521902825ce358d53e1b778ee115c7082ff5ae","0x24629cea734a84aba57436a4cb2e35d1450b378a","0x25db0ac55d40433bc1482abbeac5b2b0f4252099","0x35fecac0b11b4e3e87b1fdf448050957d4b1b24d","0x39c185721fbe8b350363e6b49801305d32485a45","0x3b5b5a2c114246cac80dcb83eb2476f23c12227e","0x4025aa0c62b973cd6a08e9a09755495647c0d1b3","0x462e909e31061298d5a3d15740fed37f81db1e49","0x4ae8c67f5be60e7b833d3cc1f954f0f3a8d5edca","0x4dd57b2dbfbfadbdff109f3914db377d5add414b","0x4efa25f6f418ee9534039ed9448093f39f02f825","0x5050795761c5f4c63d4182ed268d614687134c58","0x54acabc64ec944037f5669bdcf4b535a32a9ed2d","0x57967c915a9940f43b23307f2fd388872527cc2e","0x5f6f0ae3c9ffce2eb60349161dd371554d19be19","0x60226baf4d3020f3714b30b8c1c690a48214734e","0x622344eec92c3de736e19ffbbe6e9cc017b2c6fe","0x6414615e1e3de2518dd1ada5c9b0d1015262acce","0x65dd1da49d64896a8315f61a143de97c6e401f5e","0x661ab2f856c9a858a7d125aa675eb3e1be57c831","0x669582b7e0e2a5487f7a7cd7a375495d367127b8","0x6c35b4f5f62b5c2c0e031a17ffae0b889e4dbdce","0x6fbf924388c74a1a61ad017ead8f4995a3f0ead6","0x78bd96fbd3827e89591cfe7e8f1ea06f73c383ad","0x7a528dba83467b5913eb36c29a570c1243911357","0x7c680620a83bf08de3f37b4d3adbd92750792a0a","0x7e85c39420d9476175042997db1cb28c109b74b7","0x7ee567d2ac5dca4c422281deb1e2334a805ba6c1","0x83cfa4979ca7ed7877e46797b5f5b04bef0f7824","0x84315744d858cbefbd0f24748f61b4ce36c48962","0x8582a4f9a2364bbf58b13820b6475231eaf88e90","0x8ed4b22c2e7489cec9a0597518cdf916947f2978","0x969fafa259f28d8a49d18a3e34dd372e24e17dd0","0x9c8a7d90155ee178ade1b66e0d6b72c4d252447f","0x9d008edfe846d435796886fd8e8a2824189d81f3","0x9efe1dc19d2ead8bed8667af23c7c6ec25f4b43e","0xa59286c2d1ddbaf94ec0f0e55ca502c3aaad7c70","0xb354af60d85e5fe431facdbb9388e4e4f70e1bbd","0xb9f7ecdd3475a7bfe4bec60bd70a936ebe1299fd","0xbd64843345158eb68b952fad728b15a8f58b19ed","0xc5aa62a70bedda5beef4caab5a7784b054c5c743","0xc6eedfcbb3b44cfe4e8424be34fcab4ed73036a1","0xc9308110b7782cd23e5ab16bd12b72dd697e0a2e","0xce462148c5dc644085667fb4dcf67722b505d320","0xd8cc1d2da9ba559aff35b80813e9c5526a9caedf","0xda31f8955f9583fe9286f92f7e0ea2aff46e8d3f","0xdabf1adf9b8dfd751fa2d27d0ce616290c553b40","0xde6a9a084393e9a6c3c11220e07baf877252895f","0xe0b7151c2ca832ae78a5de2a3b74a5d962ae0b97","0xe8a7fe3b74b61642a938f217e8c117ff922d5e47","0xec2b230a4513668c7090c9242bd32e5507452175","0xed170ee9717d2845402501ba1a2ad7b0ce201a46","0xee5c6d660a83e086610f2c9ebb88a1de83a856f5","0xf2325289c257139d5ad0e1529a391baac2b91e39","0xfb0b85ff94497b3cd0eb478f63dae3598a87e7fb"]
[INFO]: Récupération de tous les enregistrements de transactions depuis PostgreSQL...
[INFO]: Nombre total d'enregistrements existants récupérés: 9030
[INFO]: Nombre de nouvelles transactions à insérer : 131
[INFO]: Insertion des transactions réussie.

[2025-03-29T13:00:04.842Z] ========== FIN DE L'EXÉCUTION (STATUT: success) ==========

[2025-03-29T14:00:00.694Z] ========== DÉBUT DE L'EXÉCUTION DE LA TÂCHE: Fetch YAM Transactions History (ID: 6) ==========
[2025-03-29T14:00:06.221Z] [INFO]: ========================================================================================
[INFO]: =============================== YAM Transactions History ===============================
[INFO]: ========================================================================================
[INFO]: Récupération de 102 wallets depuis PostgreSQL.
[INFO]: Accounts récupérés: ["0x027939a7e28873cb74e670efeafe1d40646bc380","0x042e4f113e24e2734100733cfeeae5d7c0ddd15b","0x080379395ad8b32936acfbdcfb4af160a873b927","0x0e955f9ffeead3083eaff8ae7e60479cc173437b","0x15630f70b116c0a0ed73e1d7233cedc94e926b49","0x166ed9f7a56053c7c4e77cb0c91a9e46bbc5e8b0","0x190a0af96c3f98d3c120860f1a3aef152acb0162","0x19e74a36978a9a37bdbe08f4d8093c31d7c174ce","0x1dc79eb47a762d96889a777dc06634e4f4a7e326","0x24521902825ce358d53e1b778ee115c7082ff5ae","0x24629cea734a84aba57436a4cb2e35d1450b378a","0x25db0ac55d40433bc1482abbeac5b2b0f4252099","0x35fecac0b11b4e3e87b1fdf448050957d4b1b24d","0x39c185721fbe8b350363e6b49801305d32485a45","0x3b5b5a2c114246cac80dcb83eb2476f23c12227e","0x4025aa0c62b973cd6a08e9a09755495647c0d1b3","0x462e909e31061298d5a3d15740fed37f81db1e49","0x4ae8c67f5be60e7b833d3cc1f954f0f3a8d5edca","0x4dd57b2dbfbfadbdff109f3914db377d5add414b","0x4efa25f6f418ee9534039ed9448093f39f02f825","0x5050795761c5f4c63d4182ed268d614687134c58","0x54acabc64ec944037f5669bdcf4b535a32a9ed2d","0x57967c915a9940f43b23307f2fd388872527cc2e","0x5f6f0ae3c9ffce2eb60349161dd371554d19be19","0x60226baf4d3020f3714b30b8c1c690a48214734e","0x622344eec92c3de736e19ffbbe6e9cc017b2c6fe","0x6414615e1e3de2518dd1ada5c9b0d1015262acce","0x65dd1da49d64896a8315f61a143de97c6e401f5e","0x661ab2f856c9a858a7d125aa675eb3e1be57c831","0x669582b7e0e2a5487f7a7cd7a375495d367127b8","0x6c35b4f5f62b5c2c0e031a17ffae0b889e4dbdce","0x6fbf924388c74a1a61ad017ead8f4995a3f0ead6","0x78bd96fbd3827e89591cfe7e8f1ea06f73c383ad","0x7a528dba83467b5913eb36c29a570c1243911357","0x7c680620a83bf08de3f37b4d3adbd92750792a0a","0x7e85c39420d9476175042997db1cb28c109b74b7","0x7ee567d2ac5dca4c422281deb1e2334a805ba6c1","0x83cfa4979ca7ed7877e46797b5f5b04bef0f7824","0x84315744d858cbefbd0f24748f61b4ce36c48962","0x8582a4f9a2364bbf58b13820b6475231eaf88e90","0x88b1ff64153a6c9644142e546d2047d026bdb9e9","0x8ed4b22c2e7489cec9a0597518cdf916947f2978","0x969fafa259f28d8a49d18a3e34dd372e24e17dd0","0x9c8a7d90155ee178ade1b66e0d6b72c4d252447f","0x9d008edfe846d435796886fd8e8a2824189d81f3","0x9efe1dc19d2ead8bed8667af23c7c6ec25f4b43e","0xa59286c2d1ddbaf94ec0f0e55ca502c3aaad7c70","0xb354af60d85e5fe431facdbb9388e4e4f70e1bbd","0xb9f7ecdd3475a7bfe4bec60bd70a936ebe1299fd","0xbd64843345158eb68b952fad728b15a8f58b19ed","0xc5aa62a70bedda5beef4caab5a7784b054c5c743","0xc6eedfcbb3b44cfe4e8424be34fcab4ed73036a1","0xc9308110b7782cd23e5ab16bd12b72dd697e0a2e","0xce462148c5dc644085667fb4dcf67722b505d320","0xd8cc1d2da9ba559aff35b80813e9c5526a9caedf","0xda31f8955f9583fe9286f92f7e0ea2aff46e8d3f","0xdabf1adf9b8dfd751fa2d27d0ce616290c553b40","0xde6a9a084393e9a6c3c11220e07baf877252895f","0xe0b7151c2ca832ae78a5de2a3b74a5d962ae0b97","0xe8a7fe3b74b61642a938f217e8c117ff922d5e47","0xec2b230a4513668c7090c9242bd32e5507452175","0xed170ee9717d2845402501ba1a2ad7b0ce201a46","0xee5c6d660a83e086610f2c9ebb88a1de83a856f5","0xf2325289c257139d5ad0e1529a391baac2b91e39","0xfb0b85ff94497b3cd0eb478f63dae3598a87e7fb"]
[INFO]: Récupération de tous les enregistrements de transactions depuis PostgreSQL...
[INFO]: Nombre total d'enregistrements existants récupérés: 9161
[INFO]: Nombre de nouvelles transactions à insérer : 2
[INFO]: Insertion des transactions réussie.

[2025-03-29T14:00:06.221Z] ========== FIN DE L'EXÉCUTION (STATUT: success) ==========

[2025-03-29T15:00:00.044Z] ========== DÉBUT DE L'EXÉCUTION DE LA TÂCHE: Fetch YAM Transactions History (ID: 6) ==========
[2025-03-29T15:00:05.668Z] [INFO]: ========================================================================================
[INFO]: =============================== YAM Transactions History ===============================
[INFO]: ========================================================================================
[INFO]: Récupération de 103 wallets depuis PostgreSQL.
[INFO]: Accounts récupérés: ["0x027939a7e28873cb74e670efeafe1d40646bc380","0x042e4f113e24e2734100733cfeeae5d7c0ddd15b","0x080379395ad8b32936acfbdcfb4af160a873b927","0x0e955f9ffeead3083eaff8ae7e60479cc173437b","0x15630f70b116c0a0ed73e1d7233cedc94e926b49","0x166ed9f7a56053c7c4e77cb0c91a9e46bbc5e8b0","0x190a0af96c3f98d3c120860f1a3aef152acb0162","0x19e74a36978a9a37bdbe08f4d8093c31d7c174ce","0x1dc79eb47a762d96889a777dc06634e4f4a7e326","0x24521902825ce358d53e1b778ee115c7082ff5ae","0x24629cea734a84aba57436a4cb2e35d1450b378a","0x25db0ac55d40433bc1482abbeac5b2b0f4252099","0x35fecac0b11b4e3e87b1fdf448050957d4b1b24d","0x39c185721fbe8b350363e6b49801305d32485a45","0x3b5b5a2c114246cac80dcb83eb2476f23c12227e","0x4025aa0c62b973cd6a08e9a09755495647c0d1b3","0x462e909e31061298d5a3d15740fed37f81db1e49","0x4ae8c67f5be60e7b833d3cc1f954f0f3a8d5edca","0x4dd57b2dbfbfadbdff109f3914db377d5add414b","0x4efa25f6f418ee9534039ed9448093f39f02f825","0x5050795761c5f4c63d4182ed268d614687134c58","0x54acabc64ec944037f5669bdcf4b535a32a9ed2d","0x57967c915a9940f43b23307f2fd388872527cc2e","0x5f6f0ae3c9ffce2eb60349161dd371554d19be19","0x60226baf4d3020f3714b30b8c1c690a48214734e","0x622344eec92c3de736e19ffbbe6e9cc017b2c6fe","0x6414615e1e3de2518dd1ada5c9b0d1015262acce","0x65dd1da49d64896a8315f61a143de97c6e401f5e","0x661ab2f856c9a858a7d125aa675eb3e1be57c831","0x669582b7e0e2a5487f7a7cd7a375495d367127b8","0x6c35b4f5f62b5c2c0e031a17ffae0b889e4dbdce","0x6fbf924388c74a1a61ad017ead8f4995a3f0ead6","0x78bd96fbd3827e89591cfe7e8f1ea06f73c383ad","0x7a528dba83467b5913eb36c29a570c1243911357","0x7c680620a83bf08de3f37b4d3adbd92750792a0a","0x7e85c39420d9476175042997db1cb28c109b74b7","0x7ee567d2ac5dca4c422281deb1e2334a805ba6c1","0x83cfa4979ca7ed7877e46797b5f5b04bef0f7824","0x83fc27bc5fa8d6465b56cc77a4e28b1b8ce60e71","0x84315744d858cbefbd0f24748f61b4ce36c48962","0x8582a4f9a2364bbf58b13820b6475231eaf88e90","0x88b1ff64153a6c9644142e546d2047d026bdb9e9","0x8ed4b22c2e7489cec9a0597518cdf916947f2978","0x969fafa259f28d8a49d18a3e34dd372e24e17dd0","0x9c8a7d90155ee178ade1b66e0d6b72c4d252447f","0x9d008edfe846d435796886fd8e8a2824189d81f3","0x9efe1dc19d2ead8bed8667af23c7c6ec25f4b43e","0xa59286c2d1ddbaf94ec0f0e55ca502c3aaad7c70","0xb354af60d85e5fe431facdbb9388e4e4f70e1bbd","0xb9f7ecdd3475a7bfe4bec60bd70a936ebe1299fd","0xbd64843345158eb68b952fad728b15a8f58b19ed","0xc5aa62a70bedda5beef4caab5a7784b054c5c743","0xc6eedfcbb3b44cfe4e8424be34fcab4ed73036a1","0xc9308110b7782cd23e5ab16bd12b72dd697e0a2e","0xce462148c5dc644085667fb4dcf67722b505d320","0xd8cc1d2da9ba559aff35b80813e9c5526a9caedf","0xda31f8955f9583fe9286f92f7e0ea2aff46e8d3f","0xdabf1adf9b8dfd751fa2d27d0ce616290c553b40","0xde6a9a084393e9a6c3c11220e07baf877252895f","0xe0b7151c2ca832ae78a5de2a3b74a5d962ae0b97","0xe8a7fe3b74b61642a938f217e8c117ff922d5e47","0xec2b230a4513668c7090c9242bd32e5507452175","0xed170ee9717d2845402501ba1a2ad7b0ce201a46","0xee5c6d660a83e086610f2c9ebb88a1de83a856f5","0xf2325289c257139d5ad0e1529a391baac2b91e39","0xfb0b85ff94497b3cd0eb478f63dae3598a87e7fb"]
[INFO]: Récupération de tous les enregistrements de transactions depuis PostgreSQL...
[INFO]: Nombre total d'enregistrements existants récupérés: 9163
[INFO]: Nombre de nouvelles transactions à insérer : 13
[INFO]: Insertion des transactions réussie.

[2025-03-29T15:00:05.668Z] ========== FIN DE L'EXÉCUTION (STATUT: success) ==========

[2025-03-29T16:00:00.339Z] ========== DÉBUT DE L'EXÉCUTION DE LA TÂCHE: Fetch YAM Transactions History (ID: 6) ==========
[2025-03-29T16:00:07.011Z] [INFO]: ========================================================================================
[INFO]: =============================== YAM Transactions History ===============================
[INFO]: ========================================================================================
[INFO]: Récupération de 110 wallets depuis PostgreSQL.
[INFO]: Accounts récupérés: ["0x027939a7e28873cb74e670efeafe1d40646bc380","0x042e4f113e24e2734100733cfeeae5d7c0ddd15b","0x080379395ad8b32936acfbdcfb4af160a873b927","0x0e955f9ffeead3083eaff8ae7e60479cc173437b","0x15630f70b116c0a0ed73e1d7233cedc94e926b49","0x166ed9f7a56053c7c4e77cb0c91a9e46bbc5e8b0","0x190a0af96c3f98d3c120860f1a3aef152acb0162","0x19e74a36978a9a37bdbe08f4d8093c31d7c174ce","0x1dc79eb47a762d96889a777dc06634e4f4a7e326","0x24521902825ce358d53e1b778ee115c7082ff5ae","0x24629cea734a84aba57436a4cb2e35d1450b378a","0x25db0ac55d40433bc1482abbeac5b2b0f4252099","0x35fecac0b11b4e3e87b1fdf448050957d4b1b24d","0x39c185721fbe8b350363e6b49801305d32485a45","0x3b5b5a2c114246cac80dcb83eb2476f23c12227e","0x4025aa0c62b973cd6a08e9a09755495647c0d1b3","0x462e909e31061298d5a3d15740fed37f81db1e49","0x4ae8c67f5be60e7b833d3cc1f954f0f3a8d5edca","0x4dd57b2dbfbfadbdff109f3914db377d5add414b","0x4efa25f6f418ee9534039ed9448093f39f02f825","0x5050795761c5f4c63d4182ed268d614687134c58","0x54acabc64ec944037f5669bdcf4b535a32a9ed2d","0x57967c915a9940f43b23307f2fd388872527cc2e","0x5f6f0ae3c9ffce2eb60349161dd371554d19be19","0x60226baf4d3020f3714b30b8c1c690a48214734e","0x622344eec92c3de736e19ffbbe6e9cc017b2c6fe","0x6414615e1e3de2518dd1ada5c9b0d1015262acce","0x65dd1da49d64896a8315f61a143de97c6e401f5e","0x661ab2f856c9a858a7d125aa675eb3e1be57c831","0x669582b7e0e2a5487f7a7cd7a375495d367127b8","0x6c35b4f5f62b5c2c0e031a17ffae0b889e4dbdce","0x6fbf924388c74a1a61ad017ead8f4995a3f0ead6","0x78bd96fbd3827e89591cfe7e8f1ea06f73c383ad","0x7a528dba83467b5913eb36c29a570c1243911357","0x7c680620a83bf08de3f37b4d3adbd92750792a0a","0x7e85c39420d9476175042997db1cb28c109b74b7","0x7ee567d2ac5dca4c422281deb1e2334a805ba6c1","0x83cfa4979ca7ed7877e46797b5f5b04bef0f7824","0x83fc27bc5fa8d6465b56cc77a4e28b1b8ce60e71","0x84315744d858cbefbd0f24748f61b4ce36c48962","0x8582a4f9a2364bbf58b13820b6475231eaf88e90","0x88b1ff64153a6c9644142e546d2047d026bdb9e9","0x8ed4b22c2e7489cec9a0597518cdf916947f2978","0x969fafa259f28d8a49d18a3e34dd372e24e17dd0","0x9c8a7d90155ee178ade1b66e0d6b72c4d252447f","0x9d008edfe846d435796886fd8e8a2824189d81f3","0x9efe1dc19d2ead8bed8667af23c7c6ec25f4b43e","0xa0b3b1532b0bf2c8945ac429f91a642580ede166","0xa59286c2d1ddbaf94ec0f0e55ca502c3aaad7c70","0xab00ae8650dcf90c6a5b5a4e3d64a0854e54af94","0xb354af60d85e5fe431facdbb9388e4e4f70e1bbd","0xb9f7ecdd3475a7bfe4bec60bd70a936ebe1299fd","0xbd64843345158eb68b952fad728b15a8f58b19ed","0xc5aa62a70bedda5beef4caab5a7784b054c5c743","0xc6eedfcbb3b44cfe4e8424be34fcab4ed73036a1","0xc83e2e3becaadb048ce41db954f96fe852b25b0d","0xc9308110b7782cd23e5ab16bd12b72dd697e0a2e","0xce462148c5dc644085667fb4dcf67722b505d320","0xd8cc1d2da9ba559aff35b80813e9c5526a9caedf","0xda31f8955f9583fe9286f92f7e0ea2aff46e8d3f","0xdabf1adf9b8dfd751fa2d27d0ce616290c553b40","0xde6a9a084393e9a6c3c11220e07baf877252895f","0xe0b7151c2ca832ae78a5de2a3b74a5d962ae0b97","0xe8a7fe3b74b61642a938f217e8c117ff922d5e47","0xec2b230a4513668c7090c9242bd32e5507452175","0xed170ee9717d2845402501ba1a2ad7b0ce201a46","0xee5c6d660a83e086610f2c9ebb88a1de83a856f5","0xf2325289c257139d5ad0e1529a391baac2b91e39","0xfb0b85ff94497b3cd0eb478f63dae3598a87e7fb"]
[INFO]: Récupération de tous les enregistrements de transactions depuis PostgreSQL...
[INFO]: Nombre total d'enregistrements existants récupérés: 9176
[INFO]: Nombre de nouvelles transactions à insérer : 137
[INFO]: Insertion des transactions réussie.

[2025-03-29T16:00:07.011Z] ========== FIN DE L'EXÉCUTION (STATUT: success) ==========

[2025-03-29T17:00:00.683Z] ========== DÉBUT DE L'EXÉCUTION DE LA TÂCHE: Fetch YAM Transactions History (ID: 6) ==========
[2025-03-29T17:00:06.903Z] [INFO]: ========================================================================================
[INFO]: =============================== YAM Transactions History ===============================
[INFO]: ========================================================================================
[INFO]: Récupération de 114 wallets depuis PostgreSQL.
[INFO]: Accounts récupérés: ["0x027939a7e28873cb74e670efeafe1d40646bc380","0x042e4f113e24e2734100733cfeeae5d7c0ddd15b","0x080379395ad8b32936acfbdcfb4af160a873b927","0x0e955f9ffeead3083eaff8ae7e60479cc173437b","0x15630f70b116c0a0ed73e1d7233cedc94e926b49","0x166ed9f7a56053c7c4e77cb0c91a9e46bbc5e8b0","0x190a0af96c3f98d3c120860f1a3aef152acb0162","0x19e74a36978a9a37bdbe08f4d8093c31d7c174ce","0x1dc79eb47a762d96889a777dc06634e4f4a7e326","0x24521902825ce358d53e1b778ee115c7082ff5ae","0x24629cea734a84aba57436a4cb2e35d1450b378a","0x25db0ac55d40433bc1482abbeac5b2b0f4252099","0x35fecac0b11b4e3e87b1fdf448050957d4b1b24d","0x39c185721fbe8b350363e6b49801305d32485a45","0x3b5b5a2c114246cac80dcb83eb2476f23c12227e","0x4025aa0c62b973cd6a08e9a09755495647c0d1b3","0x462e909e31061298d5a3d15740fed37f81db1e49","0x4ae8c67f5be60e7b833d3cc1f954f0f3a8d5edca","0x4dd57b2dbfbfadbdff109f3914db377d5add414b","0x4efa25f6f418ee9534039ed9448093f39f02f825","0x5050795761c5f4c63d4182ed268d614687134c58","0x54acabc64ec944037f5669bdcf4b535a32a9ed2d","0x57967c915a9940f43b23307f2fd388872527cc2e","0x5f6f0ae3c9ffce2eb60349161dd371554d19be19","0x60226baf4d3020f3714b30b8c1c690a48214734e","0x622344eec92c3de736e19ffbbe6e9cc017b2c6fe","0x6414615e1e3de2518dd1ada5c9b0d1015262acce","0x65dd1da49d64896a8315f61a143de97c6e401f5e","0x661ab2f856c9a858a7d125aa675eb3e1be57c831","0x669582b7e0e2a5487f7a7cd7a375495d367127b8","0x6c35b4f5f62b5c2c0e031a17ffae0b889e4dbdce","0x6fbf924388c74a1a61ad017ead8f4995a3f0ead6","0x78bd96fbd3827e89591cfe7e8f1ea06f73c383ad","0x7a528dba83467b5913eb36c29a570c1243911357","0x7c680620a83bf08de3f37b4d3adbd92750792a0a","0x7e1d150bc5be5ada087dbf87408475a968ed0542","0x7e85c39420d9476175042997db1cb28c109b74b7","0x7ee567d2ac5dca4c422281deb1e2334a805ba6c1","0x83cfa4979ca7ed7877e46797b5f5b04bef0f7824","0x83fc27bc5fa8d6465b56cc77a4e28b1b8ce60e71","0x84315744d858cbefbd0f24748f61b4ce36c48962","0x8582a4f9a2364bbf58b13820b6475231eaf88e90","0x88b1ff64153a6c9644142e546d2047d026bdb9e9","0x8ed4b22c2e7489cec9a0597518cdf916947f2978","0x969fafa259f28d8a49d18a3e34dd372e24e17dd0","0x9c8a7d90155ee178ade1b66e0d6b72c4d252447f","0x9d008edfe846d435796886fd8e8a2824189d81f3","0x9efe1dc19d2ead8bed8667af23c7c6ec25f4b43e","0xa0b3b1532b0bf2c8945ac429f91a642580ede166","0xa59286c2d1ddbaf94ec0f0e55ca502c3aaad7c70","0xab00ae8650dcf90c6a5b5a4e3d64a0854e54af94","0xb354af60d85e5fe431facdbb9388e4e4f70e1bbd","0xb9f7ecdd3475a7bfe4bec60bd70a936ebe1299fd","0xbd64843345158eb68b952fad728b15a8f58b19ed","0xc5aa62a70bedda5beef4caab5a7784b054c5c743","0xc6eedfcbb3b44cfe4e8424be34fcab4ed73036a1","0xc83e2e3becaadb048ce41db954f96fe852b25b0d","0xc8b5b0ea995b12da364bb216652302a5161bcd85","0xc9308110b7782cd23e5ab16bd12b72dd697e0a2e","0xce462148c5dc644085667fb4dcf67722b505d320","0xd8cc1d2da9ba559aff35b80813e9c5526a9caedf","0xda31f8955f9583fe9286f92f7e0ea2aff46e8d3f","0xdabf1adf9b8dfd751fa2d27d0ce616290c553b40","0xde6a9a084393e9a6c3c11220e07baf877252895f","0xe0b7151c2ca832ae78a5de2a3b74a5d962ae0b97","0xe8a7fe3b74b61642a938f217e8c117ff922d5e47","0xec2b230a4513668c7090c9242bd32e5507452175","0xed170ee9717d2845402501ba1a2ad7b0ce201a46","0xee5c6d660a83e086610f2c9ebb88a1de83a856f5","0xf2325289c257139d5ad0e1529a391baac2b91e39","0xfb0b85ff94497b3cd0eb478f63dae3598a87e7fb"]
[INFO]: Récupération de tous les enregistrements de transactions depuis PostgreSQL...
[INFO]: Nombre total d'enregistrements existants récupérés: 9391
[INFO]: Nombre de nouvelles transactions à insérer : 2
[INFO]: Insertion des transactions réussie.

[2025-03-29T17:00:06.903Z] ========== FIN DE L'EXÉCUTION (STATUT: success) ==========

[2025-03-29T18:00:00.034Z] ========== DÉBUT DE L'EXÉCUTION DE LA TÂCHE: Fetch YAM Transactions History (ID: 6) ==========
[2025-03-29T18:00:06.254Z] [INFO]: ========================================================================================
[INFO]: =============================== YAM Transactions History ===============================
[INFO]: ========================================================================================
[INFO]: Récupération de 115 wallets depuis PostgreSQL.
[INFO]: Accounts récupérés: ["0x027939a7e28873cb74e670efeafe1d40646bc380","0x042e4f113e24e2734100733cfeeae5d7c0ddd15b","0x080379395ad8b32936acfbdcfb4af160a873b927","0x0e955f9ffeead3083eaff8ae7e60479cc173437b","0x15630f70b116c0a0ed73e1d7233cedc94e926b49","0x166ed9f7a56053c7c4e77cb0c91a9e46bbc5e8b0","0x190a0af96c3f98d3c120860f1a3aef152acb0162","0x19e74a36978a9a37bdbe08f4d8093c31d7c174ce","0x1dc79eb47a762d96889a777dc06634e4f4a7e326","0x24521902825ce358d53e1b778ee115c7082ff5ae","0x24629cea734a84aba57436a4cb2e35d1450b378a","0x25db0ac55d40433bc1482abbeac5b2b0f4252099","0x35fecac0b11b4e3e87b1fdf448050957d4b1b24d","0x39c185721fbe8b350363e6b49801305d32485a45","0x3b5b5a2c114246cac80dcb83eb2476f23c12227e","0x4025aa0c62b973cd6a08e9a09755495647c0d1b3","0x462e909e31061298d5a3d15740fed37f81db1e49","0x4ae8c67f5be60e7b833d3cc1f954f0f3a8d5edca","0x4dd57b2dbfbfadbdff109f3914db377d5add414b","0x4efa25f6f418ee9534039ed9448093f39f02f825","0x5050795761c5f4c63d4182ed268d614687134c58","0x54acabc64ec944037f5669bdcf4b535a32a9ed2d","0x57967c915a9940f43b23307f2fd388872527cc2e","0x5f6f0ae3c9ffce2eb60349161dd371554d19be19","0x60226baf4d3020f3714b30b8c1c690a48214734e","0x622344eec92c3de736e19ffbbe6e9cc017b2c6fe","0x6414615e1e3de2518dd1ada5c9b0d1015262acce","0x65dd1da49d64896a8315f61a143de97c6e401f5e","0x661ab2f856c9a858a7d125aa675eb3e1be57c831","0x669582b7e0e2a5487f7a7cd7a375495d367127b8","0x6c35b4f5f62b5c2c0e031a17ffae0b889e4dbdce","0x6fbf924388c74a1a61ad017ead8f4995a3f0ead6","0x78bd96fbd3827e89591cfe7e8f1ea06f73c383ad","0x7a528dba83467b5913eb36c29a570c1243911357","0x7c680620a83bf08de3f37b4d3adbd92750792a0a","0x7e1d150bc5be5ada087dbf87408475a968ed0542","0x7e85c39420d9476175042997db1cb28c109b74b7","0x7ee567d2ac5dca4c422281deb1e2334a805ba6c1","0x83cfa4979ca7ed7877e46797b5f5b04bef0f7824","0x83fc27bc5fa8d6465b56cc77a4e28b1b8ce60e71","0x84315744d858cbefbd0f24748f61b4ce36c48962","0x8582a4f9a2364bbf58b13820b6475231eaf88e90","0x88b1ff64153a6c9644142e546d2047d026bdb9e9","0x8ed4b22c2e7489cec9a0597518cdf916947f2978","0x969fafa259f28d8a49d18a3e34dd372e24e17dd0","0x9c8a7d90155ee178ade1b66e0d6b72c4d252447f","0x9d008edfe846d435796886fd8e8a2824189d81f3","0x9efe1dc19d2ead8bed8667af23c7c6ec25f4b43e","0xa0b3b1532b0bf2c8945ac429f91a642580ede166","0xa59286c2d1ddbaf94ec0f0e55ca502c3aaad7c70","0xab00ae8650dcf90c6a5b5a4e3d64a0854e54af94","0xb354af60d85e5fe431facdbb9388e4e4f70e1bbd","0xb9f7ecdd3475a7bfe4bec60bd70a936ebe1299fd","0xbd64843345158eb68b952fad728b15a8f58b19ed","0xc5aa62a70bedda5beef4caab5a7784b054c5c743","0xc6eedfcbb3b44cfe4e8424be34fcab4ed73036a1","0xc83e2e3becaadb048ce41db954f96fe852b25b0d","0xc8b5b0ea995b12da364bb216652302a5161bcd85","0xc9308110b7782cd23e5ab16bd12b72dd697e0a2e","0xce462148c5dc644085667fb4dcf67722b505d320","0xd8cc1d2da9ba559aff35b80813e9c5526a9caedf","0xda31f8955f9583fe9286f92f7e0ea2aff46e8d3f","0xdabf1adf9b8dfd751fa2d27d0ce616290c553b40","0xde6a9a084393e9a6c3c11220e07baf877252895f","0xe0b7151c2ca832ae78a5de2a3b74a5d962ae0b97","0xe8a7fe3b74b61642a938f217e8c117ff922d5e47","0xec2b230a4513668c7090c9242bd32e5507452175","0xed170ee9717d2845402501ba1a2ad7b0ce201a46","0xee5c6d660a83e086610f2c9ebb88a1de83a856f5","0xf2325289c257139d5ad0e1529a391baac2b91e39","0xfb0b85ff94497b3cd0eb478f63dae3598a87e7fb"]
[INFO]: Récupération de tous les enregistrements de transactions depuis PostgreSQL...
[INFO]: Nombre total d'enregistrements existants récupérés: 9393
[INFO]: Nombre de nouvelles transactions à insérer : 7
[INFO]: Insertion des transactions réussie.

[2025-03-29T18:00:06.254Z] ========== FIN DE L'EXÉCUTION (STATUT: success) ==========

[2025-03-29T19:00:00.398Z] ========== DÉBUT DE L'EXÉCUTION DE LA TÂCHE: Fetch YAM Transactions History (ID: 6) ==========
[2025-03-29T19:00:05.987Z] [INFO]: ========================================================================================
[INFO]: =============================== YAM Transactions History ===============================
[INFO]: ========================================================================================
[INFO]: Récupération de 115 wallets depuis PostgreSQL.
[INFO]: Accounts récupérés: ["0x027939a7e28873cb74e670efeafe1d40646bc380","0x042e4f113e24e2734100733cfeeae5d7c0ddd15b","0x080379395ad8b32936acfbdcfb4af160a873b927","0x0e955f9ffeead3083eaff8ae7e60479cc173437b","0x15630f70b116c0a0ed73e1d7233cedc94e926b49","0x166ed9f7a56053c7c4e77cb0c91a9e46bbc5e8b0","0x190a0af96c3f98d3c120860f1a3aef152acb0162","0x19e74a36978a9a37bdbe08f4d8093c31d7c174ce","0x1dc79eb47a762d96889a777dc06634e4f4a7e326","0x24521902825ce358d53e1b778ee115c7082ff5ae","0x24629cea734a84aba57436a4cb2e35d1450b378a","0x25db0ac55d40433bc1482abbeac5b2b0f4252099","0x35fecac0b11b4e3e87b1fdf448050957d4b1b24d","0x39c185721fbe8b350363e6b49801305d32485a45","0x3b5b5a2c114246cac80dcb83eb2476f23c12227e","0x4025aa0c62b973cd6a08e9a09755495647c0d1b3","0x462e909e31061298d5a3d15740fed37f81db1e49","0x4ae8c67f5be60e7b833d3cc1f954f0f3a8d5edca","0x4dd57b2dbfbfadbdff109f3914db377d5add414b","0x4efa25f6f418ee9534039ed9448093f39f02f825","0x5050795761c5f4c63d4182ed268d614687134c58","0x54acabc64ec944037f5669bdcf4b535a32a9ed2d","0x57967c915a9940f43b23307f2fd388872527cc2e","0x5f6f0ae3c9ffce2eb60349161dd371554d19be19","0x60226baf4d3020f3714b30b8c1c690a48214734e","0x622344eec92c3de736e19ffbbe6e9cc017b2c6fe","0x6414615e1e3de2518dd1ada5c9b0d1015262acce","0x65dd1da49d64896a8315f61a143de97c6e401f5e","0x661ab2f856c9a858a7d125aa675eb3e1be57c831","0x669582b7e0e2a5487f7a7cd7a375495d367127b8","0x6c35b4f5f62b5c2c0e031a17ffae0b889e4dbdce","0x6fbf924388c74a1a61ad017ead8f4995a3f0ead6","0x78bd96fbd3827e89591cfe7e8f1ea06f73c383ad","0x7a528dba83467b5913eb36c29a570c1243911357","0x7c680620a83bf08de3f37b4d3adbd92750792a0a","0x7e1d150bc5be5ada087dbf87408475a968ed0542","0x7e85c39420d9476175042997db1cb28c109b74b7","0x7ee567d2ac5dca4c422281deb1e2334a805ba6c1","0x83cfa4979ca7ed7877e46797b5f5b04bef0f7824","0x83fc27bc5fa8d6465b56cc77a4e28b1b8ce60e71","0x84315744d858cbefbd0f24748f61b4ce36c48962","0x8582a4f9a2364bbf58b13820b6475231eaf88e90","0x88b1ff64153a6c9644142e546d2047d026bdb9e9","0x8ed4b22c2e7489cec9a0597518cdf916947f2978","0x969fafa259f28d8a49d18a3e34dd372e24e17dd0","0x9c8a7d90155ee178ade1b66e0d6b72c4d252447f","0x9d008edfe846d435796886fd8e8a2824189d81f3","0x9efe1dc19d2ead8bed8667af23c7c6ec25f4b43e","0xa0b3b1532b0bf2c8945ac429f91a642580ede166","0xa59286c2d1ddbaf94ec0f0e55ca502c3aaad7c70","0xab00ae8650dcf90c6a5b5a4e3d64a0854e54af94","0xb354af60d85e5fe431facdbb9388e4e4f70e1bbd","0xb9f7ecdd3475a7bfe4bec60bd70a936ebe1299fd","0xbd64843345158eb68b952fad728b15a8f58b19ed","0xc5aa62a70bedda5beef4caab5a7784b054c5c743","0xc6eedfcbb3b44cfe4e8424be34fcab4ed73036a1","0xc83e2e3becaadb048ce41db954f96fe852b25b0d","0xc8b5b0ea995b12da364bb216652302a5161bcd85","0xc9308110b7782cd23e5ab16bd12b72dd697e0a2e","0xce462148c5dc644085667fb4dcf67722b505d320","0xd8cc1d2da9ba559aff35b80813e9c5526a9caedf","0xda31f8955f9583fe9286f92f7e0ea2aff46e8d3f","0xdabf1adf9b8dfd751fa2d27d0ce616290c553b40","0xde6a9a084393e9a6c3c11220e07baf877252895f","0xe0b7151c2ca832ae78a5de2a3b74a5d962ae0b97","0xe8a7fe3b74b61642a938f217e8c117ff922d5e47","0xec2b230a4513668c7090c9242bd32e5507452175","0xed170ee9717d2845402501ba1a2ad7b0ce201a46","0xee5c6d660a83e086610f2c9ebb88a1de83a856f5","0xf2325289c257139d5ad0e1529a391baac2b91e39","0xfb0b85ff94497b3cd0eb478f63dae3598a87e7fb"]
[INFO]: Récupération de tous les enregistrements de transactions depuis PostgreSQL...
[INFO]: Nombre total d'enregistrements existants récupérés: 9400
[INFO]: Nombre de nouvelles transactions à insérer : 1
[INFO]: Insertion des transactions réussie.

[2025-03-29T19:00:05.987Z] ========== FIN DE L'EXÉCUTION (STATUT: success) ==========

[2025-03-29T20:00:00.603Z] ========== DÉBUT DE L'EXÉCUTION DE LA TÂCHE: Fetch YAM Transactions History (ID: 6) ==========
[2025-03-29T20:00:06.424Z] [INFO]: ========================================================================================
[INFO]: =============================== YAM Transactions History ===============================
[INFO]: ========================================================================================
[INFO]: Récupération de 115 wallets depuis PostgreSQL.
[INFO]: Accounts récupérés: ["0x027939a7e28873cb74e670efeafe1d40646bc380","0x042e4f113e24e2734100733cfeeae5d7c0ddd15b","0x080379395ad8b32936acfbdcfb4af160a873b927","0x0e955f9ffeead3083eaff8ae7e60479cc173437b","0x15630f70b116c0a0ed73e1d7233cedc94e926b49","0x166ed9f7a56053c7c4e77cb0c91a9e46bbc5e8b0","0x190a0af96c3f98d3c120860f1a3aef152acb0162","0x19e74a36978a9a37bdbe08f4d8093c31d7c174ce","0x1dc79eb47a762d96889a777dc06634e4f4a7e326","0x24521902825ce358d53e1b778ee115c7082ff5ae","0x24629cea734a84aba57436a4cb2e35d1450b378a","0x25db0ac55d40433bc1482abbeac5b2b0f4252099","0x35fecac0b11b4e3e87b1fdf448050957d4b1b24d","0x39c185721fbe8b350363e6b49801305d32485a45","0x3b5b5a2c114246cac80dcb83eb2476f23c12227e","0x4025aa0c62b973cd6a08e9a09755495647c0d1b3","0x462e909e31061298d5a3d15740fed37f81db1e49","0x4ae8c67f5be60e7b833d3cc1f954f0f3a8d5edca","0x4dd57b2dbfbfadbdff109f3914db377d5add414b","0x4efa25f6f418ee9534039ed9448093f39f02f825","0x5050795761c5f4c63d4182ed268d614687134c58","0x54acabc64ec944037f5669bdcf4b535a32a9ed2d","0x57967c915a9940f43b23307f2fd388872527cc2e","0x5f6f0ae3c9ffce2eb60349161dd371554d19be19","0x60226baf4d3020f3714b30b8c1c690a48214734e","0x622344eec92c3de736e19ffbbe6e9cc017b2c6fe","0x6414615e1e3de2518dd1ada5c9b0d1015262acce","0x65dd1da49d64896a8315f61a143de97c6e401f5e","0x661ab2f856c9a858a7d125aa675eb3e1be57c831","0x669582b7e0e2a5487f7a7cd7a375495d367127b8","0x6c35b4f5f62b5c2c0e031a17ffae0b889e4dbdce","0x6fbf924388c74a1a61ad017ead8f4995a3f0ead6","0x78bd96fbd3827e89591cfe7e8f1ea06f73c383ad","0x7a528dba83467b5913eb36c29a570c1243911357","0x7c680620a83bf08de3f37b4d3adbd92750792a0a","0x7e1d150bc5be5ada087dbf87408475a968ed0542","0x7e85c39420d9476175042997db1cb28c109b74b7","0x7ee567d2ac5dca4c422281deb1e2334a805ba6c1","0x83cfa4979ca7ed7877e46797b5f5b04bef0f7824","0x83fc27bc5fa8d6465b56cc77a4e28b1b8ce60e71","0x84315744d858cbefbd0f24748f61b4ce36c48962","0x8582a4f9a2364bbf58b13820b6475231eaf88e90","0x88b1ff64153a6c9644142e546d2047d026bdb9e9","0x8ed4b22c2e7489cec9a0597518cdf916947f2978","0x969fafa259f28d8a49d18a3e34dd372e24e17dd0","0x9c8a7d90155ee178ade1b66e0d6b72c4d252447f","0x9d008edfe846d435796886fd8e8a2824189d81f3","0x9efe1dc19d2ead8bed8667af23c7c6ec25f4b43e","0xa0b3b1532b0bf2c8945ac429f91a642580ede166","0xa59286c2d1ddbaf94ec0f0e55ca502c3aaad7c70","0xab00ae8650dcf90c6a5b5a4e3d64a0854e54af94","0xb354af60d85e5fe431facdbb9388e4e4f70e1bbd","0xb9f7ecdd3475a7bfe4bec60bd70a936ebe1299fd","0xbd64843345158eb68b952fad728b15a8f58b19ed","0xc5aa62a70bedda5beef4caab5a7784b054c5c743","0xc6eedfcbb3b44cfe4e8424be34fcab4ed73036a1","0xc83e2e3becaadb048ce41db954f96fe852b25b0d","0xc8b5b0ea995b12da364bb216652302a5161bcd85","0xc9308110b7782cd23e5ab16bd12b72dd697e0a2e","0xce462148c5dc644085667fb4dcf67722b505d320","0xd8cc1d2da9ba559aff35b80813e9c5526a9caedf","0xda31f8955f9583fe9286f92f7e0ea2aff46e8d3f","0xdabf1adf9b8dfd751fa2d27d0ce616290c553b40","0xde6a9a084393e9a6c3c11220e07baf877252895f","0xe0b7151c2ca832ae78a5de2a3b74a5d962ae0b97","0xe8a7fe3b74b61642a938f217e8c117ff922d5e47","0xec2b230a4513668c7090c9242bd32e5507452175","0xed170ee9717d2845402501ba1a2ad7b0ce201a46","0xee5c6d660a83e086610f2c9ebb88a1de83a856f5","0xf2325289c257139d5ad0e1529a391baac2b91e39","0xfb0b85ff94497b3cd0eb478f63dae3598a87e7fb"]
[INFO]: Récupération de tous les enregistrements de transactions depuis PostgreSQL...
[INFO]: Nombre total d'enregistrements existants récupérés: 9401
[INFO]: Nombre de nouvelles transactions à insérer : 4
[INFO]: Insertion des transactions réussie.

[2025-03-29T20:00:06.424Z] ========== FIN DE L'EXÉCUTION (STATUT: success) ==========

[2025-03-29T21:00:00.637Z] ========== DÉBUT DE L'EXÉCUTION DE LA TÂCHE: Fetch YAM Transactions History (ID: 6) ==========
[2025-03-29T21:00:05.578Z] [INFO]: ========================================================================================
[INFO]: =============================== YAM Transactions History ===============================
[INFO]: ========================================================================================
[INFO]: Récupération de 118 wallets depuis PostgreSQL.
[INFO]: Accounts récupérés: ["0x027939a7e28873cb74e670efeafe1d40646bc380","0x042e4f113e24e2734100733cfeeae5d7c0ddd15b","0x080379395ad8b32936acfbdcfb4af160a873b927","0x0e955f9ffeead3083eaff8ae7e60479cc173437b","0x15630f70b116c0a0ed73e1d7233cedc94e926b49","0x166ed9f7a56053c7c4e77cb0c91a9e46bbc5e8b0","0x190a0af96c3f98d3c120860f1a3aef152acb0162","0x19e74a36978a9a37bdbe08f4d8093c31d7c174ce","0x1dc79eb47a762d96889a777dc06634e4f4a7e326","0x24521902825ce358d53e1b778ee115c7082ff5ae","0x24629cea734a84aba57436a4cb2e35d1450b378a","0x25db0ac55d40433bc1482abbeac5b2b0f4252099","0x35fecac0b11b4e3e87b1fdf448050957d4b1b24d","0x39c185721fbe8b350363e6b49801305d32485a45","0x3b5b5a2c114246cac80dcb83eb2476f23c12227e","0x4025aa0c62b973cd6a08e9a09755495647c0d1b3","0x462e909e31061298d5a3d15740fed37f81db1e49","0x47bc127cfa1fba111468c6db2975a2f6ef59e513","0x4ae8c67f5be60e7b833d3cc1f954f0f3a8d5edca","0x4dd57b2dbfbfadbdff109f3914db377d5add414b","0x4efa25f6f418ee9534039ed9448093f39f02f825","0x5050795761c5f4c63d4182ed268d614687134c58","0x54acabc64ec944037f5669bdcf4b535a32a9ed2d","0x57967c915a9940f43b23307f2fd388872527cc2e","0x5f6f0ae3c9ffce2eb60349161dd371554d19be19","0x60226baf4d3020f3714b30b8c1c690a48214734e","0x622344eec92c3de736e19ffbbe6e9cc017b2c6fe","0x6414615e1e3de2518dd1ada5c9b0d1015262acce","0x65dd1da49d64896a8315f61a143de97c6e401f5e","0x661ab2f856c9a858a7d125aa675eb3e1be57c831","0x669582b7e0e2a5487f7a7cd7a375495d367127b8","0x6c35b4f5f62b5c2c0e031a17ffae0b889e4dbdce","0x6fbf924388c74a1a61ad017ead8f4995a3f0ead6","0x78bd96fbd3827e89591cfe7e8f1ea06f73c383ad","0x7a528dba83467b5913eb36c29a570c1243911357","0x7c680620a83bf08de3f37b4d3adbd92750792a0a","0x7e1d150bc5be5ada087dbf87408475a968ed0542","0x7e85c39420d9476175042997db1cb28c109b74b7","0x7ee567d2ac5dca4c422281deb1e2334a805ba6c1","0x83cfa4979ca7ed7877e46797b5f5b04bef0f7824","0x83fc27bc5fa8d6465b56cc77a4e28b1b8ce60e71","0x84315744d858cbefbd0f24748f61b4ce36c48962","0x8582a4f9a2364bbf58b13820b6475231eaf88e90","0x88b1ff64153a6c9644142e546d2047d026bdb9e9","0x8ed4b22c2e7489cec9a0597518cdf916947f2978","0x9687e32e906faf11ebe73ad3c93d7d0eec060537","0x969fafa259f28d8a49d18a3e34dd372e24e17dd0","0x9c8a7d90155ee178ade1b66e0d6b72c4d252447f","0x9d008edfe846d435796886fd8e8a2824189d81f3","0x9efe1dc19d2ead8bed8667af23c7c6ec25f4b43e","0xa0b3b1532b0bf2c8945ac429f91a642580ede166","0xa59286c2d1ddbaf94ec0f0e55ca502c3aaad7c70","0xab00ae8650dcf90c6a5b5a4e3d64a0854e54af94","0xb354af60d85e5fe431facdbb9388e4e4f70e1bbd","0xb9f7ecdd3475a7bfe4bec60bd70a936ebe1299fd","0xbd64843345158eb68b952fad728b15a8f58b19ed","0xc5aa62a70bedda5beef4caab5a7784b054c5c743","0xc6eedfcbb3b44cfe4e8424be34fcab4ed73036a1","0xc83e2e3becaadb048ce41db954f96fe852b25b0d","0xc8b5b0ea995b12da364bb216652302a5161bcd85","0xc9308110b7782cd23e5ab16bd12b72dd697e0a2e","0xce462148c5dc644085667fb4dcf67722b505d320","0xd8cc1d2da9ba559aff35b80813e9c5526a9caedf","0xda31f8955f9583fe9286f92f7e0ea2aff46e8d3f","0xdabf1adf9b8dfd751fa2d27d0ce616290c553b40","0xddf4a7f045e2368986091e1acb569162b7042b8b","0xde6a9a084393e9a6c3c11220e07baf877252895f","0xe0b7151c2ca832ae78a5de2a3b74a5d962ae0b97","0xe8a7fe3b74b61642a938f217e8c117ff922d5e47","0xec2b230a4513668c7090c9242bd32e5507452175","0xed170ee9717d2845402501ba1a2ad7b0ce201a46","0xee5c6d660a83e086610f2c9ebb88a1de83a856f5","0xf2325289c257139d5ad0e1529a391baac2b91e39","0xfb0b85ff94497b3cd0eb478f63dae3598a87e7fb"]
[INFO]: Récupération de tous les enregistrements de transactions depuis PostgreSQL...
[INFO]: Nombre total d'enregistrements existants récupérés: 9405
[INFO]: Nombre de nouvelles transactions à insérer : 228
[INFO]: Insertion des transactions réussie.

[2025-03-29T21:00:05.578Z] ========== FIN DE L'EXÉCUTION (STATUT: success) ==========

[2025-03-30T00:00:00.911Z] ========== DÉBUT DE L'EXÉCUTION DE LA TÂCHE: Fetch YAM Transactions History (ID: 6) ==========
[2025-03-30T00:00:08.678Z] [INFO]: ========================================================================================
[INFO]: =============================== YAM Transactions History ===============================
[INFO]: ========================================================================================
[INFO]: Récupération de 120 wallets depuis PostgreSQL.
[INFO]: Accounts récupérés: ["0x027939a7e28873cb74e670efeafe1d40646bc380","0x042e4f113e24e2734100733cfeeae5d7c0ddd15b","0x080379395ad8b32936acfbdcfb4af160a873b927","0x0e955f9ffeead3083eaff8ae7e60479cc173437b","0x15630f70b116c0a0ed73e1d7233cedc94e926b49","0x166ed9f7a56053c7c4e77cb0c91a9e46bbc5e8b0","0x190a0af96c3f98d3c120860f1a3aef152acb0162","0x19e74a36978a9a37bdbe08f4d8093c31d7c174ce","0x1dc79eb47a762d96889a777dc06634e4f4a7e326","0x24521902825ce358d53e1b778ee115c7082ff5ae","0x24629cea734a84aba57436a4cb2e35d1450b378a","0x25db0ac55d40433bc1482abbeac5b2b0f4252099","0x35fecac0b11b4e3e87b1fdf448050957d4b1b24d","0x39c185721fbe8b350363e6b49801305d32485a45","0x3b5b5a2c114246cac80dcb83eb2476f23c12227e","0x4025aa0c62b973cd6a08e9a09755495647c0d1b3","0x462e909e31061298d5a3d15740fed37f81db1e49","0x47bc127cfa1fba111468c6db2975a2f6ef59e513","0x4ae8c67f5be60e7b833d3cc1f954f0f3a8d5edca","0x4dd57b2dbfbfadbdff109f3914db377d5add414b","0x4efa25f6f418ee9534039ed9448093f39f02f825","0x5050795761c5f4c63d4182ed268d614687134c58","0x54acabc64ec944037f5669bdcf4b535a32a9ed2d","0x57967c915a9940f43b23307f2fd388872527cc2e","0x5f6f0ae3c9ffce2eb60349161dd371554d19be19","0x60226baf4d3020f3714b30b8c1c690a48214734e","0x622344eec92c3de736e19ffbbe6e9cc017b2c6fe","0x6414615e1e3de2518dd1ada5c9b0d1015262acce","0x65dd1da49d64896a8315f61a143de97c6e401f5e","0x661ab2f856c9a858a7d125aa675eb3e1be57c831","0x669582b7e0e2a5487f7a7cd7a375495d367127b8","0x6c35b4f5f62b5c2c0e031a17ffae0b889e4dbdce","0x6fbf924388c74a1a61ad017ead8f4995a3f0ead6","0x78bd96fbd3827e89591cfe7e8f1ea06f73c383ad","0x7a528dba83467b5913eb36c29a570c1243911357","0x7c680620a83bf08de3f37b4d3adbd92750792a0a","0x7e1d150bc5be5ada087dbf87408475a968ed0542","0x7e85c39420d9476175042997db1cb28c109b74b7","0x7ee567d2ac5dca4c422281deb1e2334a805ba6c1","0x83cfa4979ca7ed7877e46797b5f5b04bef0f7824","0x83fc27bc5fa8d6465b56cc77a4e28b1b8ce60e71","0x84315744d858cbefbd0f24748f61b4ce36c48962","0x8582a4f9a2364bbf58b13820b6475231eaf88e90","0x88b1ff64153a6c9644142e546d2047d026bdb9e9","0x8ed4b22c2e7489cec9a0597518cdf916947f2978","0x9687e32e906faf11ebe73ad3c93d7d0eec060537","0x969fafa259f28d8a49d18a3e34dd372e24e17dd0","0x9c8a7d90155ee178ade1b66e0d6b72c4d252447f","0x9d008edfe846d435796886fd8e8a2824189d81f3","0x9efe1dc19d2ead8bed8667af23c7c6ec25f4b43e","0xa0b3b1532b0bf2c8945ac429f91a642580ede166","0xa59286c2d1ddbaf94ec0f0e55ca502c3aaad7c70","0xab00ae8650dcf90c6a5b5a4e3d64a0854e54af94","0xb354af60d85e5fe431facdbb9388e4e4f70e1bbd","0xb9f7ecdd3475a7bfe4bec60bd70a936ebe1299fd","0xbd64843345158eb68b952fad728b15a8f58b19ed","0xc5aa62a70bedda5beef4caab5a7784b054c5c743","0xc6eedfcbb3b44cfe4e8424be34fcab4ed73036a1","0xc83e2e3becaadb048ce41db954f96fe852b25b0d","0xc8b5b0ea995b12da364bb216652302a5161bcd85","0xc9308110b7782cd23e5ab16bd12b72dd697e0a2e","0xce462148c5dc644085667fb4dcf67722b505d320","0xd8cc1d2da9ba559aff35b80813e9c5526a9caedf","0xda31f8955f9583fe9286f92f7e0ea2aff46e8d3f","0xdabf1adf9b8dfd751fa2d27d0ce616290c553b40","0xddf4a7f045e2368986091e1acb569162b7042b8b","0xde6a9a084393e9a6c3c11220e07baf877252895f","0xe0b7151c2ca832ae78a5de2a3b74a5d962ae0b97","0xe8a7fe3b74b61642a938f217e8c117ff922d5e47","0xec2b230a4513668c7090c9242bd32e5507452175","0xed170ee9717d2845402501ba1a2ad7b0ce201a46","0xee5c6d660a83e086610f2c9ebb88a1de83a856f5","0xf2325289c257139d5ad0e1529a391baac2b91e39","0xfb0b85ff94497b3cd0eb478f63dae3598a87e7fb"]
[INFO]: Récupération de tous les enregistrements de transactions depuis PostgreSQL...
[INFO]: Nombre total d'enregistrements existants récupérés: 9633
[INFO]: Nombre de nouvelles transactions à insérer : 2
[INFO]: Insertion des transactions réussie.

[2025-03-30T00:00:08.679Z] ========== FIN DE L'EXÉCUTION (STATUT: success) ==========

[2025-03-30T01:00:00.245Z] ========== DÉBUT DE L'EXÉCUTION DE LA TÂCHE: Fetch YAM Transactions History (ID: 6) ==========
[2025-03-30T01:00:07.304Z] [INFO]: ========================================================================================
[INFO]: =============================== YAM Transactions History ===============================
[INFO]: ========================================================================================
[INFO]: Récupération de 121 wallets depuis PostgreSQL.
[INFO]: Accounts récupérés: ["0x027939a7e28873cb74e670efeafe1d40646bc380","0x042e4f113e24e2734100733cfeeae5d7c0ddd15b","0x080379395ad8b32936acfbdcfb4af160a873b927","0x0e955f9ffeead3083eaff8ae7e60479cc173437b","0x15630f70b116c0a0ed73e1d7233cedc94e926b49","0x166ed9f7a56053c7c4e77cb0c91a9e46bbc5e8b0","0x190a0af96c3f98d3c120860f1a3aef152acb0162","0x19e74a36978a9a37bdbe08f4d8093c31d7c174ce","0x1dc79eb47a762d96889a777dc06634e4f4a7e326","0x24521902825ce358d53e1b778ee115c7082ff5ae","0x24629cea734a84aba57436a4cb2e35d1450b378a","0x25db0ac55d40433bc1482abbeac5b2b0f4252099","0x35fecac0b11b4e3e87b1fdf448050957d4b1b24d","0x39c185721fbe8b350363e6b49801305d32485a45","0x3b5b5a2c114246cac80dcb83eb2476f23c12227e","0x4025aa0c62b973cd6a08e9a09755495647c0d1b3","0x462e909e31061298d5a3d15740fed37f81db1e49","0x47bc127cfa1fba111468c6db2975a2f6ef59e513","0x4ae8c67f5be60e7b833d3cc1f954f0f3a8d5edca","0x4dd57b2dbfbfadbdff109f3914db377d5add414b","0x4efa25f6f418ee9534039ed9448093f39f02f825","0x5050795761c5f4c63d4182ed268d614687134c58","0x54acabc64ec944037f5669bdcf4b535a32a9ed2d","0x57967c915a9940f43b23307f2fd388872527cc2e","0x5f6f0ae3c9ffce2eb60349161dd371554d19be19","0x60226baf4d3020f3714b30b8c1c690a48214734e","0x622344eec92c3de736e19ffbbe6e9cc017b2c6fe","0x6414615e1e3de2518dd1ada5c9b0d1015262acce","0x65dd1da49d64896a8315f61a143de97c6e401f5e","0x661ab2f856c9a858a7d125aa675eb3e1be57c831","0x669582b7e0e2a5487f7a7cd7a375495d367127b8","0x6c35b4f5f62b5c2c0e031a17ffae0b889e4dbdce","0x6fbf924388c74a1a61ad017ead8f4995a3f0ead6","0x7212bc69f9a51fafab4ae6806edd97e70f37108e","0x78bd96fbd3827e89591cfe7e8f1ea06f73c383ad","0x7a528dba83467b5913eb36c29a570c1243911357","0x7c680620a83bf08de3f37b4d3adbd92750792a0a","0x7e1d150bc5be5ada087dbf87408475a968ed0542","0x7e85c39420d9476175042997db1cb28c109b74b7","0x7ee567d2ac5dca4c422281deb1e2334a805ba6c1","0x83cfa4979ca7ed7877e46797b5f5b04bef0f7824","0x83fc27bc5fa8d6465b56cc77a4e28b1b8ce60e71","0x84315744d858cbefbd0f24748f61b4ce36c48962","0x8582a4f9a2364bbf58b13820b6475231eaf88e90","0x88b1ff64153a6c9644142e546d2047d026bdb9e9","0x8ed4b22c2e7489cec9a0597518cdf916947f2978","0x9687e32e906faf11ebe73ad3c93d7d0eec060537","0x969fafa259f28d8a49d18a3e34dd372e24e17dd0","0x9c8a7d90155ee178ade1b66e0d6b72c4d252447f","0x9d008edfe846d435796886fd8e8a2824189d81f3","0x9efe1dc19d2ead8bed8667af23c7c6ec25f4b43e","0xa0b3b1532b0bf2c8945ac429f91a642580ede166","0xa59286c2d1ddbaf94ec0f0e55ca502c3aaad7c70","0xab00ae8650dcf90c6a5b5a4e3d64a0854e54af94","0xb354af60d85e5fe431facdbb9388e4e4f70e1bbd","0xb9f7ecdd3475a7bfe4bec60bd70a936ebe1299fd","0xbd64843345158eb68b952fad728b15a8f58b19ed","0xc5aa62a70bedda5beef4caab5a7784b054c5c743","0xc6eedfcbb3b44cfe4e8424be34fcab4ed73036a1","0xc83e2e3becaadb048ce41db954f96fe852b25b0d","0xc8b5b0ea995b12da364bb216652302a5161bcd85","0xc9308110b7782cd23e5ab16bd12b72dd697e0a2e","0xce462148c5dc644085667fb4dcf67722b505d320","0xd8cc1d2da9ba559aff35b80813e9c5526a9caedf","0xda31f8955f9583fe9286f92f7e0ea2aff46e8d3f","0xdabf1adf9b8dfd751fa2d27d0ce616290c553b40","0xddf4a7f045e2368986091e1acb569162b7042b8b","0xde6a9a084393e9a6c3c11220e07baf877252895f","0xe0b7151c2ca832ae78a5de2a3b74a5d962ae0b97","0xe8a7fe3b74b61642a938f217e8c117ff922d5e47","0xec2b230a4513668c7090c9242bd32e5507452175","0xed170ee9717d2845402501ba1a2ad7b0ce201a46","0xee5c6d660a83e086610f2c9ebb88a1de83a856f5","0xf2325289c257139d5ad0e1529a391baac2b91e39","0xfb0b85ff94497b3cd0eb478f63dae3598a87e7fb"]
[INFO]: Récupération de tous les enregistrements de transactions depuis PostgreSQL...
[INFO]: Nombre total d'enregistrements existants récupérés: 9635
[INFO]: Nombre de nouvelles transactions à insérer : 10
[INFO]: Insertion des transactions réussie.

[2025-03-30T01:00:07.305Z] ========== FIN DE L'EXÉCUTION (STATUT: success) ==========

[2025-03-30T02:00:00.595Z] ========== DÉBUT DE L'EXÉCUTION DE LA TÂCHE: Fetch YAM Transactions History (ID: 6) ==========
[2025-03-30T02:00:04.968Z] [INFO]: ========================================================================================
[INFO]: =============================== YAM Transactions History ===============================
[INFO]: ========================================================================================
[INFO]: Récupération de 121 wallets depuis PostgreSQL.
[INFO]: Accounts récupérés: ["0x027939a7e28873cb74e670efeafe1d40646bc380","0x042e4f113e24e2734100733cfeeae5d7c0ddd15b","0x080379395ad8b32936acfbdcfb4af160a873b927","0x0e955f9ffeead3083eaff8ae7e60479cc173437b","0x15630f70b116c0a0ed73e1d7233cedc94e926b49","0x166ed9f7a56053c7c4e77cb0c91a9e46bbc5e8b0","0x190a0af96c3f98d3c120860f1a3aef152acb0162","0x19e74a36978a9a37bdbe08f4d8093c31d7c174ce","0x1dc79eb47a762d96889a777dc06634e4f4a7e326","0x24521902825ce358d53e1b778ee115c7082ff5ae","0x24629cea734a84aba57436a4cb2e35d1450b378a","0x25db0ac55d40433bc1482abbeac5b2b0f4252099","0x35fecac0b11b4e3e87b1fdf448050957d4b1b24d","0x39c185721fbe8b350363e6b49801305d32485a45","0x3b5b5a2c114246cac80dcb83eb2476f23c12227e","0x4025aa0c62b973cd6a08e9a09755495647c0d1b3","0x462e909e31061298d5a3d15740fed37f81db1e49","0x47bc127cfa1fba111468c6db2975a2f6ef59e513","0x4ae8c67f5be60e7b833d3cc1f954f0f3a8d5edca","0x4dd57b2dbfbfadbdff109f3914db377d5add414b","0x4efa25f6f418ee9534039ed9448093f39f02f825","0x5050795761c5f4c63d4182ed268d614687134c58","0x54acabc64ec944037f5669bdcf4b535a32a9ed2d","0x57967c915a9940f43b23307f2fd388872527cc2e","0x5f6f0ae3c9ffce2eb60349161dd371554d19be19","0x60226baf4d3020f3714b30b8c1c690a48214734e","0x622344eec92c3de736e19ffbbe6e9cc017b2c6fe","0x6414615e1e3de2518dd1ada5c9b0d1015262acce","0x65dd1da49d64896a8315f61a143de97c6e401f5e","0x661ab2f856c9a858a7d125aa675eb3e1be57c831","0x669582b7e0e2a5487f7a7cd7a375495d367127b8","0x6c35b4f5f62b5c2c0e031a17ffae0b889e4dbdce","0x6fbf924388c74a1a61ad017ead8f4995a3f0ead6","0x7212bc69f9a51fafab4ae6806edd97e70f37108e","0x78bd96fbd3827e89591cfe7e8f1ea06f73c383ad","0x7a528dba83467b5913eb36c29a570c1243911357","0x7c680620a83bf08de3f37b4d3adbd92750792a0a","0x7e1d150bc5be5ada087dbf87408475a968ed0542","0x7e85c39420d9476175042997db1cb28c109b74b7","0x7ee567d2ac5dca4c422281deb1e2334a805ba6c1","0x83cfa4979ca7ed7877e46797b5f5b04bef0f7824","0x83fc27bc5fa8d6465b56cc77a4e28b1b8ce60e71","0x84315744d858cbefbd0f24748f61b4ce36c48962","0x8582a4f9a2364bbf58b13820b6475231eaf88e90","0x88b1ff64153a6c9644142e546d2047d026bdb9e9","0x8ed4b22c2e7489cec9a0597518cdf916947f2978","0x9687e32e906faf11ebe73ad3c93d7d0eec060537","0x969fafa259f28d8a49d18a3e34dd372e24e17dd0","0x9c8a7d90155ee178ade1b66e0d6b72c4d252447f","0x9d008edfe846d435796886fd8e8a2824189d81f3","0x9efe1dc19d2ead8bed8667af23c7c6ec25f4b43e","0xa0b3b1532b0bf2c8945ac429f91a642580ede166","0xa59286c2d1ddbaf94ec0f0e55ca502c3aaad7c70","0xab00ae8650dcf90c6a5b5a4e3d64a0854e54af94","0xb354af60d85e5fe431facdbb9388e4e4f70e1bbd","0xb9f7ecdd3475a7bfe4bec60bd70a936ebe1299fd","0xbd64843345158eb68b952fad728b15a8f58b19ed","0xc5aa62a70bedda5beef4caab5a7784b054c5c743","0xc6eedfcbb3b44cfe4e8424be34fcab4ed73036a1","0xc83e2e3becaadb048ce41db954f96fe852b25b0d","0xc8b5b0ea995b12da364bb216652302a5161bcd85","0xc9308110b7782cd23e5ab16bd12b72dd697e0a2e","0xce462148c5dc644085667fb4dcf67722b505d320","0xd8cc1d2da9ba559aff35b80813e9c5526a9caedf","0xda31f8955f9583fe9286f92f7e0ea2aff46e8d3f","0xdabf1adf9b8dfd751fa2d27d0ce616290c553b40","0xddf4a7f045e2368986091e1acb569162b7042b8b","0xde6a9a084393e9a6c3c11220e07baf877252895f","0xe0b7151c2ca832ae78a5de2a3b74a5d962ae0b97","0xe8a7fe3b74b61642a938f217e8c117ff922d5e47","0xec2b230a4513668c7090c9242bd32e5507452175","0xed170ee9717d2845402501ba1a2ad7b0ce201a46","0xee5c6d660a83e086610f2c9ebb88a1de83a856f5","0xf2325289c257139d5ad0e1529a391baac2b91e39","0xfb0b85ff94497b3cd0eb478f63dae3598a87e7fb"]
[INFO]: Récupération de tous les enregistrements de transactions depuis PostgreSQL...
[INFO]: Nombre total d'enregistrements existants récupérés: 9645
[INFO]: Nombre de nouvelles transactions à insérer : 0
[INFO]: Aucune nouvelle transaction à insérer.

[2025-03-30T02:00:04.968Z] ========== FIN DE L'EXÉCUTION (STATUT: success) ==========

[2025-03-30T03:00:00.941Z] ========== DÉBUT DE L'EXÉCUTION DE LA TÂCHE: Fetch YAM Transactions History (ID: 6) ==========
[2025-03-30T03:00:05.434Z] [INFO]: ========================================================================================
[INFO]: =============================== YAM Transactions History ===============================
[INFO]: ========================================================================================
[INFO]: Récupération de 121 wallets depuis PostgreSQL.
[INFO]: Accounts récupérés: ["0x027939a7e28873cb74e670efeafe1d40646bc380","0x042e4f113e24e2734100733cfeeae5d7c0ddd15b","0x080379395ad8b32936acfbdcfb4af160a873b927","0x0e955f9ffeead3083eaff8ae7e60479cc173437b","0x15630f70b116c0a0ed73e1d7233cedc94e926b49","0x166ed9f7a56053c7c4e77cb0c91a9e46bbc5e8b0","0x190a0af96c3f98d3c120860f1a3aef152acb0162","0x19e74a36978a9a37bdbe08f4d8093c31d7c174ce","0x1dc79eb47a762d96889a777dc06634e4f4a7e326","0x24521902825ce358d53e1b778ee115c7082ff5ae","0x24629cea734a84aba57436a4cb2e35d1450b378a","0x25db0ac55d40433bc1482abbeac5b2b0f4252099","0x35fecac0b11b4e3e87b1fdf448050957d4b1b24d","0x39c185721fbe8b350363e6b49801305d32485a45","0x3b5b5a2c114246cac80dcb83eb2476f23c12227e","0x4025aa0c62b973cd6a08e9a09755495647c0d1b3","0x462e909e31061298d5a3d15740fed37f81db1e49","0x47bc127cfa1fba111468c6db2975a2f6ef59e513","0x4ae8c67f5be60e7b833d3cc1f954f0f3a8d5edca","0x4dd57b2dbfbfadbdff109f3914db377d5add414b","0x4efa25f6f418ee9534039ed9448093f39f02f825","0x5050795761c5f4c63d4182ed268d614687134c58","0x54acabc64ec944037f5669bdcf4b535a32a9ed2d","0x57967c915a9940f43b23307f2fd388872527cc2e","0x5f6f0ae3c9ffce2eb60349161dd371554d19be19","0x60226baf4d3020f3714b30b8c1c690a48214734e","0x622344eec92c3de736e19ffbbe6e9cc017b2c6fe","0x6414615e1e3de2518dd1ada5c9b0d1015262acce","0x65dd1da49d64896a8315f61a143de97c6e401f5e","0x661ab2f856c9a858a7d125aa675eb3e1be57c831","0x669582b7e0e2a5487f7a7cd7a375495d367127b8","0x6c35b4f5f62b5c2c0e031a17ffae0b889e4dbdce","0x6fbf924388c74a1a61ad017ead8f4995a3f0ead6","0x7212bc69f9a51fafab4ae6806edd97e70f37108e","0x78bd96fbd3827e89591cfe7e8f1ea06f73c383ad","0x7a528dba83467b5913eb36c29a570c1243911357","0x7c680620a83bf08de3f37b4d3adbd92750792a0a","0x7e1d150bc5be5ada087dbf87408475a968ed0542","0x7e85c39420d9476175042997db1cb28c109b74b7","0x7ee567d2ac5dca4c422281deb1e2334a805ba6c1","0x83cfa4979ca7ed7877e46797b5f5b04bef0f7824","0x83fc27bc5fa8d6465b56cc77a4e28b1b8ce60e71","0x84315744d858cbefbd0f24748f61b4ce36c48962","0x8582a4f9a2364bbf58b13820b6475231eaf88e90","0x88b1ff64153a6c9644142e546d2047d026bdb9e9","0x8ed4b22c2e7489cec9a0597518cdf916947f2978","0x9687e32e906faf11ebe73ad3c93d7d0eec060537","0x969fafa259f28d8a49d18a3e34dd372e24e17dd0","0x9c8a7d90155ee178ade1b66e0d6b72c4d252447f","0x9d008edfe846d435796886fd8e8a2824189d81f3","0x9efe1dc19d2ead8bed8667af23c7c6ec25f4b43e","0xa0b3b1532b0bf2c8945ac429f91a642580ede166","0xa59286c2d1ddbaf94ec0f0e55ca502c3aaad7c70","0xab00ae8650dcf90c6a5b5a4e3d64a0854e54af94","0xb354af60d85e5fe431facdbb9388e4e4f70e1bbd","0xb9f7ecdd3475a7bfe4bec60bd70a936ebe1299fd","0xbd64843345158eb68b952fad728b15a8f58b19ed","0xc5aa62a70bedda5beef4caab5a7784b054c5c743","0xc6eedfcbb3b44cfe4e8424be34fcab4ed73036a1","0xc83e2e3becaadb048ce41db954f96fe852b25b0d","0xc8b5b0ea995b12da364bb216652302a5161bcd85","0xc9308110b7782cd23e5ab16bd12b72dd697e0a2e","0xce462148c5dc644085667fb4dcf67722b505d320","0xd8cc1d2da9ba559aff35b80813e9c5526a9caedf","0xda31f8955f9583fe9286f92f7e0ea2aff46e8d3f","0xdabf1adf9b8dfd751fa2d27d0ce616290c553b40","0xddf4a7f045e2368986091e1acb569162b7042b8b","0xde6a9a084393e9a6c3c11220e07baf877252895f","0xe0b7151c2ca832ae78a5de2a3b74a5d962ae0b97","0xe8a7fe3b74b61642a938f217e8c117ff922d5e47","0xec2b230a4513668c7090c9242bd32e5507452175","0xed170ee9717d2845402501ba1a2ad7b0ce201a46","0xee5c6d660a83e086610f2c9ebb88a1de83a856f5","0xf2325289c257139d5ad0e1529a391baac2b91e39","0xfb0b85ff94497b3cd0eb478f63dae3598a87e7fb"]
[INFO]: Récupération de tous les enregistrements de transactions depuis PostgreSQL...
[INFO]: Nombre total d'enregistrements existants récupérés: 9645
[INFO]: Nombre de nouvelles transactions à insérer : 0
[INFO]: Aucune nouvelle transaction à insérer.

[2025-03-30T03:00:05.434Z] ========== FIN DE L'EXÉCUTION (STATUT: success) ==========

[2025-03-30T04:00:00.235Z] ========== DÉBUT DE L'EXÉCUTION DE LA TÂCHE: Fetch YAM Transactions History (ID: 6) ==========
[2025-03-30T04:00:04.815Z] [INFO]: ========================================================================================
[INFO]: =============================== YAM Transactions History ===============================
[INFO]: ========================================================================================
[INFO]: Récupération de 121 wallets depuis PostgreSQL.
[INFO]: Accounts récupérés: ["0x027939a7e28873cb74e670efeafe1d40646bc380","0x042e4f113e24e2734100733cfeeae5d7c0ddd15b","0x080379395ad8b32936acfbdcfb4af160a873b927","0x0e955f9ffeead3083eaff8ae7e60479cc173437b","0x15630f70b116c0a0ed73e1d7233cedc94e926b49","0x166ed9f7a56053c7c4e77cb0c91a9e46bbc5e8b0","0x190a0af96c3f98d3c120860f1a3aef152acb0162","0x19e74a36978a9a37bdbe08f4d8093c31d7c174ce","0x1dc79eb47a762d96889a777dc06634e4f4a7e326","0x24521902825ce358d53e1b778ee115c7082ff5ae","0x24629cea734a84aba57436a4cb2e35d1450b378a","0x25db0ac55d40433bc1482abbeac5b2b0f4252099","0x35fecac0b11b4e3e87b1fdf448050957d4b1b24d","0x39c185721fbe8b350363e6b49801305d32485a45","0x3b5b5a2c114246cac80dcb83eb2476f23c12227e","0x4025aa0c62b973cd6a08e9a09755495647c0d1b3","0x462e909e31061298d5a3d15740fed37f81db1e49","0x47bc127cfa1fba111468c6db2975a2f6ef59e513","0x4ae8c67f5be60e7b833d3cc1f954f0f3a8d5edca","0x4dd57b2dbfbfadbdff109f3914db377d5add414b","0x4efa25f6f418ee9534039ed9448093f39f02f825","0x5050795761c5f4c63d4182ed268d614687134c58","0x54acabc64ec944037f5669bdcf4b535a32a9ed2d","0x57967c915a9940f43b23307f2fd388872527cc2e","0x5f6f0ae3c9ffce2eb60349161dd371554d19be19","0x60226baf4d3020f3714b30b8c1c690a48214734e","0x622344eec92c3de736e19ffbbe6e9cc017b2c6fe","0x6414615e1e3de2518dd1ada5c9b0d1015262acce","0x65dd1da49d64896a8315f61a143de97c6e401f5e","0x661ab2f856c9a858a7d125aa675eb3e1be57c831","0x669582b7e0e2a5487f7a7cd7a375495d367127b8","0x6c35b4f5f62b5c2c0e031a17ffae0b889e4dbdce","0x6fbf924388c74a1a61ad017ead8f4995a3f0ead6","0x7212bc69f9a51fafab4ae6806edd97e70f37108e","0x78bd96fbd3827e89591cfe7e8f1ea06f73c383ad","0x7a528dba83467b5913eb36c29a570c1243911357","0x7c680620a83bf08de3f37b4d3adbd92750792a0a","0x7e1d150bc5be5ada087dbf87408475a968ed0542","0x7e85c39420d9476175042997db1cb28c109b74b7","0x7ee567d2ac5dca4c422281deb1e2334a805ba6c1","0x83cfa4979ca7ed7877e46797b5f5b04bef0f7824","0x83fc27bc5fa8d6465b56cc77a4e28b1b8ce60e71","0x84315744d858cbefbd0f24748f61b4ce36c48962","0x8582a4f9a2364bbf58b13820b6475231eaf88e90","0x88b1ff64153a6c9644142e546d2047d026bdb9e9","0x8ed4b22c2e7489cec9a0597518cdf916947f2978","0x9687e32e906faf11ebe73ad3c93d7d0eec060537","0x969fafa259f28d8a49d18a3e34dd372e24e17dd0","0x9c8a7d90155ee178ade1b66e0d6b72c4d252447f","0x9d008edfe846d435796886fd8e8a2824189d81f3","0x9efe1dc19d2ead8bed8667af23c7c6ec25f4b43e","0xa0b3b1532b0bf2c8945ac429f91a642580ede166","0xa59286c2d1ddbaf94ec0f0e55ca502c3aaad7c70","0xab00ae8650dcf90c6a5b5a4e3d64a0854e54af94","0xb354af60d85e5fe431facdbb9388e4e4f70e1bbd","0xb9f7ecdd3475a7bfe4bec60bd70a936ebe1299fd","0xbd64843345158eb68b952fad728b15a8f58b19ed","0xc5aa62a70bedda5beef4caab5a7784b054c5c743","0xc6eedfcbb3b44cfe4e8424be34fcab4ed73036a1","0xc83e2e3becaadb048ce41db954f96fe852b25b0d","0xc8b5b0ea995b12da364bb216652302a5161bcd85","0xc9308110b7782cd23e5ab16bd12b72dd697e0a2e","0xce462148c5dc644085667fb4dcf67722b505d320","0xd8cc1d2da9ba559aff35b80813e9c5526a9caedf","0xda31f8955f9583fe9286f92f7e0ea2aff46e8d3f","0xdabf1adf9b8dfd751fa2d27d0ce616290c553b40","0xddf4a7f045e2368986091e1acb569162b7042b8b","0xde6a9a084393e9a6c3c11220e07baf877252895f","0xe0b7151c2ca832ae78a5de2a3b74a5d962ae0b97","0xe8a7fe3b74b61642a938f217e8c117ff922d5e47","0xec2b230a4513668c7090c9242bd32e5507452175","0xed170ee9717d2845402501ba1a2ad7b0ce201a46","0xee5c6d660a83e086610f2c9ebb88a1de83a856f5","0xf2325289c257139d5ad0e1529a391baac2b91e39","0xfb0b85ff94497b3cd0eb478f63dae3598a87e7fb"]
[INFO]: Récupération de tous les enregistrements de transactions depuis PostgreSQL...
[INFO]: Nombre total d'enregistrements existants récupérés: 9645
[INFO]: Nombre de nouvelles transactions à insérer : 0
[INFO]: Aucune nouvelle transaction à insérer.

[2025-03-30T04:00:04.815Z] ========== FIN DE L'EXÉCUTION (STATUT: success) ==========

[2025-03-30T05:00:00.587Z] ========== DÉBUT DE L'EXÉCUTION DE LA TÂCHE: Fetch YAM Transactions History (ID: 6) ==========
[2025-03-30T05:00:05.656Z] [INFO]: ========================================================================================
[INFO]: =============================== YAM Transactions History ===============================
[INFO]: ========================================================================================
[INFO]: Récupération de 121 wallets depuis PostgreSQL.
[INFO]: Accounts récupérés: ["0x027939a7e28873cb74e670efeafe1d40646bc380","0x042e4f113e24e2734100733cfeeae5d7c0ddd15b","0x080379395ad8b32936acfbdcfb4af160a873b927","0x0e955f9ffeead3083eaff8ae7e60479cc173437b","0x15630f70b116c0a0ed73e1d7233cedc94e926b49","0x166ed9f7a56053c7c4e77cb0c91a9e46bbc5e8b0","0x190a0af96c3f98d3c120860f1a3aef152acb0162","0x19e74a36978a9a37bdbe08f4d8093c31d7c174ce","0x1dc79eb47a762d96889a777dc06634e4f4a7e326","0x24521902825ce358d53e1b778ee115c7082ff5ae","0x24629cea734a84aba57436a4cb2e35d1450b378a","0x25db0ac55d40433bc1482abbeac5b2b0f4252099","0x35fecac0b11b4e3e87b1fdf448050957d4b1b24d","0x39c185721fbe8b350363e6b49801305d32485a45","0x3b5b5a2c114246cac80dcb83eb2476f23c12227e","0x4025aa0c62b973cd6a08e9a09755495647c0d1b3","0x462e909e31061298d5a3d15740fed37f81db1e49","0x47bc127cfa1fba111468c6db2975a2f6ef59e513","0x4ae8c67f5be60e7b833d3cc1f954f0f3a8d5edca","0x4dd57b2dbfbfadbdff109f3914db377d5add414b","0x4efa25f6f418ee9534039ed9448093f39f02f825","0x5050795761c5f4c63d4182ed268d614687134c58","0x54acabc64ec944037f5669bdcf4b535a32a9ed2d","0x57967c915a9940f43b23307f2fd388872527cc2e","0x5f6f0ae3c9ffce2eb60349161dd371554d19be19","0x60226baf4d3020f3714b30b8c1c690a48214734e","0x622344eec92c3de736e19ffbbe6e9cc017b2c6fe","0x6414615e1e3de2518dd1ada5c9b0d1015262acce","0x65dd1da49d64896a8315f61a143de97c6e401f5e","0x661ab2f856c9a858a7d125aa675eb3e1be57c831","0x669582b7e0e2a5487f7a7cd7a375495d367127b8","0x6c35b4f5f62b5c2c0e031a17ffae0b889e4dbdce","0x6fbf924388c74a1a61ad017ead8f4995a3f0ead6","0x7212bc69f9a51fafab4ae6806edd97e70f37108e","0x78bd96fbd3827e89591cfe7e8f1ea06f73c383ad","0x7a528dba83467b5913eb36c29a570c1243911357","0x7c680620a83bf08de3f37b4d3adbd92750792a0a","0x7e1d150bc5be5ada087dbf87408475a968ed0542","0x7e85c39420d9476175042997db1cb28c109b74b7","0x7ee567d2ac5dca4c422281deb1e2334a805ba6c1","0x83cfa4979ca7ed7877e46797b5f5b04bef0f7824","0x83fc27bc5fa8d6465b56cc77a4e28b1b8ce60e71","0x84315744d858cbefbd0f24748f61b4ce36c48962","0x8582a4f9a2364bbf58b13820b6475231eaf88e90","0x88b1ff64153a6c9644142e546d2047d026bdb9e9","0x8ed4b22c2e7489cec9a0597518cdf916947f2978","0x9687e32e906faf11ebe73ad3c93d7d0eec060537","0x969fafa259f28d8a49d18a3e34dd372e24e17dd0","0x9c8a7d90155ee178ade1b66e0d6b72c4d252447f","0x9d008edfe846d435796886fd8e8a2824189d81f3","0x9efe1dc19d2ead8bed8667af23c7c6ec25f4b43e","0xa0b3b1532b0bf2c8945ac429f91a642580ede166","0xa59286c2d1ddbaf94ec0f0e55ca502c3aaad7c70","0xab00ae8650dcf90c6a5b5a4e3d64a0854e54af94","0xb354af60d85e5fe431facdbb9388e4e4f70e1bbd","0xb9f7ecdd3475a7bfe4bec60bd70a936ebe1299fd","0xbd64843345158eb68b952fad728b15a8f58b19ed","0xc5aa62a70bedda5beef4caab5a7784b054c5c743","0xc6eedfcbb3b44cfe4e8424be34fcab4ed73036a1","0xc83e2e3becaadb048ce41db954f96fe852b25b0d","0xc8b5b0ea995b12da364bb216652302a5161bcd85","0xc9308110b7782cd23e5ab16bd12b72dd697e0a2e","0xce462148c5dc644085667fb4dcf67722b505d320","0xd8cc1d2da9ba559aff35b80813e9c5526a9caedf","0xda31f8955f9583fe9286f92f7e0ea2aff46e8d3f","0xdabf1adf9b8dfd751fa2d27d0ce616290c553b40","0xddf4a7f045e2368986091e1acb569162b7042b8b","0xde6a9a084393e9a6c3c11220e07baf877252895f","0xe0b7151c2ca832ae78a5de2a3b74a5d962ae0b97","0xe8a7fe3b74b61642a938f217e8c117ff922d5e47","0xec2b230a4513668c7090c9242bd32e5507452175","0xed170ee9717d2845402501ba1a2ad7b0ce201a46","0xee5c6d660a83e086610f2c9ebb88a1de83a856f5","0xf2325289c257139d5ad0e1529a391baac2b91e39","0xfb0b85ff94497b3cd0eb478f63dae3598a87e7fb"]
[INFO]: Récupération de tous les enregistrements de transactions depuis PostgreSQL...
[INFO]: Nombre total d'enregistrements existants récupérés: 9645
[INFO]: Nombre de nouvelles transactions à insérer : 0
[INFO]: Aucune nouvelle transaction à insérer.

[2025-03-30T05:00:05.656Z] ========== FIN DE L'EXÉCUTION (STATUT: success) ==========

[2025-03-30T06:00:00.904Z] ========== DÉBUT DE L'EXÉCUTION DE LA TÂCHE: Fetch YAM Transactions History (ID: 6) ==========
[2025-03-30T06:00:06.123Z] [INFO]: ========================================================================================
[INFO]: =============================== YAM Transactions History ===============================
[INFO]: ========================================================================================
[INFO]: Récupération de 121 wallets depuis PostgreSQL.
[INFO]: Accounts récupérés: ["0x027939a7e28873cb74e670efeafe1d40646bc380","0x042e4f113e24e2734100733cfeeae5d7c0ddd15b","0x080379395ad8b32936acfbdcfb4af160a873b927","0x0e955f9ffeead3083eaff8ae7e60479cc173437b","0x15630f70b116c0a0ed73e1d7233cedc94e926b49","0x166ed9f7a56053c7c4e77cb0c91a9e46bbc5e8b0","0x190a0af96c3f98d3c120860f1a3aef152acb0162","0x19e74a36978a9a37bdbe08f4d8093c31d7c174ce","0x1dc79eb47a762d96889a777dc06634e4f4a7e326","0x24521902825ce358d53e1b778ee115c7082ff5ae","0x24629cea734a84aba57436a4cb2e35d1450b378a","0x25db0ac55d40433bc1482abbeac5b2b0f4252099","0x35fecac0b11b4e3e87b1fdf448050957d4b1b24d","0x39c185721fbe8b350363e6b49801305d32485a45","0x3b5b5a2c114246cac80dcb83eb2476f23c12227e","0x4025aa0c62b973cd6a08e9a09755495647c0d1b3","0x462e909e31061298d5a3d15740fed37f81db1e49","0x47bc127cfa1fba111468c6db2975a2f6ef59e513","0x4ae8c67f5be60e7b833d3cc1f954f0f3a8d5edca","0x4dd57b2dbfbfadbdff109f3914db377d5add414b","0x4efa25f6f418ee9534039ed9448093f39f02f825","0x5050795761c5f4c63d4182ed268d614687134c58","0x54acabc64ec944037f5669bdcf4b535a32a9ed2d","0x57967c915a9940f43b23307f2fd388872527cc2e","0x5f6f0ae3c9ffce2eb60349161dd371554d19be19","0x60226baf4d3020f3714b30b8c1c690a48214734e","0x622344eec92c3de736e19ffbbe6e9cc017b2c6fe","0x6414615e1e3de2518dd1ada5c9b0d1015262acce","0x65dd1da49d64896a8315f61a143de97c6e401f5e","0x661ab2f856c9a858a7d125aa675eb3e1be57c831","0x669582b7e0e2a5487f7a7cd7a375495d367127b8","0x6c35b4f5f62b5c2c0e031a17ffae0b889e4dbdce","0x6fbf924388c74a1a61ad017ead8f4995a3f0ead6","0x7212bc69f9a51fafab4ae6806edd97e70f37108e","0x78bd96fbd3827e89591cfe7e8f1ea06f73c383ad","0x7a528dba83467b5913eb36c29a570c1243911357","0x7c680620a83bf08de3f37b4d3adbd92750792a0a","0x7e1d150bc5be5ada087dbf87408475a968ed0542","0x7e85c39420d9476175042997db1cb28c109b74b7","0x7ee567d2ac5dca4c422281deb1e2334a805ba6c1","0x83cfa4979ca7ed7877e46797b5f5b04bef0f7824","0x83fc27bc5fa8d6465b56cc77a4e28b1b8ce60e71","0x84315744d858cbefbd0f24748f61b4ce36c48962","0x8582a4f9a2364bbf58b13820b6475231eaf88e90","0x88b1ff64153a6c9644142e546d2047d026bdb9e9","0x8ed4b22c2e7489cec9a0597518cdf916947f2978","0x9687e32e906faf11ebe73ad3c93d7d0eec060537","0x969fafa259f28d8a49d18a3e34dd372e24e17dd0","0x9c8a7d90155ee178ade1b66e0d6b72c4d252447f","0x9d008edfe846d435796886fd8e8a2824189d81f3","0x9efe1dc19d2ead8bed8667af23c7c6ec25f4b43e","0xa0b3b1532b0bf2c8945ac429f91a642580ede166","0xa59286c2d1ddbaf94ec0f0e55ca502c3aaad7c70","0xab00ae8650dcf90c6a5b5a4e3d64a0854e54af94","0xb354af60d85e5fe431facdbb9388e4e4f70e1bbd","0xb9f7ecdd3475a7bfe4bec60bd70a936ebe1299fd","0xbd64843345158eb68b952fad728b15a8f58b19ed","0xc5aa62a70bedda5beef4caab5a7784b054c5c743","0xc6eedfcbb3b44cfe4e8424be34fcab4ed73036a1","0xc83e2e3becaadb048ce41db954f96fe852b25b0d","0xc8b5b0ea995b12da364bb216652302a5161bcd85","0xc9308110b7782cd23e5ab16bd12b72dd697e0a2e","0xce462148c5dc644085667fb4dcf67722b505d320","0xd8cc1d2da9ba559aff35b80813e9c5526a9caedf","0xda31f8955f9583fe9286f92f7e0ea2aff46e8d3f","0xdabf1adf9b8dfd751fa2d27d0ce616290c553b40","0xddf4a7f045e2368986091e1acb569162b7042b8b","0xde6a9a084393e9a6c3c11220e07baf877252895f","0xe0b7151c2ca832ae78a5de2a3b74a5d962ae0b97","0xe8a7fe3b74b61642a938f217e8c117ff922d5e47","0xec2b230a4513668c7090c9242bd32e5507452175","0xed170ee9717d2845402501ba1a2ad7b0ce201a46","0xee5c6d660a83e086610f2c9ebb88a1de83a856f5","0xf2325289c257139d5ad0e1529a391baac2b91e39","0xfb0b85ff94497b3cd0eb478f63dae3598a87e7fb"]
[INFO]: Récupération de tous les enregistrements de transactions depuis PostgreSQL...
[INFO]: Nombre total d'enregistrements existants récupérés: 9645
[INFO]: Nombre de nouvelles transactions à insérer : 0
[INFO]: Aucune nouvelle transaction à insérer.

[2025-03-30T06:00:06.123Z] ========== FIN DE L'EXÉCUTION (STATUT: success) ==========

[2025-03-30T07:00:00.229Z] ========== DÉBUT DE L'EXÉCUTION DE LA TÂCHE: Fetch YAM Transactions History (ID: 6) ==========
[2025-03-30T07:00:05.202Z] [INFO]: ========================================================================================
[INFO]: =============================== YAM Transactions History ===============================
[INFO]: ========================================================================================
[INFO]: Récupération de 121 wallets depuis PostgreSQL.
[INFO]: Accounts récupérés: ["0x027939a7e28873cb74e670efeafe1d40646bc380","0x042e4f113e24e2734100733cfeeae5d7c0ddd15b","0x080379395ad8b32936acfbdcfb4af160a873b927","0x0e955f9ffeead3083eaff8ae7e60479cc173437b","0x15630f70b116c0a0ed73e1d7233cedc94e926b49","0x166ed9f7a56053c7c4e77cb0c91a9e46bbc5e8b0","0x190a0af96c3f98d3c120860f1a3aef152acb0162","0x19e74a36978a9a37bdbe08f4d8093c31d7c174ce","0x1dc79eb47a762d96889a777dc06634e4f4a7e326","0x24521902825ce358d53e1b778ee115c7082ff5ae","0x24629cea734a84aba57436a4cb2e35d1450b378a","0x25db0ac55d40433bc1482abbeac5b2b0f4252099","0x35fecac0b11b4e3e87b1fdf448050957d4b1b24d","0x39c185721fbe8b350363e6b49801305d32485a45","0x3b5b5a2c114246cac80dcb83eb2476f23c12227e","0x4025aa0c62b973cd6a08e9a09755495647c0d1b3","0x462e909e31061298d5a3d15740fed37f81db1e49","0x47bc127cfa1fba111468c6db2975a2f6ef59e513","0x4ae8c67f5be60e7b833d3cc1f954f0f3a8d5edca","0x4dd57b2dbfbfadbdff109f3914db377d5add414b","0x4efa25f6f418ee9534039ed9448093f39f02f825","0x5050795761c5f4c63d4182ed268d614687134c58","0x54acabc64ec944037f5669bdcf4b535a32a9ed2d","0x57967c915a9940f43b23307f2fd388872527cc2e","0x5f6f0ae3c9ffce2eb60349161dd371554d19be19","0x60226baf4d3020f3714b30b8c1c690a48214734e","0x622344eec92c3de736e19ffbbe6e9cc017b2c6fe","0x6414615e1e3de2518dd1ada5c9b0d1015262acce","0x65dd1da49d64896a8315f61a143de97c6e401f5e","0x661ab2f856c9a858a7d125aa675eb3e1be57c831","0x669582b7e0e2a5487f7a7cd7a375495d367127b8","0x6c35b4f5f62b5c2c0e031a17ffae0b889e4dbdce","0x6fbf924388c74a1a61ad017ead8f4995a3f0ead6","0x7212bc69f9a51fafab4ae6806edd97e70f37108e","0x78bd96fbd3827e89591cfe7e8f1ea06f73c383ad","0x7a528dba83467b5913eb36c29a570c1243911357","0x7c680620a83bf08de3f37b4d3adbd92750792a0a","0x7e1d150bc5be5ada087dbf87408475a968ed0542","0x7e85c39420d9476175042997db1cb28c109b74b7","0x7ee567d2ac5dca4c422281deb1e2334a805ba6c1","0x83cfa4979ca7ed7877e46797b5f5b04bef0f7824","0x83fc27bc5fa8d6465b56cc77a4e28b1b8ce60e71","0x84315744d858cbefbd0f24748f61b4ce36c48962","0x8582a4f9a2364bbf58b13820b6475231eaf88e90","0x88b1ff64153a6c9644142e546d2047d026bdb9e9","0x8ed4b22c2e7489cec9a0597518cdf916947f2978","0x9687e32e906faf11ebe73ad3c93d7d0eec060537","0x969fafa259f28d8a49d18a3e34dd372e24e17dd0","0x9c8a7d90155ee178ade1b66e0d6b72c4d252447f","0x9d008edfe846d435796886fd8e8a2824189d81f3","0x9efe1dc19d2ead8bed8667af23c7c6ec25f4b43e","0xa0b3b1532b0bf2c8945ac429f91a642580ede166","0xa59286c2d1ddbaf94ec0f0e55ca502c3aaad7c70","0xab00ae8650dcf90c6a5b5a4e3d64a0854e54af94","0xb354af60d85e5fe431facdbb9388e4e4f70e1bbd","0xb9f7ecdd3475a7bfe4bec60bd70a936ebe1299fd","0xbd64843345158eb68b952fad728b15a8f58b19ed","0xc5aa62a70bedda5beef4caab5a7784b054c5c743","0xc6eedfcbb3b44cfe4e8424be34fcab4ed73036a1","0xc83e2e3becaadb048ce41db954f96fe852b25b0d","0xc8b5b0ea995b12da364bb216652302a5161bcd85","0xc9308110b7782cd23e5ab16bd12b72dd697e0a2e","0xce462148c5dc644085667fb4dcf67722b505d320","0xd8cc1d2da9ba559aff35b80813e9c5526a9caedf","0xda31f8955f9583fe9286f92f7e0ea2aff46e8d3f","0xdabf1adf9b8dfd751fa2d27d0ce616290c553b40","0xddf4a7f045e2368986091e1acb569162b7042b8b","0xde6a9a084393e9a6c3c11220e07baf877252895f","0xe0b7151c2ca832ae78a5de2a3b74a5d962ae0b97","0xe8a7fe3b74b61642a938f217e8c117ff922d5e47","0xec2b230a4513668c7090c9242bd32e5507452175","0xed170ee9717d2845402501ba1a2ad7b0ce201a46","0xee5c6d660a83e086610f2c9ebb88a1de83a856f5","0xf2325289c257139d5ad0e1529a391baac2b91e39","0xfb0b85ff94497b3cd0eb478f63dae3598a87e7fb"]
[INFO]: Récupération de tous les enregistrements de transactions depuis PostgreSQL...
[INFO]: Nombre total d'enregistrements existants récupérés: 9645
[INFO]: Nombre de nouvelles transactions à insérer : 3
[INFO]: Insertion des transactions réussie.

[2025-03-30T07:00:05.202Z] ========== FIN DE L'EXÉCUTION (STATUT: success) ==========

[2025-03-30T08:00:00.550Z] ========== DÉBUT DE L'EXÉCUTION DE LA TÂCHE: Fetch YAM Transactions History (ID: 6) ==========
[2025-03-30T08:00:08.309Z] [INFO]: ========================================================================================
[INFO]: =============================== YAM Transactions History ===============================
[INFO]: ========================================================================================
[INFO]: Récupération de 124 wallets depuis PostgreSQL.
[INFO]: Accounts récupérés: ["0x027939a7e28873cb74e670efeafe1d40646bc380","0x042e4f113e24e2734100733cfeeae5d7c0ddd15b","0x080379395ad8b32936acfbdcfb4af160a873b927","0x0e955f9ffeead3083eaff8ae7e60479cc173437b","0x15630f70b116c0a0ed73e1d7233cedc94e926b49","0x166ed9f7a56053c7c4e77cb0c91a9e46bbc5e8b0","0x190a0af96c3f98d3c120860f1a3aef152acb0162","0x19e74a36978a9a37bdbe08f4d8093c31d7c174ce","0x1dc79eb47a762d96889a777dc06634e4f4a7e326","0x24521902825ce358d53e1b778ee115c7082ff5ae","0x24629cea734a84aba57436a4cb2e35d1450b378a","0x25db0ac55d40433bc1482abbeac5b2b0f4252099","0x35fecac0b11b4e3e87b1fdf448050957d4b1b24d","0x39c185721fbe8b350363e6b49801305d32485a45","0x3b5b5a2c114246cac80dcb83eb2476f23c12227e","0x4025aa0c62b973cd6a08e9a09755495647c0d1b3","0x462e909e31061298d5a3d15740fed37f81db1e49","0x47bc127cfa1fba111468c6db2975a2f6ef59e513","0x4ae8c67f5be60e7b833d3cc1f954f0f3a8d5edca","0x4dd57b2dbfbfadbdff109f3914db377d5add414b","0x4efa25f6f418ee9534039ed9448093f39f02f825","0x5050795761c5f4c63d4182ed268d614687134c58","0x54acabc64ec944037f5669bdcf4b535a32a9ed2d","0x57967c915a9940f43b23307f2fd388872527cc2e","0x5f6f0ae3c9ffce2eb60349161dd371554d19be19","0x60226baf4d3020f3714b30b8c1c690a48214734e","0x622344eec92c3de736e19ffbbe6e9cc017b2c6fe","0x6414615e1e3de2518dd1ada5c9b0d1015262acce","0x65dd1da49d64896a8315f61a143de97c6e401f5e","0x661ab2f856c9a858a7d125aa675eb3e1be57c831","0x669582b7e0e2a5487f7a7cd7a375495d367127b8","0x6c35b4f5f62b5c2c0e031a17ffae0b889e4dbdce","0x6fbf924388c74a1a61ad017ead8f4995a3f0ead6","0x7212bc69f9a51fafab4ae6806edd97e70f37108e","0x78bd96fbd3827e89591cfe7e8f1ea06f73c383ad","0x7a528dba83467b5913eb36c29a570c1243911357","0x7c680620a83bf08de3f37b4d3adbd92750792a0a","0x7e1d150bc5be5ada087dbf87408475a968ed0542","0x7e85c39420d9476175042997db1cb28c109b74b7","0x7ee567d2ac5dca4c422281deb1e2334a805ba6c1","0x83cfa4979ca7ed7877e46797b5f5b04bef0f7824","0x83fc27bc5fa8d6465b56cc77a4e28b1b8ce60e71","0x84315744d858cbefbd0f24748f61b4ce36c48962","0x8582a4f9a2364bbf58b13820b6475231eaf88e90","0x88b1ff64153a6c9644142e546d2047d026bdb9e9","0x8ed4b22c2e7489cec9a0597518cdf916947f2978","0x9687e32e906faf11ebe73ad3c93d7d0eec060537","0x969fafa259f28d8a49d18a3e34dd372e24e17dd0","0x9c8a7d90155ee178ade1b66e0d6b72c4d252447f","0x9d008edfe846d435796886fd8e8a2824189d81f3","0x9efe1dc19d2ead8bed8667af23c7c6ec25f4b43e","0xa0b3b1532b0bf2c8945ac429f91a642580ede166","0xa59286c2d1ddbaf94ec0f0e55ca502c3aaad7c70","0xab00ae8650dcf90c6a5b5a4e3d64a0854e54af94","0xb354af60d85e5fe431facdbb9388e4e4f70e1bbd","0xb9f7ecdd3475a7bfe4bec60bd70a936ebe1299fd","0xbd64843345158eb68b952fad728b15a8f58b19ed","0xc5aa62a70bedda5beef4caab5a7784b054c5c743","0xc6eedfcbb3b44cfe4e8424be34fcab4ed73036a1","0xc83e2e3becaadb048ce41db954f96fe852b25b0d","0xc8b5b0ea995b12da364bb216652302a5161bcd85","0xc9308110b7782cd23e5ab16bd12b72dd697e0a2e","0xcb696b97d7871ac5406d143f4b1e971e0469ebd6","0xce462148c5dc644085667fb4dcf67722b505d320","0xd8cc1d2da9ba559aff35b80813e9c5526a9caedf","0xda31f8955f9583fe9286f92f7e0ea2aff46e8d3f","0xdabf1adf9b8dfd751fa2d27d0ce616290c553b40","0xddf4a7f045e2368986091e1acb569162b7042b8b","0xde6a9a084393e9a6c3c11220e07baf877252895f","0xe0b7151c2ca832ae78a5de2a3b74a5d962ae0b97","0xe8a7fe3b74b61642a938f217e8c117ff922d5e47","0xec2b230a4513668c7090c9242bd32e5507452175","0xed170ee9717d2845402501ba1a2ad7b0ce201a46","0xee5c6d660a83e086610f2c9ebb88a1de83a856f5","0xf2325289c257139d5ad0e1529a391baac2b91e39","0xfb0b85ff94497b3cd0eb478f63dae3598a87e7fb"]
[INFO]: Récupération de tous les enregistrements de transactions depuis PostgreSQL...
[INFO]: Nombre total d'enregistrements existants récupérés: 9648
[INFO]: Nombre de nouvelles transactions à insérer : 54
[INFO]: Insertion des transactions réussie.

[2025-03-30T08:00:08.309Z] ========== FIN DE L'EXÉCUTION (STATUT: success) ==========

[2025-03-30T09:00:00.525Z] ========== DÉBUT DE L'EXÉCUTION DE LA TÂCHE: Fetch YAM Transactions History (ID: 6) ==========
[2025-03-30T09:00:09.304Z] [INFO]: ========================================================================================
[INFO]: =============================== YAM Transactions History ===============================
[INFO]: ========================================================================================
[INFO]: Récupération de 127 wallets depuis PostgreSQL.
[INFO]: Accounts récupérés: ["0x027939a7e28873cb74e670efeafe1d40646bc380","0x042e4f113e24e2734100733cfeeae5d7c0ddd15b","0x080379395ad8b32936acfbdcfb4af160a873b927","0x0e955f9ffeead3083eaff8ae7e60479cc173437b","0x10df7dd932e655c01cc7a35ec23711b1d4153882","0x12f3ae173593c2ceaa9046b36019743f8ed2c26d","0x15630f70b116c0a0ed73e1d7233cedc94e926b49","0x166ed9f7a56053c7c4e77cb0c91a9e46bbc5e8b0","0x190a0af96c3f98d3c120860f1a3aef152acb0162","0x19e74a36978a9a37bdbe08f4d8093c31d7c174ce","0x1dc79eb47a762d96889a777dc06634e4f4a7e326","0x24521902825ce358d53e1b778ee115c7082ff5ae","0x24629cea734a84aba57436a4cb2e35d1450b378a","0x25db0ac55d40433bc1482abbeac5b2b0f4252099","0x35fecac0b11b4e3e87b1fdf448050957d4b1b24d","0x39c185721fbe8b350363e6b49801305d32485a45","0x3b5b5a2c114246cac80dcb83eb2476f23c12227e","0x4025aa0c62b973cd6a08e9a09755495647c0d1b3","0x462e909e31061298d5a3d15740fed37f81db1e49","0x47bc127cfa1fba111468c6db2975a2f6ef59e513","0x4ae8c67f5be60e7b833d3cc1f954f0f3a8d5edca","0x4dd57b2dbfbfadbdff109f3914db377d5add414b","0x4efa25f6f418ee9534039ed9448093f39f02f825","0x5050795761c5f4c63d4182ed268d614687134c58","0x54acabc64ec944037f5669bdcf4b535a32a9ed2d","0x57967c915a9940f43b23307f2fd388872527cc2e","0x5f6f0ae3c9ffce2eb60349161dd371554d19be19","0x60226baf4d3020f3714b30b8c1c690a48214734e","0x622344eec92c3de736e19ffbbe6e9cc017b2c6fe","0x6414615e1e3de2518dd1ada5c9b0d1015262acce","0x65dd1da49d64896a8315f61a143de97c6e401f5e","0x661ab2f856c9a858a7d125aa675eb3e1be57c831","0x669582b7e0e2a5487f7a7cd7a375495d367127b8","0x6c35b4f5f62b5c2c0e031a17ffae0b889e4dbdce","0x6fbf924388c74a1a61ad017ead8f4995a3f0ead6","0x7212bc69f9a51fafab4ae6806edd97e70f37108e","0x78bd96fbd3827e89591cfe7e8f1ea06f73c383ad","0x7a528dba83467b5913eb36c29a570c1243911357","0x7c680620a83bf08de3f37b4d3adbd92750792a0a","0x7e1d150bc5be5ada087dbf87408475a968ed0542","0x7e85c39420d9476175042997db1cb28c109b74b7","0x7ee567d2ac5dca4c422281deb1e2334a805ba6c1","0x81913465f6f82a194078d73858e6ec54a898f4aa","0x83cfa4979ca7ed7877e46797b5f5b04bef0f7824","0x83fc27bc5fa8d6465b56cc77a4e28b1b8ce60e71","0x84315744d858cbefbd0f24748f61b4ce36c48962","0x8582a4f9a2364bbf58b13820b6475231eaf88e90","0x88b1ff64153a6c9644142e546d2047d026bdb9e9","0x8ed4b22c2e7489cec9a0597518cdf916947f2978","0x9687e32e906faf11ebe73ad3c93d7d0eec060537","0x969fafa259f28d8a49d18a3e34dd372e24e17dd0","0x9c8a7d90155ee178ade1b66e0d6b72c4d252447f","0x9d008edfe846d435796886fd8e8a2824189d81f3","0x9efe1dc19d2ead8bed8667af23c7c6ec25f4b43e","0xa0b3b1532b0bf2c8945ac429f91a642580ede166","0xa59286c2d1ddbaf94ec0f0e55ca502c3aaad7c70","0xab00ae8650dcf90c6a5b5a4e3d64a0854e54af94","0xb354af60d85e5fe431facdbb9388e4e4f70e1bbd","0xb9f7ecdd3475a7bfe4bec60bd70a936ebe1299fd","0xbd64843345158eb68b952fad728b15a8f58b19ed","0xc5aa62a70bedda5beef4caab5a7784b054c5c743","0xc6eedfcbb3b44cfe4e8424be34fcab4ed73036a1","0xc83e2e3becaadb048ce41db954f96fe852b25b0d","0xc8b5b0ea995b12da364bb216652302a5161bcd85","0xc9308110b7782cd23e5ab16bd12b72dd697e0a2e","0xcb696b97d7871ac5406d143f4b1e971e0469ebd6","0xce462148c5dc644085667fb4dcf67722b505d320","0xd8cc1d2da9ba559aff35b80813e9c5526a9caedf","0xda31f8955f9583fe9286f92f7e0ea2aff46e8d3f","0xdabf1adf9b8dfd751fa2d27d0ce616290c553b40","0xddf4a7f045e2368986091e1acb569162b7042b8b","0xde6a9a084393e9a6c3c11220e07baf877252895f","0xe0b7151c2ca832ae78a5de2a3b74a5d962ae0b97","0xe8a7fe3b74b61642a938f217e8c117ff922d5e47","0xec2b230a4513668c7090c9242bd32e5507452175","0xed170ee9717d2845402501ba1a2ad7b0ce201a46","0xee5c6d660a83e086610f2c9ebb88a1de83a856f5","0xf2325289c257139d5ad0e1529a391baac2b91e39","0xfb0b85ff94497b3cd0eb478f63dae3598a87e7fb"]
[INFO]: Récupération de tous les enregistrements de transactions depuis PostgreSQL...
[INFO]: Nombre total d'enregistrements existants récupérés: 9702
[INFO]: Nombre de nouvelles transactions à insérer : 30
[INFO]: Insertion des transactions réussie.

[2025-03-30T09:00:09.305Z] ========== FIN DE L'EXÉCUTION (STATUT: success) ==========

[2025-03-30T10:00:00.874Z] ========== DÉBUT DE L'EXÉCUTION DE LA TÂCHE: Fetch YAM Transactions History (ID: 6) ==========
[2025-03-30T10:00:09.014Z] [INFO]: ========================================================================================
[INFO]: =============================== YAM Transactions History ===============================
[INFO]: ========================================================================================
[INFO]: Récupération de 129 wallets depuis PostgreSQL.
[INFO]: Accounts récupérés: ["0x027939a7e28873cb74e670efeafe1d40646bc380","0x042e4f113e24e2734100733cfeeae5d7c0ddd15b","0x080379395ad8b32936acfbdcfb4af160a873b927","0x0e955f9ffeead3083eaff8ae7e60479cc173437b","0x10df7dd932e655c01cc7a35ec23711b1d4153882","0x12f3ae173593c2ceaa9046b36019743f8ed2c26d","0x15630f70b116c0a0ed73e1d7233cedc94e926b49","0x166ed9f7a56053c7c4e77cb0c91a9e46bbc5e8b0","0x190a0af96c3f98d3c120860f1a3aef152acb0162","0x19e74a36978a9a37bdbe08f4d8093c31d7c174ce","0x1dc79eb47a762d96889a777dc06634e4f4a7e326","0x24521902825ce358d53e1b778ee115c7082ff5ae","0x24629cea734a84aba57436a4cb2e35d1450b378a","0x25db0ac55d40433bc1482abbeac5b2b0f4252099","0x35fecac0b11b4e3e87b1fdf448050957d4b1b24d","0x39c185721fbe8b350363e6b49801305d32485a45","0x3b5b5a2c114246cac80dcb83eb2476f23c12227e","0x4025aa0c62b973cd6a08e9a09755495647c0d1b3","0x462e909e31061298d5a3d15740fed37f81db1e49","0x47bc127cfa1fba111468c6db2975a2f6ef59e513","0x4ae8c67f5be60e7b833d3cc1f954f0f3a8d5edca","0x4dd57b2dbfbfadbdff109f3914db377d5add414b","0x4efa25f6f418ee9534039ed9448093f39f02f825","0x5050795761c5f4c63d4182ed268d614687134c58","0x54acabc64ec944037f5669bdcf4b535a32a9ed2d","0x57967c915a9940f43b23307f2fd388872527cc2e","0x5f6f0ae3c9ffce2eb60349161dd371554d19be19","0x60226baf4d3020f3714b30b8c1c690a48214734e","0x622344eec92c3de736e19ffbbe6e9cc017b2c6fe","0x6414615e1e3de2518dd1ada5c9b0d1015262acce","0x65dd1da49d64896a8315f61a143de97c6e401f5e","0x661ab2f856c9a858a7d125aa675eb3e1be57c831","0x669582b7e0e2a5487f7a7cd7a375495d367127b8","0x6c35b4f5f62b5c2c0e031a17ffae0b889e4dbdce","0x6fbf924388c74a1a61ad017ead8f4995a3f0ead6","0x7212bc69f9a51fafab4ae6806edd97e70f37108e","0x78bd96fbd3827e89591cfe7e8f1ea06f73c383ad","0x7a528dba83467b5913eb36c29a570c1243911357","0x7c680620a83bf08de3f37b4d3adbd92750792a0a","0x7e1d150bc5be5ada087dbf87408475a968ed0542","0x7e85c39420d9476175042997db1cb28c109b74b7","0x7ee567d2ac5dca4c422281deb1e2334a805ba6c1","0x81913465f6f82a194078d73858e6ec54a898f4aa","0x83cfa4979ca7ed7877e46797b5f5b04bef0f7824","0x83fc27bc5fa8d6465b56cc77a4e28b1b8ce60e71","0x84315744d858cbefbd0f24748f61b4ce36c48962","0x8582a4f9a2364bbf58b13820b6475231eaf88e90","0x88b1ff64153a6c9644142e546d2047d026bdb9e9","0x8ed4b22c2e7489cec9a0597518cdf916947f2978","0x9687e32e906faf11ebe73ad3c93d7d0eec060537","0x969fafa259f28d8a49d18a3e34dd372e24e17dd0","0x9c8a7d90155ee178ade1b66e0d6b72c4d252447f","0x9d008edfe846d435796886fd8e8a2824189d81f3","0x9efe1dc19d2ead8bed8667af23c7c6ec25f4b43e","0xa0b3b1532b0bf2c8945ac429f91a642580ede166","0xa59286c2d1ddbaf94ec0f0e55ca502c3aaad7c70","0xab00ae8650dcf90c6a5b5a4e3d64a0854e54af94","0xb354af60d85e5fe431facdbb9388e4e4f70e1bbd","0xb9f7ecdd3475a7bfe4bec60bd70a936ebe1299fd","0xbd64843345158eb68b952fad728b15a8f58b19ed","0xc5aa62a70bedda5beef4caab5a7784b054c5c743","0xc6eedfcbb3b44cfe4e8424be34fcab4ed73036a1","0xc83e2e3becaadb048ce41db954f96fe852b25b0d","0xc8b5b0ea995b12da364bb216652302a5161bcd85","0xc9308110b7782cd23e5ab16bd12b72dd697e0a2e","0xcb696b97d7871ac5406d143f4b1e971e0469ebd6","0xce462148c5dc644085667fb4dcf67722b505d320","0xd8cc1d2da9ba559aff35b80813e9c5526a9caedf","0xda31f8955f9583fe9286f92f7e0ea2aff46e8d3f","0xdabf1adf9b8dfd751fa2d27d0ce616290c553b40","0xddf4a7f045e2368986091e1acb569162b7042b8b","0xde6a9a084393e9a6c3c11220e07baf877252895f","0xe0b7151c2ca832ae78a5de2a3b74a5d962ae0b97","0xe8a7fe3b74b61642a938f217e8c117ff922d5e47","0xec2b230a4513668c7090c9242bd32e5507452175","0xed170ee9717d2845402501ba1a2ad7b0ce201a46","0xee5c6d660a83e086610f2c9ebb88a1de83a856f5","0xf2325289c257139d5ad0e1529a391baac2b91e39","0xfb0b85ff94497b3cd0eb478f63dae3598a87e7fb"]
[INFO]: Récupération de tous les enregistrements de transactions depuis PostgreSQL...
[INFO]: Nombre total d'enregistrements existants récupérés: 9732
[INFO]: Nombre de nouvelles transactions à insérer : 0
[INFO]: Aucune nouvelle transaction à insérer.

[2025-03-30T10:00:09.014Z] ========== FIN DE L'EXÉCUTION (STATUT: success) ==========

[2025-03-30T11:00:00.234Z] ========== DÉBUT DE L'EXÉCUTION DE LA TÂCHE: Fetch YAM Transactions History (ID: 6) ==========
[2025-03-30T11:00:05.673Z] [INFO]: ========================================================================================
[INFO]: =============================== YAM Transactions History ===============================
[INFO]: ========================================================================================
[INFO]: Récupération de 129 wallets depuis PostgreSQL.
[INFO]: Accounts récupérés: ["0x027939a7e28873cb74e670efeafe1d40646bc380","0x042e4f113e24e2734100733cfeeae5d7c0ddd15b","0x080379395ad8b32936acfbdcfb4af160a873b927","0x0e955f9ffeead3083eaff8ae7e60479cc173437b","0x10df7dd932e655c01cc7a35ec23711b1d4153882","0x12f3ae173593c2ceaa9046b36019743f8ed2c26d","0x15630f70b116c0a0ed73e1d7233cedc94e926b49","0x166ed9f7a56053c7c4e77cb0c91a9e46bbc5e8b0","0x190a0af96c3f98d3c120860f1a3aef152acb0162","0x19e74a36978a9a37bdbe08f4d8093c31d7c174ce","0x1dc79eb47a762d96889a777dc06634e4f4a7e326","0x24521902825ce358d53e1b778ee115c7082ff5ae","0x24629cea734a84aba57436a4cb2e35d1450b378a","0x25db0ac55d40433bc1482abbeac5b2b0f4252099","0x35fecac0b11b4e3e87b1fdf448050957d4b1b24d","0x39c185721fbe8b350363e6b49801305d32485a45","0x3b5b5a2c114246cac80dcb83eb2476f23c12227e","0x4025aa0c62b973cd6a08e9a09755495647c0d1b3","0x462e909e31061298d5a3d15740fed37f81db1e49","0x47bc127cfa1fba111468c6db2975a2f6ef59e513","0x4ae8c67f5be60e7b833d3cc1f954f0f3a8d5edca","0x4dd57b2dbfbfadbdff109f3914db377d5add414b","0x4efa25f6f418ee9534039ed9448093f39f02f825","0x5050795761c5f4c63d4182ed268d614687134c58","0x54acabc64ec944037f5669bdcf4b535a32a9ed2d","0x57967c915a9940f43b23307f2fd388872527cc2e","0x5f6f0ae3c9ffce2eb60349161dd371554d19be19","0x60226baf4d3020f3714b30b8c1c690a48214734e","0x622344eec92c3de736e19ffbbe6e9cc017b2c6fe","0x6414615e1e3de2518dd1ada5c9b0d1015262acce","0x65dd1da49d64896a8315f61a143de97c6e401f5e","0x661ab2f856c9a858a7d125aa675eb3e1be57c831","0x669582b7e0e2a5487f7a7cd7a375495d367127b8","0x6c35b4f5f62b5c2c0e031a17ffae0b889e4dbdce","0x6fbf924388c74a1a61ad017ead8f4995a3f0ead6","0x7212bc69f9a51fafab4ae6806edd97e70f37108e","0x78bd96fbd3827e89591cfe7e8f1ea06f73c383ad","0x7a528dba83467b5913eb36c29a570c1243911357","0x7c680620a83bf08de3f37b4d3adbd92750792a0a","0x7e1d150bc5be5ada087dbf87408475a968ed0542","0x7e85c39420d9476175042997db1cb28c109b74b7","0x7ee567d2ac5dca4c422281deb1e2334a805ba6c1","0x81913465f6f82a194078d73858e6ec54a898f4aa","0x83cfa4979ca7ed7877e46797b5f5b04bef0f7824","0x83fc27bc5fa8d6465b56cc77a4e28b1b8ce60e71","0x84315744d858cbefbd0f24748f61b4ce36c48962","0x8582a4f9a2364bbf58b13820b6475231eaf88e90","0x88b1ff64153a6c9644142e546d2047d026bdb9e9","0x8ed4b22c2e7489cec9a0597518cdf916947f2978","0x9687e32e906faf11ebe73ad3c93d7d0eec060537","0x969fafa259f28d8a49d18a3e34dd372e24e17dd0","0x9c8a7d90155ee178ade1b66e0d6b72c4d252447f","0x9d008edfe846d435796886fd8e8a2824189d81f3","0x9efe1dc19d2ead8bed8667af23c7c6ec25f4b43e","0xa0b3b1532b0bf2c8945ac429f91a642580ede166","0xa59286c2d1ddbaf94ec0f0e55ca502c3aaad7c70","0xab00ae8650dcf90c6a5b5a4e3d64a0854e54af94","0xb354af60d85e5fe431facdbb9388e4e4f70e1bbd","0xb9f7ecdd3475a7bfe4bec60bd70a936ebe1299fd","0xbd64843345158eb68b952fad728b15a8f58b19ed","0xc5aa62a70bedda5beef4caab5a7784b054c5c743","0xc6eedfcbb3b44cfe4e8424be34fcab4ed73036a1","0xc83e2e3becaadb048ce41db954f96fe852b25b0d","0xc8b5b0ea995b12da364bb216652302a5161bcd85","0xc9308110b7782cd23e5ab16bd12b72dd697e0a2e","0xcb696b97d7871ac5406d143f4b1e971e0469ebd6","0xce462148c5dc644085667fb4dcf67722b505d320","0xd8cc1d2da9ba559aff35b80813e9c5526a9caedf","0xda31f8955f9583fe9286f92f7e0ea2aff46e8d3f","0xdabf1adf9b8dfd751fa2d27d0ce616290c553b40","0xddf4a7f045e2368986091e1acb569162b7042b8b","0xde6a9a084393e9a6c3c11220e07baf877252895f","0xe0b7151c2ca832ae78a5de2a3b74a5d962ae0b97","0xe8a7fe3b74b61642a938f217e8c117ff922d5e47","0xec2b230a4513668c7090c9242bd32e5507452175","0xed170ee9717d2845402501ba1a2ad7b0ce201a46","0xee5c6d660a83e086610f2c9ebb88a1de83a856f5","0xf2325289c257139d5ad0e1529a391baac2b91e39","0xfb0b85ff94497b3cd0eb478f63dae3598a87e7fb"]
[INFO]: Récupération de tous les enregistrements de transactions depuis PostgreSQL...
[INFO]: Nombre total d'enregistrements existants récupérés: 9732
[INFO]: Nombre de nouvelles transactions à insérer : 0
[INFO]: Aucune nouvelle transaction à insérer.

[2025-03-30T11:00:05.674Z] ========== FIN DE L'EXÉCUTION (STATUT: success) ==========

[2025-03-30T12:00:00.090Z] ========== DÉBUT DE L'EXÉCUTION DE LA TÂCHE: Fetch YAM Transactions History (ID: 6) ==========
[2025-03-30T12:00:15.348Z] [INFO]: ========================================================================================
[INFO]: =============================== YAM Transactions History ===============================
[INFO]: ========================================================================================
[INFO]: Récupération de 133 wallets depuis PostgreSQL.
[INFO]: Accounts récupérés: ["0x020153ef669a1c768f7482b989c1d8902e577c40","0x027939a7e28873cb74e670efeafe1d40646bc380","0x032800d30d1c84c752a7b37193a375a2d9669a1a","0x042e4f113e24e2734100733cfeeae5d7c0ddd15b","0x080379395ad8b32936acfbdcfb4af160a873b927","0x0e955f9ffeead3083eaff8ae7e60479cc173437b","0x10df7dd932e655c01cc7a35ec23711b1d4153882","0x12f3ae173593c2ceaa9046b36019743f8ed2c26d","0x15630f70b116c0a0ed73e1d7233cedc94e926b49","0x166ed9f7a56053c7c4e77cb0c91a9e46bbc5e8b0","0x190a0af96c3f98d3c120860f1a3aef152acb0162","0x19e74a36978a9a37bdbe08f4d8093c31d7c174ce","0x1dc79eb47a762d96889a777dc06634e4f4a7e326","0x24521902825ce358d53e1b778ee115c7082ff5ae","0x24629cea734a84aba57436a4cb2e35d1450b378a","0x25db0ac55d40433bc1482abbeac5b2b0f4252099","0x35fecac0b11b4e3e87b1fdf448050957d4b1b24d","0x39c185721fbe8b350363e6b49801305d32485a45","0x3b5b5a2c114246cac80dcb83eb2476f23c12227e","0x3e70f59e872846f7c17328ab179b900fbf43f0f4","0x4025aa0c62b973cd6a08e9a09755495647c0d1b3","0x462e909e31061298d5a3d15740fed37f81db1e49","0x47bc127cfa1fba111468c6db2975a2f6ef59e513","0x4ae8c67f5be60e7b833d3cc1f954f0f3a8d5edca","0x4dd57b2dbfbfadbdff109f3914db377d5add414b","0x4efa25f6f418ee9534039ed9448093f39f02f825","0x5050795761c5f4c63d4182ed268d614687134c58","0x54acabc64ec944037f5669bdcf4b535a32a9ed2d","0x57967c915a9940f43b23307f2fd388872527cc2e","0x5f6f0ae3c9ffce2eb60349161dd371554d19be19","0x60226baf4d3020f3714b30b8c1c690a48214734e","0x622344eec92c3de736e19ffbbe6e9cc017b2c6fe","0x6414615e1e3de2518dd1ada5c9b0d1015262acce","0x65dd1da49d64896a8315f61a143de97c6e401f5e","0x661ab2f856c9a858a7d125aa675eb3e1be57c831","0x669582b7e0e2a5487f7a7cd7a375495d367127b8","0x6c35b4f5f62b5c2c0e031a17ffae0b889e4dbdce","0x6fbf924388c74a1a61ad017ead8f4995a3f0ead6","0x7212bc69f9a51fafab4ae6806edd97e70f37108e","0x78bd96fbd3827e89591cfe7e8f1ea06f73c383ad","0x7a528dba83467b5913eb36c29a570c1243911357","0x7c680620a83bf08de3f37b4d3adbd92750792a0a","0x7e1d150bc5be5ada087dbf87408475a968ed0542","0x7e85c39420d9476175042997db1cb28c109b74b7","0x7ee567d2ac5dca4c422281deb1e2334a805ba6c1","0x81913465f6f82a194078d73858e6ec54a898f4aa","0x83cfa4979ca7ed7877e46797b5f5b04bef0f7824","0x83fc27bc5fa8d6465b56cc77a4e28b1b8ce60e71","0x84315744d858cbefbd0f24748f61b4ce36c48962","0x8582a4f9a2364bbf58b13820b6475231eaf88e90","0x88b1ff64153a6c9644142e546d2047d026bdb9e9","0x8ed4b22c2e7489cec9a0597518cdf916947f2978","0x9687e32e906faf11ebe73ad3c93d7d0eec060537","0x969fafa259f28d8a49d18a3e34dd372e24e17dd0","0x9c8a7d90155ee178ade1b66e0d6b72c4d252447f","0x9d008edfe846d435796886fd8e8a2824189d81f3","0x9efe1dc19d2ead8bed8667af23c7c6ec25f4b43e","0xa0b3b1532b0bf2c8945ac429f91a642580ede166","0xa59286c2d1ddbaf94ec0f0e55ca502c3aaad7c70","0xab00ae8650dcf90c6a5b5a4e3d64a0854e54af94","0xb354af60d85e5fe431facdbb9388e4e4f70e1bbd","0xb9f7ecdd3475a7bfe4bec60bd70a936ebe1299fd","0xbd64843345158eb68b952fad728b15a8f58b19ed","0xc5aa62a70bedda5beef4caab5a7784b054c5c743","0xc6eedfcbb3b44cfe4e8424be34fcab4ed73036a1","0xc83e2e3becaadb048ce41db954f96fe852b25b0d","0xc8b5b0ea995b12da364bb216652302a5161bcd85","0xc9308110b7782cd23e5ab16bd12b72dd697e0a2e","0xcb696b97d7871ac5406d143f4b1e971e0469ebd6","0xce462148c5dc644085667fb4dcf67722b505d320","0xd8cc1d2da9ba559aff35b80813e9c5526a9caedf","0xda31f8955f9583fe9286f92f7e0ea2aff46e8d3f","0xdabf1adf9b8dfd751fa2d27d0ce616290c553b40","0xddf4a7f045e2368986091e1acb569162b7042b8b","0xde6a9a084393e9a6c3c11220e07baf877252895f","0xe0b7151c2ca832ae78a5de2a3b74a5d962ae0b97","0xe8a7fe3b74b61642a938f217e8c117ff922d5e47","0xec2b230a4513668c7090c9242bd32e5507452175","0xed170ee9717d2845402501ba1a2ad7b0ce201a46","0xee5c6d660a83e086610f2c9ebb88a1de83a856f5","0xf2325289c257139d5ad0e1529a391baac2b91e39","0xfb0b85ff94497b3cd0eb478f63dae3598a87e7fb"]
[INFO]: Récupération de tous les enregistrements de transactions depuis PostgreSQL...
[INFO]: Nombre total d'enregistrements existants récupérés: 9732
[INFO]: Nombre de nouvelles transactions à insérer : 703
[INFO]: Insertion des transactions réussie.

[2025-03-30T12:00:15.348Z] ========== FIN DE L'EXÉCUTION (STATUT: success) ==========

[2025-03-30T13:00:00.097Z] ========== DÉBUT DE L'EXÉCUTION DE LA TÂCHE: Fetch YAM Transactions History (ID: 6) ==========
[2025-03-30T13:00:22.656Z] [INFO]: ========================================================================================
[INFO]: =============================== YAM Transactions History ===============================
[INFO]: ========================================================================================
[INFO]: Récupération de 150 wallets depuis PostgreSQL.
[INFO]: Accounts récupérés: ["0x020153ef669a1c768f7482b989c1d8902e577c40","0x027939a7e28873cb74e670efeafe1d40646bc380","0x032800d30d1c84c752a7b37193a375a2d9669a1a","0x042e4f113e24e2734100733cfeeae5d7c0ddd15b","0x080379395ad8b32936acfbdcfb4af160a873b927","0x0e955f9ffeead3083eaff8ae7e60479cc173437b","0x10df7dd932e655c01cc7a35ec23711b1d4153882","0x12f3ae173593c2ceaa9046b36019743f8ed2c26d","0x15630f70b116c0a0ed73e1d7233cedc94e926b49","0x166ed9f7a56053c7c4e77cb0c91a9e46bbc5e8b0","0x190a0af96c3f98d3c120860f1a3aef152acb0162","0x19e74a36978a9a37bdbe08f4d8093c31d7c174ce","0x1dc79eb47a762d96889a777dc06634e4f4a7e326","0x24521902825ce358d53e1b778ee115c7082ff5ae","0x24629cea734a84aba57436a4cb2e35d1450b378a","0x25db0ac55d40433bc1482abbeac5b2b0f4252099","0x296fb7be365498cde47079c302e82a82721953d6","0x351be75fada93b1f19440d966eaca5bcec8303c7","0x35fecac0b11b4e3e87b1fdf448050957d4b1b24d","0x39c185721fbe8b350363e6b49801305d32485a45","0x3b5b5a2c114246cac80dcb83eb2476f23c12227e","0x3e70f59e872846f7c17328ab179b900fbf43f0f4","0x4025aa0c62b973cd6a08e9a09755495647c0d1b3","0x462e909e31061298d5a3d15740fed37f81db1e49","0x47bc127cfa1fba111468c6db2975a2f6ef59e513","0x4ae8c67f5be60e7b833d3cc1f954f0f3a8d5edca","0x4dd57b2dbfbfadbdff109f3914db377d5add414b","0x4e9d67339eeefc8f5666d5276159e7e9302d81c6","0x4efa25f6f418ee9534039ed9448093f39f02f825","0x5050795761c5f4c63d4182ed268d614687134c58","0x54acabc64ec944037f5669bdcf4b535a32a9ed2d","0x57967c915a9940f43b23307f2fd388872527cc2e","0x57a6876ca54cd371f52a1a32f93f1d626d47a2c9","0x5f6f0ae3c9ffce2eb60349161dd371554d19be19","0x60226baf4d3020f3714b30b8c1c690a48214734e","0x622344eec92c3de736e19ffbbe6e9cc017b2c6fe","0x6414615e1e3de2518dd1ada5c9b0d1015262acce","0x65dd1da49d64896a8315f61a143de97c6e401f5e","0x661ab2f856c9a858a7d125aa675eb3e1be57c831","0x669582b7e0e2a5487f7a7cd7a375495d367127b8","0x6c35b4f5f62b5c2c0e031a17ffae0b889e4dbdce","0x6fbf924388c74a1a61ad017ead8f4995a3f0ead6","0x712b6ece8e488d48f54782a6fe0f59aefdef12c5","0x7212bc69f9a51fafab4ae6806edd97e70f37108e","0x78bd96fbd3827e89591cfe7e8f1ea06f73c383ad","0x7a528dba83467b5913eb36c29a570c1243911357","0x7acd0c333030ec2c74a61eba14940796dc87cdff","0x7c680620a83bf08de3f37b4d3adbd92750792a0a","0x7e1d150bc5be5ada087dbf87408475a968ed0542","0x7e85c39420d9476175042997db1cb28c109b74b7","0x7ee567d2ac5dca4c422281deb1e2334a805ba6c1","0x81396fa062dff8d04ea27ae6b18c81a2b0b98c93","0x81913465f6f82a194078d73858e6ec54a898f4aa","0x83cfa4979ca7ed7877e46797b5f5b04bef0f7824","0x83fc27bc5fa8d6465b56cc77a4e28b1b8ce60e71","0x84315744d858cbefbd0f24748f61b4ce36c48962","0x8582a4f9a2364bbf58b13820b6475231eaf88e90","0x88b1ff64153a6c9644142e546d2047d026bdb9e9","0x8ed4b22c2e7489cec9a0597518cdf916947f2978","0x9687e32e906faf11ebe73ad3c93d7d0eec060537","0x969fafa259f28d8a49d18a3e34dd372e24e17dd0","0x9c8a7d90155ee178ade1b66e0d6b72c4d252447f","0x9d008edfe846d435796886fd8e8a2824189d81f3","0x9efe1dc19d2ead8bed8667af23c7c6ec25f4b43e","0xa0b3b1532b0bf2c8945ac429f91a642580ede166","0xa22dc341c8dd53ab1dff6e66228e779832a449bf","0xa59286c2d1ddbaf94ec0f0e55ca502c3aaad7c70","0xa99e07efb152321117653a16727bf6bc02106892","0xab00ae8650dcf90c6a5b5a4e3d64a0854e54af94","0xaf4d91250065e756276d89584f414b58a9bce5c9","0xb354af60d85e5fe431facdbb9388e4e4f70e1bbd","0xb9f7ecdd3475a7bfe4bec60bd70a936ebe1299fd","0xbd64843345158eb68b952fad728b15a8f58b19ed","0xc5aa62a70bedda5beef4caab5a7784b054c5c743","0xc6eedfcbb3b44cfe4e8424be34fcab4ed73036a1","0xc83e2e3becaadb048ce41db954f96fe852b25b0d","0xc8b5b0ea995b12da364bb216652302a5161bcd85","0xc9308110b7782cd23e5ab16bd12b72dd697e0a2e","0xcb696b97d7871ac5406d143f4b1e971e0469ebd6","0xce462148c5dc644085667fb4dcf67722b505d320","0xd8cc1d2da9ba559aff35b80813e9c5526a9caedf","0xda31f8955f9583fe9286f92f7e0ea2aff46e8d3f","0xdabf1adf9b8dfd751fa2d27d0ce616290c553b40","0xddf4a7f045e2368986091e1acb569162b7042b8b","0xde6a9a084393e9a6c3c11220e07baf877252895f","0xe0b7151c2ca832ae78a5de2a3b74a5d962ae0b97","0xe8a7fe3b74b61642a938f217e8c117ff922d5e47","0xec2b230a4513668c7090c9242bd32e5507452175","0xed170ee9717d2845402501ba1a2ad7b0ce201a46","0xee5c6d660a83e086610f2c9ebb88a1de83a856f5","0xf2325289c257139d5ad0e1529a391baac2b91e39","0xfb0b85ff94497b3cd0eb478f63dae3598a87e7fb"]
[INFO]: Récupération de tous les enregistrements de transactions depuis PostgreSQL...
[INFO]: Nombre total d'enregistrements existants récupérés: 10435
[INFO]: Nombre de nouvelles transactions à insérer : 1461
[INFO]: Insertion des transactions réussie.

[2025-03-30T13:00:22.657Z] ========== FIN DE L'EXÉCUTION (STATUT: success) ==========

[2025-03-30T14:00:00.372Z] ========== DÉBUT DE L'EXÉCUTION DE LA TÂCHE: Fetch YAM Transactions History (ID: 6) ==========
[2025-03-30T14:00:10.987Z] [INFO]: ========================================================================================
[INFO]: =============================== YAM Transactions History ===============================
[INFO]: ========================================================================================
[INFO]: Récupération de 153 wallets depuis PostgreSQL.
[INFO]: Accounts récupérés: ["0x020153ef669a1c768f7482b989c1d8902e577c40","0x027939a7e28873cb74e670efeafe1d40646bc380","0x032800d30d1c84c752a7b37193a375a2d9669a1a","0x042e4f113e24e2734100733cfeeae5d7c0ddd15b","0x080379395ad8b32936acfbdcfb4af160a873b927","0x0e955f9ffeead3083eaff8ae7e60479cc173437b","0x10df7dd932e655c01cc7a35ec23711b1d4153882","0x12f3ae173593c2ceaa9046b36019743f8ed2c26d","0x15630f70b116c0a0ed73e1d7233cedc94e926b49","0x166ed9f7a56053c7c4e77cb0c91a9e46bbc5e8b0","0x190a0af96c3f98d3c120860f1a3aef152acb0162","0x19e74a36978a9a37bdbe08f4d8093c31d7c174ce","0x1dc79eb47a762d96889a777dc06634e4f4a7e326","0x24521902825ce358d53e1b778ee115c7082ff5ae","0x24629cea734a84aba57436a4cb2e35d1450b378a","0x25db0ac55d40433bc1482abbeac5b2b0f4252099","0x296fb7be365498cde47079c302e82a82721953d6","0x351be75fada93b1f19440d966eaca5bcec8303c7","0x35fecac0b11b4e3e87b1fdf448050957d4b1b24d","0x39c185721fbe8b350363e6b49801305d32485a45","0x3b5b5a2c114246cac80dcb83eb2476f23c12227e","0x3e70f59e872846f7c17328ab179b900fbf43f0f4","0x4025aa0c62b973cd6a08e9a09755495647c0d1b3","0x462e909e31061298d5a3d15740fed37f81db1e49","0x47bc127cfa1fba111468c6db2975a2f6ef59e513","0x4ae8c67f5be60e7b833d3cc1f954f0f3a8d5edca","0x4dd57b2dbfbfadbdff109f3914db377d5add414b","0x4e9d67339eeefc8f5666d5276159e7e9302d81c6","0x4efa25f6f418ee9534039ed9448093f39f02f825","0x5050795761c5f4c63d4182ed268d614687134c58","0x54acabc64ec944037f5669bdcf4b535a32a9ed2d","0x57967c915a9940f43b23307f2fd388872527cc2e","0x57a6876ca54cd371f52a1a32f93f1d626d47a2c9","0x5f6f0ae3c9ffce2eb60349161dd371554d19be19","0x60226baf4d3020f3714b30b8c1c690a48214734e","0x622344eec92c3de736e19ffbbe6e9cc017b2c6fe","0x6414615e1e3de2518dd1ada5c9b0d1015262acce","0x65dd1da49d64896a8315f61a143de97c6e401f5e","0x661ab2f856c9a858a7d125aa675eb3e1be57c831","0x669582b7e0e2a5487f7a7cd7a375495d367127b8","0x6c35b4f5f62b5c2c0e031a17ffae0b889e4dbdce","0x6fbf924388c74a1a61ad017ead8f4995a3f0ead6","0x712b6ece8e488d48f54782a6fe0f59aefdef12c5","0x7212bc69f9a51fafab4ae6806edd97e70f37108e","0x78bd96fbd3827e89591cfe7e8f1ea06f73c383ad","0x7a528dba83467b5913eb36c29a570c1243911357","0x7acd0c333030ec2c74a61eba14940796dc87cdff","0x7c680620a83bf08de3f37b4d3adbd92750792a0a","0x7e1d150bc5be5ada087dbf87408475a968ed0542","0x7e85c39420d9476175042997db1cb28c109b74b7","0x7ee567d2ac5dca4c422281deb1e2334a805ba6c1","0x80149f133620cc31907adf5eb831c359e201d4bf","0x81396fa062dff8d04ea27ae6b18c81a2b0b98c93","0x81913465f6f82a194078d73858e6ec54a898f4aa","0x83cfa4979ca7ed7877e46797b5f5b04bef0f7824","0x83fc27bc5fa8d6465b56cc77a4e28b1b8ce60e71","0x84315744d858cbefbd0f24748f61b4ce36c48962","0x8582a4f9a2364bbf58b13820b6475231eaf88e90","0x88b1ff64153a6c9644142e546d2047d026bdb9e9","0x8ed4b22c2e7489cec9a0597518cdf916947f2978","0x9687e32e906faf11ebe73ad3c93d7d0eec060537","0x969fafa259f28d8a49d18a3e34dd372e24e17dd0","0x9c8a7d90155ee178ade1b66e0d6b72c4d252447f","0x9d008edfe846d435796886fd8e8a2824189d81f3","0x9efe1dc19d2ead8bed8667af23c7c6ec25f4b43e","0xa0b3b1532b0bf2c8945ac429f91a642580ede166","0xa22dc341c8dd53ab1dff6e66228e779832a449bf","0xa59286c2d1ddbaf94ec0f0e55ca502c3aaad7c70","0xa99e07efb152321117653a16727bf6bc02106892","0xab00ae8650dcf90c6a5b5a4e3d64a0854e54af94","0xaf4d91250065e756276d89584f414b58a9bce5c9","0xb354af60d85e5fe431facdbb9388e4e4f70e1bbd","0xb9f7ecdd3475a7bfe4bec60bd70a936ebe1299fd","0xbd64843345158eb68b952fad728b15a8f58b19ed","0xc51de4eb0365ff264bafe6a5de20c07eda36f1f9","0xc5aa62a70bedda5beef4caab5a7784b054c5c743","0xc6eedfcbb3b44cfe4e8424be34fcab4ed73036a1","0xc83e2e3becaadb048ce41db954f96fe852b25b0d","0xc8b5b0ea995b12da364bb216652302a5161bcd85","0xc9308110b7782cd23e5ab16bd12b72dd697e0a2e","0xcb696b97d7871ac5406d143f4b1e971e0469ebd6","0xce462148c5dc644085667fb4dcf67722b505d320","0xd8cc1d2da9ba559aff35b80813e9c5526a9caedf","0xda31f8955f9583fe9286f92f7e0ea2aff46e8d3f","0xdabf1adf9b8dfd751fa2d27d0ce616290c553b40","0xddf4a7f045e2368986091e1acb569162b7042b8b","0xde6a9a084393e9a6c3c11220e07baf877252895f","0xe0b7151c2ca832ae78a5de2a3b74a5d962ae0b97","0xe8a7fe3b74b61642a938f217e8c117ff922d5e47","0xec2b230a4513668c7090c9242bd32e5507452175","0xed170ee9717d2845402501ba1a2ad7b0ce201a46","0xee5c6d660a83e086610f2c9ebb88a1de83a856f5","0xf2325289c257139d5ad0e1529a391baac2b91e39","0xfb0b85ff94497b3cd0eb478f63dae3598a87e7fb"]
[INFO]: Récupération de tous les enregistrements de transactions depuis PostgreSQL...
[INFO]: Nombre total d'enregistrements existants récupérés: 11896
[INFO]: Nombre de nouvelles transactions à insérer : 83
[INFO]: Insertion des transactions réussie.

[2025-03-30T14:00:10.987Z] ========== FIN DE L'EXÉCUTION (STATUT: success) ==========

[2025-03-30T15:00:00.688Z] ========== DÉBUT DE L'EXÉCUTION DE LA TÂCHE: Fetch YAM Transactions History (ID: 6) ==========
[2025-03-30T15:00:06.913Z] [INFO]: ========================================================================================
[INFO]: =============================== YAM Transactions History ===============================
[INFO]: ========================================================================================
[INFO]: Récupération de 154 wallets depuis PostgreSQL.
[INFO]: Accounts récupérés: ["0x020153ef669a1c768f7482b989c1d8902e577c40","0x027939a7e28873cb74e670efeafe1d40646bc380","0x032800d30d1c84c752a7b37193a375a2d9669a1a","0x042e4f113e24e2734100733cfeeae5d7c0ddd15b","0x080379395ad8b32936acfbdcfb4af160a873b927","0x0e955f9ffeead3083eaff8ae7e60479cc173437b","0x10df7dd932e655c01cc7a35ec23711b1d4153882","0x12f3ae173593c2ceaa9046b36019743f8ed2c26d","0x15630f70b116c0a0ed73e1d7233cedc94e926b49","0x166ed9f7a56053c7c4e77cb0c91a9e46bbc5e8b0","0x190a0af96c3f98d3c120860f1a3aef152acb0162","0x19e74a36978a9a37bdbe08f4d8093c31d7c174ce","0x1dc79eb47a762d96889a777dc06634e4f4a7e326","0x24521902825ce358d53e1b778ee115c7082ff5ae","0x24629cea734a84aba57436a4cb2e35d1450b378a","0x25db0ac55d40433bc1482abbeac5b2b0f4252099","0x296fb7be365498cde47079c302e82a82721953d6","0x351be75fada93b1f19440d966eaca5bcec8303c7","0x35fecac0b11b4e3e87b1fdf448050957d4b1b24d","0x39c185721fbe8b350363e6b49801305d32485a45","0x3b5b5a2c114246cac80dcb83eb2476f23c12227e","0x3e70f59e872846f7c17328ab179b900fbf43f0f4","0x4025aa0c62b973cd6a08e9a09755495647c0d1b3","0x462e909e31061298d5a3d15740fed37f81db1e49","0x47bc127cfa1fba111468c6db2975a2f6ef59e513","0x4ae8c67f5be60e7b833d3cc1f954f0f3a8d5edca","0x4dd57b2dbfbfadbdff109f3914db377d5add414b","0x4e9d67339eeefc8f5666d5276159e7e9302d81c6","0x4efa25f6f418ee9534039ed9448093f39f02f825","0x5050795761c5f4c63d4182ed268d614687134c58","0x54acabc64ec944037f5669bdcf4b535a32a9ed2d","0x57967c915a9940f43b23307f2fd388872527cc2e","0x57a6876ca54cd371f52a1a32f93f1d626d47a2c9","0x5f6f0ae3c9ffce2eb60349161dd371554d19be19","0x60226baf4d3020f3714b30b8c1c690a48214734e","0x622344eec92c3de736e19ffbbe6e9cc017b2c6fe","0x6414615e1e3de2518dd1ada5c9b0d1015262acce","0x65dd1da49d64896a8315f61a143de97c6e401f5e","0x661ab2f856c9a858a7d125aa675eb3e1be57c831","0x669582b7e0e2a5487f7a7cd7a375495d367127b8","0x6c35b4f5f62b5c2c0e031a17ffae0b889e4dbdce","0x6fbf924388c74a1a61ad017ead8f4995a3f0ead6","0x712b6ece8e488d48f54782a6fe0f59aefdef12c5","0x7212bc69f9a51fafab4ae6806edd97e70f37108e","0x78bd96fbd3827e89591cfe7e8f1ea06f73c383ad","0x7a528dba83467b5913eb36c29a570c1243911357","0x7acd0c333030ec2c74a61eba14940796dc87cdff","0x7c680620a83bf08de3f37b4d3adbd92750792a0a","0x7e1d150bc5be5ada087dbf87408475a968ed0542","0x7e85c39420d9476175042997db1cb28c109b74b7","0x7ee567d2ac5dca4c422281deb1e2334a805ba6c1","0x80149f133620cc31907adf5eb831c359e201d4bf","0x81396fa062dff8d04ea27ae6b18c81a2b0b98c93","0x81913465f6f82a194078d73858e6ec54a898f4aa","0x83cfa4979ca7ed7877e46797b5f5b04bef0f7824","0x83fc27bc5fa8d6465b56cc77a4e28b1b8ce60e71","0x84315744d858cbefbd0f24748f61b4ce36c48962","0x8582a4f9a2364bbf58b13820b6475231eaf88e90","0x88b1ff64153a6c9644142e546d2047d026bdb9e9","0x8ed4b22c2e7489cec9a0597518cdf916947f2978","0x8fabafbc7190182391220126ab711af3d9a3e3d7","0x9687e32e906faf11ebe73ad3c93d7d0eec060537","0x969fafa259f28d8a49d18a3e34dd372e24e17dd0","0x9c8a7d90155ee178ade1b66e0d6b72c4d252447f","0x9d008edfe846d435796886fd8e8a2824189d81f3","0x9efe1dc19d2ead8bed8667af23c7c6ec25f4b43e","0xa0b3b1532b0bf2c8945ac429f91a642580ede166","0xa22dc341c8dd53ab1dff6e66228e779832a449bf","0xa59286c2d1ddbaf94ec0f0e55ca502c3aaad7c70","0xa99e07efb152321117653a16727bf6bc02106892","0xab00ae8650dcf90c6a5b5a4e3d64a0854e54af94","0xaf4d91250065e756276d89584f414b58a9bce5c9","0xb354af60d85e5fe431facdbb9388e4e4f70e1bbd","0xb9f7ecdd3475a7bfe4bec60bd70a936ebe1299fd","0xbd64843345158eb68b952fad728b15a8f58b19ed","0xc51de4eb0365ff264bafe6a5de20c07eda36f1f9","0xc5aa62a70bedda5beef4caab5a7784b054c5c743","0xc6eedfcbb3b44cfe4e8424be34fcab4ed73036a1","0xc83e2e3becaadb048ce41db954f96fe852b25b0d","0xc8b5b0ea995b12da364bb216652302a5161bcd85","0xc9308110b7782cd23e5ab16bd12b72dd697e0a2e","0xcb696b97d7871ac5406d143f4b1e971e0469ebd6","0xce462148c5dc644085667fb4dcf67722b505d320","0xd8cc1d2da9ba559aff35b80813e9c5526a9caedf","0xda31f8955f9583fe9286f92f7e0ea2aff46e8d3f","0xdabf1adf9b8dfd751fa2d27d0ce616290c553b40","0xddf4a7f045e2368986091e1acb569162b7042b8b","0xde6a9a084393e9a6c3c11220e07baf877252895f","0xe0b7151c2ca832ae78a5de2a3b74a5d962ae0b97","0xe8a7fe3b74b61642a938f217e8c117ff922d5e47","0xec2b230a4513668c7090c9242bd32e5507452175","0xed170ee9717d2845402501ba1a2ad7b0ce201a46","0xee5c6d660a83e086610f2c9ebb88a1de83a856f5","0xf2325289c257139d5ad0e1529a391baac2b91e39","0xfb0b85ff94497b3cd0eb478f63dae3598a87e7fb"]
[INFO]: Récupération de tous les enregistrements de transactions depuis PostgreSQL...
[INFO]: Nombre total d'enregistrements existants récupérés: 11979
[INFO]: Nombre de nouvelles transactions à insérer : 14
[INFO]: Insertion des transactions réussie.

[2025-03-30T15:00:06.913Z] ========== FIN DE L'EXÉCUTION (STATUT: success) ==========

[2025-03-30T16:00:00.980Z] ========== DÉBUT DE L'EXÉCUTION DE LA TÂCHE: Fetch YAM Transactions History (ID: 6) ==========
[2025-03-30T16:00:22.022Z] [INFO]: ========================================================================================
[INFO]: =============================== YAM Transactions History ===============================
[INFO]: ========================================================================================
[INFO]: Récupération de 162 wallets depuis PostgreSQL.
[INFO]: Accounts récupérés: ["0x020153ef669a1c768f7482b989c1d8902e577c40","0x027939a7e28873cb74e670efeafe1d40646bc380","0x032800d30d1c84c752a7b37193a375a2d9669a1a","0x042e4f113e24e2734100733cfeeae5d7c0ddd15b","0x080379395ad8b32936acfbdcfb4af160a873b927","0x0e955f9ffeead3083eaff8ae7e60479cc173437b","0x10df7dd932e655c01cc7a35ec23711b1d4153882","0x12f3ae173593c2ceaa9046b36019743f8ed2c26d","0x15630f70b116c0a0ed73e1d7233cedc94e926b49","0x166ed9f7a56053c7c4e77cb0c91a9e46bbc5e8b0","0x190a0af96c3f98d3c120860f1a3aef152acb0162","0x19e74a36978a9a37bdbe08f4d8093c31d7c174ce","0x1dc79eb47a762d96889a777dc06634e4f4a7e326","0x24521902825ce358d53e1b778ee115c7082ff5ae","0x24629cea734a84aba57436a4cb2e35d1450b378a","0x25db0ac55d40433bc1482abbeac5b2b0f4252099","0x296fb7be365498cde47079c302e82a82721953d6","0x351be75fada93b1f19440d966eaca5bcec8303c7","0x35fecac0b11b4e3e87b1fdf448050957d4b1b24d","0x39c185721fbe8b350363e6b49801305d32485a45","0x3b5b5a2c114246cac80dcb83eb2476f23c12227e","0x3e70f59e872846f7c17328ab179b900fbf43f0f4","0x3fe2ee56ea77ffccfa0c036b20e7a2269e8da534","0x4025aa0c62b973cd6a08e9a09755495647c0d1b3","0x462e909e31061298d5a3d15740fed37f81db1e49","0x47bc127cfa1fba111468c6db2975a2f6ef59e513","0x4ae8c67f5be60e7b833d3cc1f954f0f3a8d5edca","0x4dd57b2dbfbfadbdff109f3914db377d5add414b","0x4e9d67339eeefc8f5666d5276159e7e9302d81c6","0x4efa25f6f418ee9534039ed9448093f39f02f825","0x4fc40d4e0cda3df82585f058fc5203f28f450fd7","0x5050795761c5f4c63d4182ed268d614687134c58","0x54acabc64ec944037f5669bdcf4b535a32a9ed2d","0x57967c915a9940f43b23307f2fd388872527cc2e","0x57a6876ca54cd371f52a1a32f93f1d626d47a2c9","0x5f6f0ae3c9ffce2eb60349161dd371554d19be19","0x60226baf4d3020f3714b30b8c1c690a48214734e","0x622344eec92c3de736e19ffbbe6e9cc017b2c6fe","0x6414615e1e3de2518dd1ada5c9b0d1015262acce","0x65dd1da49d64896a8315f61a143de97c6e401f5e","0x661ab2f856c9a858a7d125aa675eb3e1be57c831","0x669582b7e0e2a5487f7a7cd7a375495d367127b8","0x6c35b4f5f62b5c2c0e031a17ffae0b889e4dbdce","0x6fbf924388c74a1a61ad017ead8f4995a3f0ead6","0x712b6ece8e488d48f54782a6fe0f59aefdef12c5","0x7212bc69f9a51fafab4ae6806edd97e70f37108e","0x78bd96fbd3827e89591cfe7e8f1ea06f73c383ad","0x7a528dba83467b5913eb36c29a570c1243911357","0x7acd0c333030ec2c74a61eba14940796dc87cdff","0x7c680620a83bf08de3f37b4d3adbd92750792a0a","0x7e1d150bc5be5ada087dbf87408475a968ed0542","0x7e85c39420d9476175042997db1cb28c109b74b7","0x7ee567d2ac5dca4c422281deb1e2334a805ba6c1","0x80149f133620cc31907adf5eb831c359e201d4bf","0x81396fa062dff8d04ea27ae6b18c81a2b0b98c93","0x81913465f6f82a194078d73858e6ec54a898f4aa","0x827bda5f55a89371172589ea32d8e1ed1c6a071a","0x83cfa4979ca7ed7877e46797b5f5b04bef0f7824","0x83fc27bc5fa8d6465b56cc77a4e28b1b8ce60e71","0x84315744d858cbefbd0f24748f61b4ce36c48962","0x8582a4f9a2364bbf58b13820b6475231eaf88e90","0x88b1ff64153a6c9644142e546d2047d026bdb9e9","0x8af48ffb58a8b51c574896b187a6a7aa80bdd087","0x8ed4b22c2e7489cec9a0597518cdf916947f2978","0x8fabafbc7190182391220126ab711af3d9a3e3d7","0x9687e32e906faf11ebe73ad3c93d7d0eec060537","0x969fafa259f28d8a49d18a3e34dd372e24e17dd0","0x9959e1361ed402c5df190897589f2bbd5d1bed97","0x9c8a7d90155ee178ade1b66e0d6b72c4d252447f","0x9d008edfe846d435796886fd8e8a2824189d81f3","0x9efe1dc19d2ead8bed8667af23c7c6ec25f4b43e","0xa0b3b1532b0bf2c8945ac429f91a642580ede166","0xa22dc341c8dd53ab1dff6e66228e779832a449bf","0xa59286c2d1ddbaf94ec0f0e55ca502c3aaad7c70","0xa99e07efb152321117653a16727bf6bc02106892","0xab00ae8650dcf90c6a5b5a4e3d64a0854e54af94","0xaf4d91250065e756276d89584f414b58a9bce5c9","0xb354af60d85e5fe431facdbb9388e4e4f70e1bbd","0xb9f7ecdd3475a7bfe4bec60bd70a936ebe1299fd","0xbd64843345158eb68b952fad728b15a8f58b19ed","0xbec54ac04235df6380d58e4cfcf4c0ded357f1b8","0xc51de4eb0365ff264bafe6a5de20c07eda36f1f9","0xc5aa62a70bedda5beef4caab5a7784b054c5c743","0xc6eedfcbb3b44cfe4e8424be34fcab4ed73036a1","0xc83e2e3becaadb048ce41db954f96fe852b25b0d","0xc8b5b0ea995b12da364bb216652302a5161bcd85","0xc9308110b7782cd23e5ab16bd12b72dd697e0a2e","0xcb696b97d7871ac5406d143f4b1e971e0469ebd6","0xce462148c5dc644085667fb4dcf67722b505d320","0xd89800ffea1ee9b7cfa35c9cf0ac8118f2b6b85c","0xd8cc1d2da9ba559aff35b80813e9c5526a9caedf","0xda31f8955f9583fe9286f92f7e0ea2aff46e8d3f","0xdabf1adf9b8dfd751fa2d27d0ce616290c553b40","0xddf4a7f045e2368986091e1acb569162b7042b8b","0xde6a9a084393e9a6c3c11220e07baf877252895f","0xe0b7151c2ca832ae78a5de2a3b74a5d962ae0b97","0xe8a7fe3b74b61642a938f217e8c117ff922d5e47","0xec2b230a4513668c7090c9242bd32e5507452175","0xed170ee9717d2845402501ba1a2ad7b0ce201a46","0xee5c6d660a83e086610f2c9ebb88a1de83a856f5"]
[INFO]: Récupération de tous les enregistrements de transactions depuis PostgreSQL...
[INFO]: Nombre total d'enregistrements existants récupérés: 11993
[INFO]: Nombre de nouvelles transactions à insérer : 727
[INFO]: Insertion des transactions réussie.

[2025-03-30T16:00:22.022Z] ========== FIN DE L'EXÉCUTION (STATUT: success) ==========

