[2025-03-28T21:42:25.540Z] ========== DÉBUT DE L'EXÉCUTION MANUELLE DE LA TÂCHE: Fetch Transactions History (ID: 5) ==========
[2025-03-28T21:42:32.739Z] 🚀 Démarrage du script...
📤 Récupération des wallets et tokens depuis PostgreSQL...
✅ 61 wallets et 713 tokens récupérés.
🔍 Tokens trouvés: [
  '0x009bab289f104699ae87e576294d18ed505faa61',
  '0x016e0081fcaad345691027908d5044534bca1946',
  '0x01b4ea64e4204b51cbc8463ffc8e6046c9d70371',
  '0x021bb23a45e9fc824260435e670fc383b7b8cbbb',
  '0x02b5d51e29fa35c9228cfa3ff968da6aaf1048dd',
  '0x032f0e16b729210551642f3249f6e0b1b52a63be',
  '0x034ecb6dc0608b73765f2965771a003d940ee8b2',
  '0x038eb5001b6a7050fed40816321138e69f8f885b',
  '0x03cbe3dda83908ad48643d6a1b5b13d11acaf845',
  '0x03d23c82f20c96c421742b243b7ea33a3e217c1f',
  '0x041cc71b3bce05d06179f05ef7a9a20bd0815515',
  '0x052ad78e3aa0b0f2d3912fd3b50a9a289cf2f7aa',
  '0x053b0bd329dc21bd4fa278f62310f668c5f1a6ed',
  '0x06246100ba403608b98adfb006d82a7484f5d9ff',
  '0x062c208073c9b439d1973262cfe0ddd88f38afa8',
  '0x062f0732a7daca652c3bd7d8ad51c3a920b25962',
  '0x0643ffb30add44ef5c74996ad57a03a2244b6f28',
  '0x0675e8f4a52ea6c845cb6427af03616a2af42170',
  '0x06cc12368fa6a3d4dc0872c60331156a21cdcc9c',
  '0x06d0e5aee443093ac5635b709c8a01342e59df19',
  '0x076c82295af54a4507fa80c73a928c5703b845ee',
  '0x07da3cdae2396aa826387a48deba5868d7deb7bc',
  '0x07f893290c1ac037f5cd6fe6b3963803d9faa598',
  '0x084018b714948dfbeaba305fbc8dc4d2c0330172',
  '0x08906954c6b7e68eb5a969d201371ddcac28968c',
  '0x08ad1f3a48be1d23c723a6cc8486b247f5de935a',
  '0x09106ba56f708b353fe252dd0749c913a3e8a5e1',
  '0x0954682ff1b512d3927d06c591942f50917e16a0',
  '0x09565ce0acb2e35d1020cb4b0cbb5df3e328e3a6',
  '0x0964bde8cd3744f99a1ffc70becbe1f33366f5bb',
  '0x0a7d5a774585c2fc7ccf46c220e9a4e4f91e93c3',
  '0x0c12f2b2c3ad5150d344b6d3abb901b4795d72d9',
  '0x0c27daa424d413a02186b90d839124868d433197',
  '0x0c4e05941b40f6a081ec616bdd1adfe67ae7bb4d',
  '0x0c84153fdcafd65a4536c2d8d4856e6a6457fb21',
  '0x0d5d0b74c690170a82bf52e5d16388fc4fa29082',
  '0x0da81e9b313e73cf295363c14e2ce31ec84ab3d0',
  '0x0dca7cd3f63b69bbe55364b42fb6c3b21202d06f',
  '0x0de879bd4cc168bca743cc47efb6821b2eb241e7',
  '0x0e6a3fa67194ae6594edbe96153e28eefd2982f0',
  '0x0f388d7e65a969dbcbfab21bc3ab6629af78f4cf',
  '0x0fd357ea71ad533c6b8a62520321ed286ed9a0c2',
  '0x10479fb486b4a77b87320ba017c5e64f4f352773',
  '0x1051e1d8cc6bc96c78fea6ae1144b91a1b1a32a2',
  '0x106d6a8e73b851f0905eb592df5d5f9b29469a5e',
  '0x108f15a6cac5bddf919af07928faa0b7168feff8',
  '0x10c2c7a5342988818eb6726fae369299d8fb6328',
  '0x10cde9d1e1a2d3b703f037a6788e04bc139cdf6f',
  '0x10dfe9495810a7c8ff577647dab523503477402f',
  '0x1106d8755ffafb1f1820b3668e354336d9085a12',
  '0x1117ee7306c82190109869a1721021b96d6a249d',
  '0x11c80389e39bedabf2172524be687ffdec06979a',
  '0x11d2b6613cbebb4172ef9507286e47c99e3a4b37',
  '0x1201cdab78a8bcc527d1cdfe5a2740cf1e824adc',
  '0x12413a603d16893d8f406925289f206b3b974cf0',
  '0x13ae383d948ad3d6e2534463e54a9cca9eaa4145',
  '0x14082eef0e5ccc9d2d36cf627c45f07f3b0a54dd',
  '0x140c3d8bf3ff575ee63a12fe019b1d97caf6adcb',
  '0x140d6cfde793f1a2eed5274454aa6f463ec8c075',
  '0x146ab8465ed65e9295b7caf7ce55a42149fe76e3',
  '0x14b0d23238c5277f8243d2739c005480d8022fe0',
  '0x14be8b4b4bf1ea9d18bd04c4063a0987c702e204',
  '0x157a0a3d1fd859fc940ceb923e68d17afe03d2a4',
  '0x15f3197d43600720531bc92d6a55827b82da56bb',
  '0x168e759cd51e4296ae353ae98b675c0ad8996b4e',
  '0x16b18b9836fd01f1413b1bca28935ac00a1f43ce',
  '0x16bea6810b951b647427983ed14710fd1c6a36e1',
  '0x16edfdf297d91d7d904f62ca97a7bfc1778daffc',
  '0x1707a9bad232d728afded75faced38ec90eaa41e',
  '0x175cbd54d38f58b530785e01471a2ec0d4596eb5',
  '0x17e87ed83c1a444b9255b14ba45204dfb4fec186',
  '0x185e39d860cf86fbecf4a7c341bd1545ea3a41b9',
  '0x18c523f27b0310a7468f081ae8e84179d0a04ad1',
  '0x18cc3ce7ed17e47c669982b6c94a0fe2a0b9606e',
  '0x18e55343ecfc135e21916fcdb9788accb5b53caf',
  '0x19a6a39b746c4647a01a3bf80751155969ddb15a',
  '0x19d01c13e6e5a1a990db9821358a591583f63234',
  '0x19d1df2574542259bc2ec23e69c1b700d752c45e',
  '0x19f824662ba9df78e368022f085b708fccc201c8',
  '0x1a1ec5ef70a643cd35376214e8a8f2ea0d92931d',
  '0x1a3cd87d4d5c6629abc5e1fde1bef51c3b8d2be7',
  '0x1bac3cd502cafe965a26f30fd1512a0800fdb9b7',
  '0x1c1d58031fb0692577b4fb8fc71e333755ca6927',
  '0x1c6a4181c0a352a855d15ae0d1bdce5f6aa23352',
  '0x1c7b78f54485a0ea4d67a2b4856af4cd39f11d99',
  '0x1cc42015d1e4c97d8739d8fe663c47f0a49e9a38',
  '0x1cdeee885457c5c3a048aa26363472a6b5fd28d7',
  '0x1d1ce71366866d0785fa40dd30ea92ca5e7078cc',
  '0x1d315b60ede11012ff8c980acd7cad65ac7ebdee',
  '0x1d5da20522b1b94e3b7d983c954075da429bbae1',
  '0x1d872098bab315ddf6630b3db2f8330221d498c0',
  '0x1d9fd5c3fbfd4758f22438a336068b813872cefc',
  '0x1da9ddc8407781d712a77def51c40c26a1f72600',
  '0x1e001730a23c7ebaff35bc8bc90da5a9b20804a4',
  '0x1eb16ec378f0ce8f81449120629f52ba28961d47',
  '0x1eb856a1359495cda8f18cac8785342b23dd84bf',
  '0x1f49c2def89cd9b84048a2d30c53a29091082d62',
  '0x1fdb4015fd5e031c5641752c1e03b973ad5ea168',
  '0x2010c480b73fd0865b6d2f164660da852d178d5d',
  '0x20170890ef210e402578f97d6b179784c45f3a1b',
  ... 613 more items
]
📦 17162 transactions récupérées.
📤 Récupération des transactions existantes depuis PostgreSQL...
✅ 22443 transactions déjà stockées.
🔍 0 transactions à insérer après filtrage.
🚀 Aucune nouvelle transaction à stocker.

[2025-03-28T21:42:32.739Z] ========== FIN DE L'EXÉCUTION MANUELLE (STATUT: success) ==========

[2025-03-28T21:42:33.380Z] ========== DÉBUT DE L'EXÉCUTION MANUELLE DE LA TÂCHE: Fetch Transactions History (ID: 5) ==========
[2025-03-28T21:42:42.330Z] 🚀 Démarrage du script...
📤 Récupération des wallets et tokens depuis PostgreSQL...
✅ 61 wallets et 713 tokens récupérés.
🔍 Tokens trouvés: [
  '0x009bab289f104699ae87e576294d18ed505faa61',
  '0x016e0081fcaad345691027908d5044534bca1946',
  '0x01b4ea64e4204b51cbc8463ffc8e6046c9d70371',
  '0x021bb23a45e9fc824260435e670fc383b7b8cbbb',
  '0x02b5d51e29fa35c9228cfa3ff968da6aaf1048dd',
  '0x032f0e16b729210551642f3249f6e0b1b52a63be',
  '0x034ecb6dc0608b73765f2965771a003d940ee8b2',
  '0x038eb5001b6a7050fed40816321138e69f8f885b',
  '0x03cbe3dda83908ad48643d6a1b5b13d11acaf845',
  '0x03d23c82f20c96c421742b243b7ea33a3e217c1f',
  '0x041cc71b3bce05d06179f05ef7a9a20bd0815515',
  '0x052ad78e3aa0b0f2d3912fd3b50a9a289cf2f7aa',
  '0x053b0bd329dc21bd4fa278f62310f668c5f1a6ed',
  '0x06246100ba403608b98adfb006d82a7484f5d9ff',
  '0x062c208073c9b439d1973262cfe0ddd88f38afa8',
  '0x062f0732a7daca652c3bd7d8ad51c3a920b25962',
  '0x0643ffb30add44ef5c74996ad57a03a2244b6f28',
  '0x0675e8f4a52ea6c845cb6427af03616a2af42170',
  '0x06cc12368fa6a3d4dc0872c60331156a21cdcc9c',
  '0x06d0e5aee443093ac5635b709c8a01342e59df19',
  '0x076c82295af54a4507fa80c73a928c5703b845ee',
  '0x07da3cdae2396aa826387a48deba5868d7deb7bc',
  '0x07f893290c1ac037f5cd6fe6b3963803d9faa598',
  '0x084018b714948dfbeaba305fbc8dc4d2c0330172',
  '0x08906954c6b7e68eb5a969d201371ddcac28968c',
  '0x08ad1f3a48be1d23c723a6cc8486b247f5de935a',
  '0x09106ba56f708b353fe252dd0749c913a3e8a5e1',
  '0x0954682ff1b512d3927d06c591942f50917e16a0',
  '0x09565ce0acb2e35d1020cb4b0cbb5df3e328e3a6',
  '0x0964bde8cd3744f99a1ffc70becbe1f33366f5bb',
  '0x0a7d5a774585c2fc7ccf46c220e9a4e4f91e93c3',
  '0x0c12f2b2c3ad5150d344b6d3abb901b4795d72d9',
  '0x0c27daa424d413a02186b90d839124868d433197',
  '0x0c4e05941b40f6a081ec616bdd1adfe67ae7bb4d',
  '0x0c84153fdcafd65a4536c2d8d4856e6a6457fb21',
  '0x0d5d0b74c690170a82bf52e5d16388fc4fa29082',
  '0x0da81e9b313e73cf295363c14e2ce31ec84ab3d0',
  '0x0dca7cd3f63b69bbe55364b42fb6c3b21202d06f',
  '0x0de879bd4cc168bca743cc47efb6821b2eb241e7',
  '0x0e6a3fa67194ae6594edbe96153e28eefd2982f0',
  '0x0f388d7e65a969dbcbfab21bc3ab6629af78f4cf',
  '0x0fd357ea71ad533c6b8a62520321ed286ed9a0c2',
  '0x10479fb486b4a77b87320ba017c5e64f4f352773',
  '0x1051e1d8cc6bc96c78fea6ae1144b91a1b1a32a2',
  '0x106d6a8e73b851f0905eb592df5d5f9b29469a5e',
  '0x108f15a6cac5bddf919af07928faa0b7168feff8',
  '0x10c2c7a5342988818eb6726fae369299d8fb6328',
  '0x10cde9d1e1a2d3b703f037a6788e04bc139cdf6f',
  '0x10dfe9495810a7c8ff577647dab523503477402f',
  '0x1106d8755ffafb1f1820b3668e354336d9085a12',
  '0x1117ee7306c82190109869a1721021b96d6a249d',
  '0x11c80389e39bedabf2172524be687ffdec06979a',
  '0x11d2b6613cbebb4172ef9507286e47c99e3a4b37',
  '0x1201cdab78a8bcc527d1cdfe5a2740cf1e824adc',
  '0x12413a603d16893d8f406925289f206b3b974cf0',
  '0x13ae383d948ad3d6e2534463e54a9cca9eaa4145',
  '0x14082eef0e5ccc9d2d36cf627c45f07f3b0a54dd',
  '0x140c3d8bf3ff575ee63a12fe019b1d97caf6adcb',
  '0x140d6cfde793f1a2eed5274454aa6f463ec8c075',
  '0x146ab8465ed65e9295b7caf7ce55a42149fe76e3',
  '0x14b0d23238c5277f8243d2739c005480d8022fe0',
  '0x14be8b4b4bf1ea9d18bd04c4063a0987c702e204',
  '0x157a0a3d1fd859fc940ceb923e68d17afe03d2a4',
  '0x15f3197d43600720531bc92d6a55827b82da56bb',
  '0x168e759cd51e4296ae353ae98b675c0ad8996b4e',
  '0x16b18b9836fd01f1413b1bca28935ac00a1f43ce',
  '0x16bea6810b951b647427983ed14710fd1c6a36e1',
  '0x16edfdf297d91d7d904f62ca97a7bfc1778daffc',
  '0x1707a9bad232d728afded75faced38ec90eaa41e',
  '0x175cbd54d38f58b530785e01471a2ec0d4596eb5',
  '0x17e87ed83c1a444b9255b14ba45204dfb4fec186',
  '0x185e39d860cf86fbecf4a7c341bd1545ea3a41b9',
  '0x18c523f27b0310a7468f081ae8e84179d0a04ad1',
  '0x18cc3ce7ed17e47c669982b6c94a0fe2a0b9606e',
  '0x18e55343ecfc135e21916fcdb9788accb5b53caf',
  '0x19a6a39b746c4647a01a3bf80751155969ddb15a',
  '0x19d01c13e6e5a1a990db9821358a591583f63234',
  '0x19d1df2574542259bc2ec23e69c1b700d752c45e',
  '0x19f824662ba9df78e368022f085b708fccc201c8',
  '0x1a1ec5ef70a643cd35376214e8a8f2ea0d92931d',
  '0x1a3cd87d4d5c6629abc5e1fde1bef51c3b8d2be7',
  '0x1bac3cd502cafe965a26f30fd1512a0800fdb9b7',
  '0x1c1d58031fb0692577b4fb8fc71e333755ca6927',
  '0x1c6a4181c0a352a855d15ae0d1bdce5f6aa23352',
  '0x1c7b78f54485a0ea4d67a2b4856af4cd39f11d99',
  '0x1cc42015d1e4c97d8739d8fe663c47f0a49e9a38',
  '0x1cdeee885457c5c3a048aa26363472a6b5fd28d7',
  '0x1d1ce71366866d0785fa40dd30ea92ca5e7078cc',
  '0x1d315b60ede11012ff8c980acd7cad65ac7ebdee',
  '0x1d5da20522b1b94e3b7d983c954075da429bbae1',
  '0x1d872098bab315ddf6630b3db2f8330221d498c0',
  '0x1d9fd5c3fbfd4758f22438a336068b813872cefc',
  '0x1da9ddc8407781d712a77def51c40c26a1f72600',
  '0x1e001730a23c7ebaff35bc8bc90da5a9b20804a4',
  '0x1eb16ec378f0ce8f81449120629f52ba28961d47',
  '0x1eb856a1359495cda8f18cac8785342b23dd84bf',
  '0x1f49c2def89cd9b84048a2d30c53a29091082d62',
  '0x1fdb4015fd5e031c5641752c1e03b973ad5ea168',
  '0x2010c480b73fd0865b6d2f164660da852d178d5d',
  '0x20170890ef210e402578f97d6b179784c45f3a1b',
  ... 613 more items
]
📦 17162 transactions récupérées.
📤 Récupération des transactions existantes depuis PostgreSQL...
✅ 22443 transactions déjà stockées.
🔍 0 transactions à insérer après filtrage.
🚀 Aucune nouvelle transaction à stocker.

[2025-03-28T21:42:42.331Z] ========== FIN DE L'EXÉCUTION MANUELLE (STATUT: success) ==========

[2025-03-28T22:00:00.332Z] ========== DÉBUT DE L'EXÉCUTION DE LA TÂCHE: Fetch Transactions History (ID: 5) ==========
[2025-03-28T22:00:11.585Z] 🚀 Démarrage du script...
📤 Récupération des wallets et tokens depuis PostgreSQL...
✅ 62 wallets et 713 tokens récupérés.
🔍 Tokens trouvés: [
  '0x009bab289f104699ae87e576294d18ed505faa61',
  '0x016e0081fcaad345691027908d5044534bca1946',
  '0x01b4ea64e4204b51cbc8463ffc8e6046c9d70371',
  '0x021bb23a45e9fc824260435e670fc383b7b8cbbb',
  '0x02b5d51e29fa35c9228cfa3ff968da6aaf1048dd',
  '0x032f0e16b729210551642f3249f6e0b1b52a63be',
  '0x034ecb6dc0608b73765f2965771a003d940ee8b2',
  '0x038eb5001b6a7050fed40816321138e69f8f885b',
  '0x03cbe3dda83908ad48643d6a1b5b13d11acaf845',
  '0x03d23c82f20c96c421742b243b7ea33a3e217c1f',
  '0x041cc71b3bce05d06179f05ef7a9a20bd0815515',
  '0x052ad78e3aa0b0f2d3912fd3b50a9a289cf2f7aa',
  '0x053b0bd329dc21bd4fa278f62310f668c5f1a6ed',
  '0x06246100ba403608b98adfb006d82a7484f5d9ff',
  '0x062c208073c9b439d1973262cfe0ddd88f38afa8',
  '0x062f0732a7daca652c3bd7d8ad51c3a920b25962',
  '0x0643ffb30add44ef5c74996ad57a03a2244b6f28',
  '0x0675e8f4a52ea6c845cb6427af03616a2af42170',
  '0x06cc12368fa6a3d4dc0872c60331156a21cdcc9c',
  '0x06d0e5aee443093ac5635b709c8a01342e59df19',
  '0x076c82295af54a4507fa80c73a928c5703b845ee',
  '0x07da3cdae2396aa826387a48deba5868d7deb7bc',
  '0x07f893290c1ac037f5cd6fe6b3963803d9faa598',
  '0x084018b714948dfbeaba305fbc8dc4d2c0330172',
  '0x08906954c6b7e68eb5a969d201371ddcac28968c',
  '0x08ad1f3a48be1d23c723a6cc8486b247f5de935a',
  '0x09106ba56f708b353fe252dd0749c913a3e8a5e1',
  '0x0954682ff1b512d3927d06c591942f50917e16a0',
  '0x09565ce0acb2e35d1020cb4b0cbb5df3e328e3a6',
  '0x0964bde8cd3744f99a1ffc70becbe1f33366f5bb',
  '0x0a7d5a774585c2fc7ccf46c220e9a4e4f91e93c3',
  '0x0c12f2b2c3ad5150d344b6d3abb901b4795d72d9',
  '0x0c27daa424d413a02186b90d839124868d433197',
  '0x0c4e05941b40f6a081ec616bdd1adfe67ae7bb4d',
  '0x0c84153fdcafd65a4536c2d8d4856e6a6457fb21',
  '0x0d5d0b74c690170a82bf52e5d16388fc4fa29082',
  '0x0da81e9b313e73cf295363c14e2ce31ec84ab3d0',
  '0x0dca7cd3f63b69bbe55364b42fb6c3b21202d06f',
  '0x0de879bd4cc168bca743cc47efb6821b2eb241e7',
  '0x0e6a3fa67194ae6594edbe96153e28eefd2982f0',
  '0x0f388d7e65a969dbcbfab21bc3ab6629af78f4cf',
  '0x0fd357ea71ad533c6b8a62520321ed286ed9a0c2',
  '0x10479fb486b4a77b87320ba017c5e64f4f352773',
  '0x1051e1d8cc6bc96c78fea6ae1144b91a1b1a32a2',
  '0x106d6a8e73b851f0905eb592df5d5f9b29469a5e',
  '0x108f15a6cac5bddf919af07928faa0b7168feff8',
  '0x10c2c7a5342988818eb6726fae369299d8fb6328',
  '0x10cde9d1e1a2d3b703f037a6788e04bc139cdf6f',
  '0x10dfe9495810a7c8ff577647dab523503477402f',
  '0x1106d8755ffafb1f1820b3668e354336d9085a12',
  '0x1117ee7306c82190109869a1721021b96d6a249d',
  '0x11c80389e39bedabf2172524be687ffdec06979a',
  '0x11d2b6613cbebb4172ef9507286e47c99e3a4b37',
  '0x1201cdab78a8bcc527d1cdfe5a2740cf1e824adc',
  '0x12413a603d16893d8f406925289f206b3b974cf0',
  '0x13ae383d948ad3d6e2534463e54a9cca9eaa4145',
  '0x14082eef0e5ccc9d2d36cf627c45f07f3b0a54dd',
  '0x140c3d8bf3ff575ee63a12fe019b1d97caf6adcb',
  '0x140d6cfde793f1a2eed5274454aa6f463ec8c075',
  '0x146ab8465ed65e9295b7caf7ce55a42149fe76e3',
  '0x14b0d23238c5277f8243d2739c005480d8022fe0',
  '0x14be8b4b4bf1ea9d18bd04c4063a0987c702e204',
  '0x157a0a3d1fd859fc940ceb923e68d17afe03d2a4',
  '0x15f3197d43600720531bc92d6a55827b82da56bb',
  '0x168e759cd51e4296ae353ae98b675c0ad8996b4e',
  '0x16b18b9836fd01f1413b1bca28935ac00a1f43ce',
  '0x16bea6810b951b647427983ed14710fd1c6a36e1',
  '0x16edfdf297d91d7d904f62ca97a7bfc1778daffc',
  '0x1707a9bad232d728afded75faced38ec90eaa41e',
  '0x175cbd54d38f58b530785e01471a2ec0d4596eb5',
  '0x17e87ed83c1a444b9255b14ba45204dfb4fec186',
  '0x185e39d860cf86fbecf4a7c341bd1545ea3a41b9',
  '0x18c523f27b0310a7468f081ae8e84179d0a04ad1',
  '0x18cc3ce7ed17e47c669982b6c94a0fe2a0b9606e',
  '0x18e55343ecfc135e21916fcdb9788accb5b53caf',
  '0x19a6a39b746c4647a01a3bf80751155969ddb15a',
  '0x19d01c13e6e5a1a990db9821358a591583f63234',
  '0x19d1df2574542259bc2ec23e69c1b700d752c45e',
  '0x19f824662ba9df78e368022f085b708fccc201c8',
  '0x1a1ec5ef70a643cd35376214e8a8f2ea0d92931d',
  '0x1a3cd87d4d5c6629abc5e1fde1bef51c3b8d2be7',
  '0x1bac3cd502cafe965a26f30fd1512a0800fdb9b7',
  '0x1c1d58031fb0692577b4fb8fc71e333755ca6927',
  '0x1c6a4181c0a352a855d15ae0d1bdce5f6aa23352',
  '0x1c7b78f54485a0ea4d67a2b4856af4cd39f11d99',
  '0x1cc42015d1e4c97d8739d8fe663c47f0a49e9a38',
  '0x1cdeee885457c5c3a048aa26363472a6b5fd28d7',
  '0x1d1ce71366866d0785fa40dd30ea92ca5e7078cc',
  '0x1d315b60ede11012ff8c980acd7cad65ac7ebdee',
  '0x1d5da20522b1b94e3b7d983c954075da429bbae1',
  '0x1d872098bab315ddf6630b3db2f8330221d498c0',
  '0x1d9fd5c3fbfd4758f22438a336068b813872cefc',
  '0x1da9ddc8407781d712a77def51c40c26a1f72600',
  '0x1e001730a23c7ebaff35bc8bc90da5a9b20804a4',
  '0x1eb16ec378f0ce8f81449120629f52ba28961d47',
  '0x1eb856a1359495cda8f18cac8785342b23dd84bf',
  '0x1f49c2def89cd9b84048a2d30c53a29091082d62',
  '0x1fdb4015fd5e031c5641752c1e03b973ad5ea168',
  '0x2010c480b73fd0865b6d2f164660da852d178d5d',
  '0x20170890ef210e402578f97d6b179784c45f3a1b',
  ... 613 more items
]
📦 17215 transactions récupérées.
📤 Récupération des transactions existantes depuis PostgreSQL...
✅ 22443 transactions déjà stockées.
🔍 53 transactions à insérer après filtrage.
✅ 53 nouvelles transactions ajoutées.

[2025-03-28T22:00:11.586Z] ========== FIN DE L'EXÉCUTION (STATUT: success) ==========

[2025-03-28T23:00:00.398Z] ========== DÉBUT DE L'EXÉCUTION DE LA TÂCHE: Fetch Transactions History (ID: 5) ==========
[2025-03-28T23:00:14.605Z] 🚀 Démarrage du script...
📤 Récupération des wallets et tokens depuis PostgreSQL...
✅ 65 wallets et 713 tokens récupérés.
🔍 Tokens trouvés: [
  '0x009bab289f104699ae87e576294d18ed505faa61',
  '0x016e0081fcaad345691027908d5044534bca1946',
  '0x01b4ea64e4204b51cbc8463ffc8e6046c9d70371',
  '0x021bb23a45e9fc824260435e670fc383b7b8cbbb',
  '0x02b5d51e29fa35c9228cfa3ff968da6aaf1048dd',
  '0x032f0e16b729210551642f3249f6e0b1b52a63be',
  '0x034ecb6dc0608b73765f2965771a003d940ee8b2',
  '0x038eb5001b6a7050fed40816321138e69f8f885b',
  '0x03cbe3dda83908ad48643d6a1b5b13d11acaf845',
  '0x03d23c82f20c96c421742b243b7ea33a3e217c1f',
  '0x041cc71b3bce05d06179f05ef7a9a20bd0815515',
  '0x052ad78e3aa0b0f2d3912fd3b50a9a289cf2f7aa',
  '0x053b0bd329dc21bd4fa278f62310f668c5f1a6ed',
  '0x06246100ba403608b98adfb006d82a7484f5d9ff',
  '0x062c208073c9b439d1973262cfe0ddd88f38afa8',
  '0x062f0732a7daca652c3bd7d8ad51c3a920b25962',
  '0x0643ffb30add44ef5c74996ad57a03a2244b6f28',
  '0x0675e8f4a52ea6c845cb6427af03616a2af42170',
  '0x06cc12368fa6a3d4dc0872c60331156a21cdcc9c',
  '0x06d0e5aee443093ac5635b709c8a01342e59df19',
  '0x076c82295af54a4507fa80c73a928c5703b845ee',
  '0x07da3cdae2396aa826387a48deba5868d7deb7bc',
  '0x07f893290c1ac037f5cd6fe6b3963803d9faa598',
  '0x084018b714948dfbeaba305fbc8dc4d2c0330172',
  '0x08906954c6b7e68eb5a969d201371ddcac28968c',
  '0x08ad1f3a48be1d23c723a6cc8486b247f5de935a',
  '0x09106ba56f708b353fe252dd0749c913a3e8a5e1',
  '0x0954682ff1b512d3927d06c591942f50917e16a0',
  '0x09565ce0acb2e35d1020cb4b0cbb5df3e328e3a6',
  '0x0964bde8cd3744f99a1ffc70becbe1f33366f5bb',
  '0x0a7d5a774585c2fc7ccf46c220e9a4e4f91e93c3',
  '0x0c12f2b2c3ad5150d344b6d3abb901b4795d72d9',
  '0x0c27daa424d413a02186b90d839124868d433197',
  '0x0c4e05941b40f6a081ec616bdd1adfe67ae7bb4d',
  '0x0c84153fdcafd65a4536c2d8d4856e6a6457fb21',
  '0x0d5d0b74c690170a82bf52e5d16388fc4fa29082',
  '0x0da81e9b313e73cf295363c14e2ce31ec84ab3d0',
  '0x0dca7cd3f63b69bbe55364b42fb6c3b21202d06f',
  '0x0de879bd4cc168bca743cc47efb6821b2eb241e7',
  '0x0e6a3fa67194ae6594edbe96153e28eefd2982f0',
  '0x0f388d7e65a969dbcbfab21bc3ab6629af78f4cf',
  '0x0fd357ea71ad533c6b8a62520321ed286ed9a0c2',
  '0x10479fb486b4a77b87320ba017c5e64f4f352773',
  '0x1051e1d8cc6bc96c78fea6ae1144b91a1b1a32a2',
  '0x106d6a8e73b851f0905eb592df5d5f9b29469a5e',
  '0x108f15a6cac5bddf919af07928faa0b7168feff8',
  '0x10c2c7a5342988818eb6726fae369299d8fb6328',
  '0x10cde9d1e1a2d3b703f037a6788e04bc139cdf6f',
  '0x10dfe9495810a7c8ff577647dab523503477402f',
  '0x1106d8755ffafb1f1820b3668e354336d9085a12',
  '0x1117ee7306c82190109869a1721021b96d6a249d',
  '0x11c80389e39bedabf2172524be687ffdec06979a',
  '0x11d2b6613cbebb4172ef9507286e47c99e3a4b37',
  '0x1201cdab78a8bcc527d1cdfe5a2740cf1e824adc',
  '0x12413a603d16893d8f406925289f206b3b974cf0',
  '0x13ae383d948ad3d6e2534463e54a9cca9eaa4145',
  '0x14082eef0e5ccc9d2d36cf627c45f07f3b0a54dd',
  '0x140c3d8bf3ff575ee63a12fe019b1d97caf6adcb',
  '0x140d6cfde793f1a2eed5274454aa6f463ec8c075',
  '0x146ab8465ed65e9295b7caf7ce55a42149fe76e3',
  '0x14b0d23238c5277f8243d2739c005480d8022fe0',
  '0x14be8b4b4bf1ea9d18bd04c4063a0987c702e204',
  '0x157a0a3d1fd859fc940ceb923e68d17afe03d2a4',
  '0x15f3197d43600720531bc92d6a55827b82da56bb',
  '0x168e759cd51e4296ae353ae98b675c0ad8996b4e',
  '0x16b18b9836fd01f1413b1bca28935ac00a1f43ce',
  '0x16bea6810b951b647427983ed14710fd1c6a36e1',
  '0x16edfdf297d91d7d904f62ca97a7bfc1778daffc',
  '0x1707a9bad232d728afded75faced38ec90eaa41e',
  '0x175cbd54d38f58b530785e01471a2ec0d4596eb5',
  '0x17e87ed83c1a444b9255b14ba45204dfb4fec186',
  '0x185e39d860cf86fbecf4a7c341bd1545ea3a41b9',
  '0x18c523f27b0310a7468f081ae8e84179d0a04ad1',
  '0x18cc3ce7ed17e47c669982b6c94a0fe2a0b9606e',
  '0x18e55343ecfc135e21916fcdb9788accb5b53caf',
  '0x19a6a39b746c4647a01a3bf80751155969ddb15a',
  '0x19d01c13e6e5a1a990db9821358a591583f63234',
  '0x19d1df2574542259bc2ec23e69c1b700d752c45e',
  '0x19f824662ba9df78e368022f085b708fccc201c8',
  '0x1a1ec5ef70a643cd35376214e8a8f2ea0d92931d',
  '0x1a3cd87d4d5c6629abc5e1fde1bef51c3b8d2be7',
  '0x1bac3cd502cafe965a26f30fd1512a0800fdb9b7',
  '0x1c1d58031fb0692577b4fb8fc71e333755ca6927',
  '0x1c6a4181c0a352a855d15ae0d1bdce5f6aa23352',
  '0x1c7b78f54485a0ea4d67a2b4856af4cd39f11d99',
  '0x1cc42015d1e4c97d8739d8fe663c47f0a49e9a38',
  '0x1cdeee885457c5c3a048aa26363472a6b5fd28d7',
  '0x1d1ce71366866d0785fa40dd30ea92ca5e7078cc',
  '0x1d315b60ede11012ff8c980acd7cad65ac7ebdee',
  '0x1d5da20522b1b94e3b7d983c954075da429bbae1',
  '0x1d872098bab315ddf6630b3db2f8330221d498c0',
  '0x1d9fd5c3fbfd4758f22438a336068b813872cefc',
  '0x1da9ddc8407781d712a77def51c40c26a1f72600',
  '0x1e001730a23c7ebaff35bc8bc90da5a9b20804a4',
  '0x1eb16ec378f0ce8f81449120629f52ba28961d47',
  '0x1eb856a1359495cda8f18cac8785342b23dd84bf',
  '0x1f49c2def89cd9b84048a2d30c53a29091082d62',
  '0x1fdb4015fd5e031c5641752c1e03b973ad5ea168',
  '0x2010c480b73fd0865b6d2f164660da852d178d5d',
  '0x20170890ef210e402578f97d6b179784c45f3a1b',
  ... 613 more items
]
📦 17349 transactions récupérées.
📤 Récupération des transactions existantes depuis PostgreSQL...
✅ 22496 transactions déjà stockées.
🔍 134 transactions à insérer après filtrage.
✅ 134 nouvelles transactions ajoutées.

[2025-03-28T23:00:14.605Z] ========== FIN DE L'EXÉCUTION (STATUT: success) ==========

[2025-03-29T00:00:00.757Z] ========== DÉBUT DE L'EXÉCUTION DE LA TÂCHE: Fetch Transactions History (ID: 5) ==========
[2025-03-29T00:00:13.344Z] 🚀 Démarrage du script...
📤 Récupération des wallets et tokens depuis PostgreSQL...
✅ 72 wallets et 713 tokens récupérés.
🔍 Tokens trouvés: [
  '0x009bab289f104699ae87e576294d18ed505faa61',
  '0x016e0081fcaad345691027908d5044534bca1946',
  '0x01b4ea64e4204b51cbc8463ffc8e6046c9d70371',
  '0x021bb23a45e9fc824260435e670fc383b7b8cbbb',
  '0x02b5d51e29fa35c9228cfa3ff968da6aaf1048dd',
  '0x032f0e16b729210551642f3249f6e0b1b52a63be',
  '0x034ecb6dc0608b73765f2965771a003d940ee8b2',
  '0x038eb5001b6a7050fed40816321138e69f8f885b',
  '0x03cbe3dda83908ad48643d6a1b5b13d11acaf845',
  '0x03d23c82f20c96c421742b243b7ea33a3e217c1f',
  '0x041cc71b3bce05d06179f05ef7a9a20bd0815515',
  '0x052ad78e3aa0b0f2d3912fd3b50a9a289cf2f7aa',
  '0x053b0bd329dc21bd4fa278f62310f668c5f1a6ed',
  '0x06246100ba403608b98adfb006d82a7484f5d9ff',
  '0x062c208073c9b439d1973262cfe0ddd88f38afa8',
  '0x062f0732a7daca652c3bd7d8ad51c3a920b25962',
  '0x0643ffb30add44ef5c74996ad57a03a2244b6f28',
  '0x0675e8f4a52ea6c845cb6427af03616a2af42170',
  '0x06cc12368fa6a3d4dc0872c60331156a21cdcc9c',
  '0x06d0e5aee443093ac5635b709c8a01342e59df19',
  '0x076c82295af54a4507fa80c73a928c5703b845ee',
  '0x07da3cdae2396aa826387a48deba5868d7deb7bc',
  '0x07f893290c1ac037f5cd6fe6b3963803d9faa598',
  '0x084018b714948dfbeaba305fbc8dc4d2c0330172',
  '0x08906954c6b7e68eb5a969d201371ddcac28968c',
  '0x08ad1f3a48be1d23c723a6cc8486b247f5de935a',
  '0x09106ba56f708b353fe252dd0749c913a3e8a5e1',
  '0x0954682ff1b512d3927d06c591942f50917e16a0',
  '0x09565ce0acb2e35d1020cb4b0cbb5df3e328e3a6',
  '0x0964bde8cd3744f99a1ffc70becbe1f33366f5bb',
  '0x0a7d5a774585c2fc7ccf46c220e9a4e4f91e93c3',
  '0x0c12f2b2c3ad5150d344b6d3abb901b4795d72d9',
  '0x0c27daa424d413a02186b90d839124868d433197',
  '0x0c4e05941b40f6a081ec616bdd1adfe67ae7bb4d',
  '0x0c84153fdcafd65a4536c2d8d4856e6a6457fb21',
  '0x0d5d0b74c690170a82bf52e5d16388fc4fa29082',
  '0x0da81e9b313e73cf295363c14e2ce31ec84ab3d0',
  '0x0dca7cd3f63b69bbe55364b42fb6c3b21202d06f',
  '0x0de879bd4cc168bca743cc47efb6821b2eb241e7',
  '0x0e6a3fa67194ae6594edbe96153e28eefd2982f0',
  '0x0f388d7e65a969dbcbfab21bc3ab6629af78f4cf',
  '0x0fd357ea71ad533c6b8a62520321ed286ed9a0c2',
  '0x10479fb486b4a77b87320ba017c5e64f4f352773',
  '0x1051e1d8cc6bc96c78fea6ae1144b91a1b1a32a2',
  '0x106d6a8e73b851f0905eb592df5d5f9b29469a5e',
  '0x108f15a6cac5bddf919af07928faa0b7168feff8',
  '0x10c2c7a5342988818eb6726fae369299d8fb6328',
  '0x10cde9d1e1a2d3b703f037a6788e04bc139cdf6f',
  '0x10dfe9495810a7c8ff577647dab523503477402f',
  '0x1106d8755ffafb1f1820b3668e354336d9085a12',
  '0x1117ee7306c82190109869a1721021b96d6a249d',
  '0x11c80389e39bedabf2172524be687ffdec06979a',
  '0x11d2b6613cbebb4172ef9507286e47c99e3a4b37',
  '0x1201cdab78a8bcc527d1cdfe5a2740cf1e824adc',
  '0x12413a603d16893d8f406925289f206b3b974cf0',
  '0x13ae383d948ad3d6e2534463e54a9cca9eaa4145',
  '0x14082eef0e5ccc9d2d36cf627c45f07f3b0a54dd',
  '0x140c3d8bf3ff575ee63a12fe019b1d97caf6adcb',
  '0x140d6cfde793f1a2eed5274454aa6f463ec8c075',
  '0x146ab8465ed65e9295b7caf7ce55a42149fe76e3',
  '0x14b0d23238c5277f8243d2739c005480d8022fe0',
  '0x14be8b4b4bf1ea9d18bd04c4063a0987c702e204',
  '0x157a0a3d1fd859fc940ceb923e68d17afe03d2a4',
  '0x15f3197d43600720531bc92d6a55827b82da56bb',
  '0x168e759cd51e4296ae353ae98b675c0ad8996b4e',
  '0x16b18b9836fd01f1413b1bca28935ac00a1f43ce',
  '0x16bea6810b951b647427983ed14710fd1c6a36e1',
  '0x16edfdf297d91d7d904f62ca97a7bfc1778daffc',
  '0x1707a9bad232d728afded75faced38ec90eaa41e',
  '0x175cbd54d38f58b530785e01471a2ec0d4596eb5',
  '0x17e87ed83c1a444b9255b14ba45204dfb4fec186',
  '0x185e39d860cf86fbecf4a7c341bd1545ea3a41b9',
  '0x18c523f27b0310a7468f081ae8e84179d0a04ad1',
  '0x18cc3ce7ed17e47c669982b6c94a0fe2a0b9606e',
  '0x18e55343ecfc135e21916fcdb9788accb5b53caf',
  '0x19a6a39b746c4647a01a3bf80751155969ddb15a',
  '0x19d01c13e6e5a1a990db9821358a591583f63234',
  '0x19d1df2574542259bc2ec23e69c1b700d752c45e',
  '0x19f824662ba9df78e368022f085b708fccc201c8',
  '0x1a1ec5ef70a643cd35376214e8a8f2ea0d92931d',
  '0x1a3cd87d4d5c6629abc5e1fde1bef51c3b8d2be7',
  '0x1bac3cd502cafe965a26f30fd1512a0800fdb9b7',
  '0x1c1d58031fb0692577b4fb8fc71e333755ca6927',
  '0x1c6a4181c0a352a855d15ae0d1bdce5f6aa23352',
  '0x1c7b78f54485a0ea4d67a2b4856af4cd39f11d99',
  '0x1cc42015d1e4c97d8739d8fe663c47f0a49e9a38',
  '0x1cdeee885457c5c3a048aa26363472a6b5fd28d7',
  '0x1d1ce71366866d0785fa40dd30ea92ca5e7078cc',
  '0x1d315b60ede11012ff8c980acd7cad65ac7ebdee',
  '0x1d5da20522b1b94e3b7d983c954075da429bbae1',
  '0x1d872098bab315ddf6630b3db2f8330221d498c0',
  '0x1d9fd5c3fbfd4758f22438a336068b813872cefc',
  '0x1da9ddc8407781d712a77def51c40c26a1f72600',
  '0x1e001730a23c7ebaff35bc8bc90da5a9b20804a4',
  '0x1eb16ec378f0ce8f81449120629f52ba28961d47',
  '0x1eb856a1359495cda8f18cac8785342b23dd84bf',
  '0x1f49c2def89cd9b84048a2d30c53a29091082d62',
  '0x1fdb4015fd5e031c5641752c1e03b973ad5ea168',
  '0x2010c480b73fd0865b6d2f164660da852d178d5d',
  '0x20170890ef210e402578f97d6b179784c45f3a1b',
  ... 613 more items
]
📦 18519 transactions récupérées.
📤 Récupération des transactions existantes depuis PostgreSQL...
✅ 22630 transactions déjà stockées.
🔍 1170 transactions à insérer après filtrage.
✅ 1170 nouvelles transactions ajoutées.

[2025-03-29T00:00:13.345Z] ========== FIN DE L'EXÉCUTION (STATUT: success) ==========

[2025-03-29T01:00:00.152Z] ========== DÉBUT DE L'EXÉCUTION DE LA TÂCHE: Fetch Transactions History (ID: 5) ==========
[2025-03-29T01:00:13.530Z] 🚀 Démarrage du script...
📤 Récupération des wallets et tokens depuis PostgreSQL...
✅ 78 wallets et 713 tokens récupérés.
🔍 Tokens trouvés: [
  '0x009bab289f104699ae87e576294d18ed505faa61',
  '0x016e0081fcaad345691027908d5044534bca1946',
  '0x01b4ea64e4204b51cbc8463ffc8e6046c9d70371',
  '0x021bb23a45e9fc824260435e670fc383b7b8cbbb',
  '0x02b5d51e29fa35c9228cfa3ff968da6aaf1048dd',
  '0x032f0e16b729210551642f3249f6e0b1b52a63be',
  '0x034ecb6dc0608b73765f2965771a003d940ee8b2',
  '0x038eb5001b6a7050fed40816321138e69f8f885b',
  '0x03cbe3dda83908ad48643d6a1b5b13d11acaf845',
  '0x03d23c82f20c96c421742b243b7ea33a3e217c1f',
  '0x041cc71b3bce05d06179f05ef7a9a20bd0815515',
  '0x052ad78e3aa0b0f2d3912fd3b50a9a289cf2f7aa',
  '0x053b0bd329dc21bd4fa278f62310f668c5f1a6ed',
  '0x06246100ba403608b98adfb006d82a7484f5d9ff',
  '0x062c208073c9b439d1973262cfe0ddd88f38afa8',
  '0x062f0732a7daca652c3bd7d8ad51c3a920b25962',
  '0x0643ffb30add44ef5c74996ad57a03a2244b6f28',
  '0x0675e8f4a52ea6c845cb6427af03616a2af42170',
  '0x06cc12368fa6a3d4dc0872c60331156a21cdcc9c',
  '0x06d0e5aee443093ac5635b709c8a01342e59df19',
  '0x076c82295af54a4507fa80c73a928c5703b845ee',
  '0x07da3cdae2396aa826387a48deba5868d7deb7bc',
  '0x07f893290c1ac037f5cd6fe6b3963803d9faa598',
  '0x084018b714948dfbeaba305fbc8dc4d2c0330172',
  '0x08906954c6b7e68eb5a969d201371ddcac28968c',
  '0x08ad1f3a48be1d23c723a6cc8486b247f5de935a',
  '0x09106ba56f708b353fe252dd0749c913a3e8a5e1',
  '0x0954682ff1b512d3927d06c591942f50917e16a0',
  '0x09565ce0acb2e35d1020cb4b0cbb5df3e328e3a6',
  '0x0964bde8cd3744f99a1ffc70becbe1f33366f5bb',
  '0x0a7d5a774585c2fc7ccf46c220e9a4e4f91e93c3',
  '0x0c12f2b2c3ad5150d344b6d3abb901b4795d72d9',
  '0x0c27daa424d413a02186b90d839124868d433197',
  '0x0c4e05941b40f6a081ec616bdd1adfe67ae7bb4d',
  '0x0c84153fdcafd65a4536c2d8d4856e6a6457fb21',
  '0x0d5d0b74c690170a82bf52e5d16388fc4fa29082',
  '0x0da81e9b313e73cf295363c14e2ce31ec84ab3d0',
  '0x0dca7cd3f63b69bbe55364b42fb6c3b21202d06f',
  '0x0de879bd4cc168bca743cc47efb6821b2eb241e7',
  '0x0e6a3fa67194ae6594edbe96153e28eefd2982f0',
  '0x0f388d7e65a969dbcbfab21bc3ab6629af78f4cf',
  '0x0fd357ea71ad533c6b8a62520321ed286ed9a0c2',
  '0x10479fb486b4a77b87320ba017c5e64f4f352773',
  '0x1051e1d8cc6bc96c78fea6ae1144b91a1b1a32a2',
  '0x106d6a8e73b851f0905eb592df5d5f9b29469a5e',
  '0x108f15a6cac5bddf919af07928faa0b7168feff8',
  '0x10c2c7a5342988818eb6726fae369299d8fb6328',
  '0x10cde9d1e1a2d3b703f037a6788e04bc139cdf6f',
  '0x10dfe9495810a7c8ff577647dab523503477402f',
  '0x1106d8755ffafb1f1820b3668e354336d9085a12',
  '0x1117ee7306c82190109869a1721021b96d6a249d',
  '0x11c80389e39bedabf2172524be687ffdec06979a',
  '0x11d2b6613cbebb4172ef9507286e47c99e3a4b37',
  '0x1201cdab78a8bcc527d1cdfe5a2740cf1e824adc',
  '0x12413a603d16893d8f406925289f206b3b974cf0',
  '0x13ae383d948ad3d6e2534463e54a9cca9eaa4145',
  '0x14082eef0e5ccc9d2d36cf627c45f07f3b0a54dd',
  '0x140c3d8bf3ff575ee63a12fe019b1d97caf6adcb',
  '0x140d6cfde793f1a2eed5274454aa6f463ec8c075',
  '0x146ab8465ed65e9295b7caf7ce55a42149fe76e3',
  '0x14b0d23238c5277f8243d2739c005480d8022fe0',
  '0x14be8b4b4bf1ea9d18bd04c4063a0987c702e204',
  '0x157a0a3d1fd859fc940ceb923e68d17afe03d2a4',
  '0x15f3197d43600720531bc92d6a55827b82da56bb',
  '0x168e759cd51e4296ae353ae98b675c0ad8996b4e',
  '0x16b18b9836fd01f1413b1bca28935ac00a1f43ce',
  '0x16bea6810b951b647427983ed14710fd1c6a36e1',
  '0x16edfdf297d91d7d904f62ca97a7bfc1778daffc',
  '0x1707a9bad232d728afded75faced38ec90eaa41e',
  '0x175cbd54d38f58b530785e01471a2ec0d4596eb5',
  '0x17e87ed83c1a444b9255b14ba45204dfb4fec186',
  '0x185e39d860cf86fbecf4a7c341bd1545ea3a41b9',
  '0x18c523f27b0310a7468f081ae8e84179d0a04ad1',
  '0x18cc3ce7ed17e47c669982b6c94a0fe2a0b9606e',
  '0x18e55343ecfc135e21916fcdb9788accb5b53caf',
  '0x19a6a39b746c4647a01a3bf80751155969ddb15a',
  '0x19d01c13e6e5a1a990db9821358a591583f63234',
  '0x19d1df2574542259bc2ec23e69c1b700d752c45e',
  '0x19f824662ba9df78e368022f085b708fccc201c8',
  '0x1a1ec5ef70a643cd35376214e8a8f2ea0d92931d',
  '0x1a3cd87d4d5c6629abc5e1fde1bef51c3b8d2be7',
  '0x1bac3cd502cafe965a26f30fd1512a0800fdb9b7',
  '0x1c1d58031fb0692577b4fb8fc71e333755ca6927',
  '0x1c6a4181c0a352a855d15ae0d1bdce5f6aa23352',
  '0x1c7b78f54485a0ea4d67a2b4856af4cd39f11d99',
  '0x1cc42015d1e4c97d8739d8fe663c47f0a49e9a38',
  '0x1cdeee885457c5c3a048aa26363472a6b5fd28d7',
  '0x1d1ce71366866d0785fa40dd30ea92ca5e7078cc',
  '0x1d315b60ede11012ff8c980acd7cad65ac7ebdee',
  '0x1d5da20522b1b94e3b7d983c954075da429bbae1',
  '0x1d872098bab315ddf6630b3db2f8330221d498c0',
  '0x1d9fd5c3fbfd4758f22438a336068b813872cefc',
  '0x1da9ddc8407781d712a77def51c40c26a1f72600',
  '0x1e001730a23c7ebaff35bc8bc90da5a9b20804a4',
  '0x1eb16ec378f0ce8f81449120629f52ba28961d47',
  '0x1eb856a1359495cda8f18cac8785342b23dd84bf',
  '0x1f49c2def89cd9b84048a2d30c53a29091082d62',
  '0x1fdb4015fd5e031c5641752c1e03b973ad5ea168',
  '0x2010c480b73fd0865b6d2f164660da852d178d5d',
  '0x20170890ef210e402578f97d6b179784c45f3a1b',
  ... 613 more items
]
📦 19688 transactions récupérées.
📤 Récupération des transactions existantes depuis PostgreSQL...
✅ 24491 transactions déjà stockées.
🔍 290 transactions à insérer après filtrage.
✅ 290 nouvelles transactions ajoutées.

[2025-03-29T01:00:13.531Z] ========== FIN DE L'EXÉCUTION (STATUT: success) ==========

[2025-03-29T02:00:00.525Z] ========== DÉBUT DE L'EXÉCUTION DE LA TÂCHE: Fetch Transactions History (ID: 5) ==========
[2025-03-29T02:00:11.692Z] 🚀 Démarrage du script...
📤 Récupération des wallets et tokens depuis PostgreSQL...
✅ 80 wallets et 713 tokens récupérés.
🔍 Tokens trouvés: [
  '0x009bab289f104699ae87e576294d18ed505faa61',
  '0x016e0081fcaad345691027908d5044534bca1946',
  '0x01b4ea64e4204b51cbc8463ffc8e6046c9d70371',
  '0x021bb23a45e9fc824260435e670fc383b7b8cbbb',
  '0x02b5d51e29fa35c9228cfa3ff968da6aaf1048dd',
  '0x032f0e16b729210551642f3249f6e0b1b52a63be',
  '0x034ecb6dc0608b73765f2965771a003d940ee8b2',
  '0x038eb5001b6a7050fed40816321138e69f8f885b',
  '0x03cbe3dda83908ad48643d6a1b5b13d11acaf845',
  '0x03d23c82f20c96c421742b243b7ea33a3e217c1f',
  '0x041cc71b3bce05d06179f05ef7a9a20bd0815515',
  '0x052ad78e3aa0b0f2d3912fd3b50a9a289cf2f7aa',
  '0x053b0bd329dc21bd4fa278f62310f668c5f1a6ed',
  '0x06246100ba403608b98adfb006d82a7484f5d9ff',
  '0x062c208073c9b439d1973262cfe0ddd88f38afa8',
  '0x062f0732a7daca652c3bd7d8ad51c3a920b25962',
  '0x0643ffb30add44ef5c74996ad57a03a2244b6f28',
  '0x0675e8f4a52ea6c845cb6427af03616a2af42170',
  '0x06cc12368fa6a3d4dc0872c60331156a21cdcc9c',
  '0x06d0e5aee443093ac5635b709c8a01342e59df19',
  '0x076c82295af54a4507fa80c73a928c5703b845ee',
  '0x07da3cdae2396aa826387a48deba5868d7deb7bc',
  '0x07f893290c1ac037f5cd6fe6b3963803d9faa598',
  '0x084018b714948dfbeaba305fbc8dc4d2c0330172',
  '0x08906954c6b7e68eb5a969d201371ddcac28968c',
  '0x08ad1f3a48be1d23c723a6cc8486b247f5de935a',
  '0x09106ba56f708b353fe252dd0749c913a3e8a5e1',
  '0x0954682ff1b512d3927d06c591942f50917e16a0',
  '0x09565ce0acb2e35d1020cb4b0cbb5df3e328e3a6',
  '0x0964bde8cd3744f99a1ffc70becbe1f33366f5bb',
  '0x0a7d5a774585c2fc7ccf46c220e9a4e4f91e93c3',
  '0x0c12f2b2c3ad5150d344b6d3abb901b4795d72d9',
  '0x0c27daa424d413a02186b90d839124868d433197',
  '0x0c4e05941b40f6a081ec616bdd1adfe67ae7bb4d',
  '0x0c84153fdcafd65a4536c2d8d4856e6a6457fb21',
  '0x0d5d0b74c690170a82bf52e5d16388fc4fa29082',
  '0x0da81e9b313e73cf295363c14e2ce31ec84ab3d0',
  '0x0dca7cd3f63b69bbe55364b42fb6c3b21202d06f',
  '0x0de879bd4cc168bca743cc47efb6821b2eb241e7',
  '0x0e6a3fa67194ae6594edbe96153e28eefd2982f0',
  '0x0f388d7e65a969dbcbfab21bc3ab6629af78f4cf',
  '0x0fd357ea71ad533c6b8a62520321ed286ed9a0c2',
  '0x10479fb486b4a77b87320ba017c5e64f4f352773',
  '0x1051e1d8cc6bc96c78fea6ae1144b91a1b1a32a2',
  '0x106d6a8e73b851f0905eb592df5d5f9b29469a5e',
  '0x108f15a6cac5bddf919af07928faa0b7168feff8',
  '0x10c2c7a5342988818eb6726fae369299d8fb6328',
  '0x10cde9d1e1a2d3b703f037a6788e04bc139cdf6f',
  '0x10dfe9495810a7c8ff577647dab523503477402f',
  '0x1106d8755ffafb1f1820b3668e354336d9085a12',
  '0x1117ee7306c82190109869a1721021b96d6a249d',
  '0x11c80389e39bedabf2172524be687ffdec06979a',
  '0x11d2b6613cbebb4172ef9507286e47c99e3a4b37',
  '0x1201cdab78a8bcc527d1cdfe5a2740cf1e824adc',
  '0x12413a603d16893d8f406925289f206b3b974cf0',
  '0x13ae383d948ad3d6e2534463e54a9cca9eaa4145',
  '0x14082eef0e5ccc9d2d36cf627c45f07f3b0a54dd',
  '0x140c3d8bf3ff575ee63a12fe019b1d97caf6adcb',
  '0x140d6cfde793f1a2eed5274454aa6f463ec8c075',
  '0x146ab8465ed65e9295b7caf7ce55a42149fe76e3',
  '0x14b0d23238c5277f8243d2739c005480d8022fe0',
  '0x14be8b4b4bf1ea9d18bd04c4063a0987c702e204',
  '0x157a0a3d1fd859fc940ceb923e68d17afe03d2a4',
  '0x15f3197d43600720531bc92d6a55827b82da56bb',
  '0x168e759cd51e4296ae353ae98b675c0ad8996b4e',
  '0x16b18b9836fd01f1413b1bca28935ac00a1f43ce',
  '0x16bea6810b951b647427983ed14710fd1c6a36e1',
  '0x16edfdf297d91d7d904f62ca97a7bfc1778daffc',
  '0x1707a9bad232d728afded75faced38ec90eaa41e',
  '0x175cbd54d38f58b530785e01471a2ec0d4596eb5',
  '0x17e87ed83c1a444b9255b14ba45204dfb4fec186',
  '0x185e39d860cf86fbecf4a7c341bd1545ea3a41b9',
  '0x18c523f27b0310a7468f081ae8e84179d0a04ad1',
  '0x18cc3ce7ed17e47c669982b6c94a0fe2a0b9606e',
  '0x18e55343ecfc135e21916fcdb9788accb5b53caf',
  '0x19a6a39b746c4647a01a3bf80751155969ddb15a',
  '0x19d01c13e6e5a1a990db9821358a591583f63234',
  '0x19d1df2574542259bc2ec23e69c1b700d752c45e',
  '0x19f824662ba9df78e368022f085b708fccc201c8',
  '0x1a1ec5ef70a643cd35376214e8a8f2ea0d92931d',
  '0x1a3cd87d4d5c6629abc5e1fde1bef51c3b8d2be7',
  '0x1bac3cd502cafe965a26f30fd1512a0800fdb9b7',
  '0x1c1d58031fb0692577b4fb8fc71e333755ca6927',
  '0x1c6a4181c0a352a855d15ae0d1bdce5f6aa23352',
  '0x1c7b78f54485a0ea4d67a2b4856af4cd39f11d99',
  '0x1cc42015d1e4c97d8739d8fe663c47f0a49e9a38',
  '0x1cdeee885457c5c3a048aa26363472a6b5fd28d7',
  '0x1d1ce71366866d0785fa40dd30ea92ca5e7078cc',
  '0x1d315b60ede11012ff8c980acd7cad65ac7ebdee',
  '0x1d5da20522b1b94e3b7d983c954075da429bbae1',
  '0x1d872098bab315ddf6630b3db2f8330221d498c0',
  '0x1d9fd5c3fbfd4758f22438a336068b813872cefc',
  '0x1da9ddc8407781d712a77def51c40c26a1f72600',
  '0x1e001730a23c7ebaff35bc8bc90da5a9b20804a4',
  '0x1eb16ec378f0ce8f81449120629f52ba28961d47',
  '0x1eb856a1359495cda8f18cac8785342b23dd84bf',
  '0x1f49c2def89cd9b84048a2d30c53a29091082d62',
  '0x1fdb4015fd5e031c5641752c1e03b973ad5ea168',
  '0x2010c480b73fd0865b6d2f164660da852d178d5d',
  '0x20170890ef210e402578f97d6b179784c45f3a1b',
  ... 613 more items
]
📦 19938 transactions récupérées.
📤 Récupération des transactions existantes depuis PostgreSQL...
✅ 24781 transactions déjà stockées.
🔍 250 transactions à insérer après filtrage.
✅ 250 nouvelles transactions ajoutées.

[2025-03-29T02:00:11.693Z] ========== FIN DE L'EXÉCUTION (STATUT: success) ==========

[2025-03-29T03:00:00.886Z] ========== DÉBUT DE L'EXÉCUTION DE LA TÂCHE: Fetch Transactions History (ID: 5) ==========
[2025-03-29T03:00:10.469Z] 🚀 Démarrage du script...
📤 Récupération des wallets et tokens depuis PostgreSQL...
✅ 80 wallets et 713 tokens récupérés.
🔍 Tokens trouvés: [
  '0x009bab289f104699ae87e576294d18ed505faa61',
  '0x016e0081fcaad345691027908d5044534bca1946',
  '0x01b4ea64e4204b51cbc8463ffc8e6046c9d70371',
  '0x021bb23a45e9fc824260435e670fc383b7b8cbbb',
  '0x02b5d51e29fa35c9228cfa3ff968da6aaf1048dd',
  '0x032f0e16b729210551642f3249f6e0b1b52a63be',
  '0x034ecb6dc0608b73765f2965771a003d940ee8b2',
  '0x038eb5001b6a7050fed40816321138e69f8f885b',
  '0x03cbe3dda83908ad48643d6a1b5b13d11acaf845',
  '0x03d23c82f20c96c421742b243b7ea33a3e217c1f',
  '0x041cc71b3bce05d06179f05ef7a9a20bd0815515',
  '0x052ad78e3aa0b0f2d3912fd3b50a9a289cf2f7aa',
  '0x053b0bd329dc21bd4fa278f62310f668c5f1a6ed',
  '0x06246100ba403608b98adfb006d82a7484f5d9ff',
  '0x062c208073c9b439d1973262cfe0ddd88f38afa8',
  '0x062f0732a7daca652c3bd7d8ad51c3a920b25962',
  '0x0643ffb30add44ef5c74996ad57a03a2244b6f28',
  '0x0675e8f4a52ea6c845cb6427af03616a2af42170',
  '0x06cc12368fa6a3d4dc0872c60331156a21cdcc9c',
  '0x06d0e5aee443093ac5635b709c8a01342e59df19',
  '0x076c82295af54a4507fa80c73a928c5703b845ee',
  '0x07da3cdae2396aa826387a48deba5868d7deb7bc',
  '0x07f893290c1ac037f5cd6fe6b3963803d9faa598',
  '0x084018b714948dfbeaba305fbc8dc4d2c0330172',
  '0x08906954c6b7e68eb5a969d201371ddcac28968c',
  '0x08ad1f3a48be1d23c723a6cc8486b247f5de935a',
  '0x09106ba56f708b353fe252dd0749c913a3e8a5e1',
  '0x0954682ff1b512d3927d06c591942f50917e16a0',
  '0x09565ce0acb2e35d1020cb4b0cbb5df3e328e3a6',
  '0x0964bde8cd3744f99a1ffc70becbe1f33366f5bb',
  '0x0a7d5a774585c2fc7ccf46c220e9a4e4f91e93c3',
  '0x0c12f2b2c3ad5150d344b6d3abb901b4795d72d9',
  '0x0c27daa424d413a02186b90d839124868d433197',
  '0x0c4e05941b40f6a081ec616bdd1adfe67ae7bb4d',
  '0x0c84153fdcafd65a4536c2d8d4856e6a6457fb21',
  '0x0d5d0b74c690170a82bf52e5d16388fc4fa29082',
  '0x0da81e9b313e73cf295363c14e2ce31ec84ab3d0',
  '0x0dca7cd3f63b69bbe55364b42fb6c3b21202d06f',
  '0x0de879bd4cc168bca743cc47efb6821b2eb241e7',
  '0x0e6a3fa67194ae6594edbe96153e28eefd2982f0',
  '0x0f388d7e65a969dbcbfab21bc3ab6629af78f4cf',
  '0x0fd357ea71ad533c6b8a62520321ed286ed9a0c2',
  '0x10479fb486b4a77b87320ba017c5e64f4f352773',
  '0x1051e1d8cc6bc96c78fea6ae1144b91a1b1a32a2',
  '0x106d6a8e73b851f0905eb592df5d5f9b29469a5e',
  '0x108f15a6cac5bddf919af07928faa0b7168feff8',
  '0x10c2c7a5342988818eb6726fae369299d8fb6328',
  '0x10cde9d1e1a2d3b703f037a6788e04bc139cdf6f',
  '0x10dfe9495810a7c8ff577647dab523503477402f',
  '0x1106d8755ffafb1f1820b3668e354336d9085a12',
  '0x1117ee7306c82190109869a1721021b96d6a249d',
  '0x11c80389e39bedabf2172524be687ffdec06979a',
  '0x11d2b6613cbebb4172ef9507286e47c99e3a4b37',
  '0x1201cdab78a8bcc527d1cdfe5a2740cf1e824adc',
  '0x12413a603d16893d8f406925289f206b3b974cf0',
  '0x13ae383d948ad3d6e2534463e54a9cca9eaa4145',
  '0x14082eef0e5ccc9d2d36cf627c45f07f3b0a54dd',
  '0x140c3d8bf3ff575ee63a12fe019b1d97caf6adcb',
  '0x140d6cfde793f1a2eed5274454aa6f463ec8c075',
  '0x146ab8465ed65e9295b7caf7ce55a42149fe76e3',
  '0x14b0d23238c5277f8243d2739c005480d8022fe0',
  '0x14be8b4b4bf1ea9d18bd04c4063a0987c702e204',
  '0x157a0a3d1fd859fc940ceb923e68d17afe03d2a4',
  '0x15f3197d43600720531bc92d6a55827b82da56bb',
  '0x168e759cd51e4296ae353ae98b675c0ad8996b4e',
  '0x16b18b9836fd01f1413b1bca28935ac00a1f43ce',
  '0x16bea6810b951b647427983ed14710fd1c6a36e1',
  '0x16edfdf297d91d7d904f62ca97a7bfc1778daffc',
  '0x1707a9bad232d728afded75faced38ec90eaa41e',
  '0x175cbd54d38f58b530785e01471a2ec0d4596eb5',
  '0x17e87ed83c1a444b9255b14ba45204dfb4fec186',
  '0x185e39d860cf86fbecf4a7c341bd1545ea3a41b9',
  '0x18c523f27b0310a7468f081ae8e84179d0a04ad1',
  '0x18cc3ce7ed17e47c669982b6c94a0fe2a0b9606e',
  '0x18e55343ecfc135e21916fcdb9788accb5b53caf',
  '0x19a6a39b746c4647a01a3bf80751155969ddb15a',
  '0x19d01c13e6e5a1a990db9821358a591583f63234',
  '0x19d1df2574542259bc2ec23e69c1b700d752c45e',
  '0x19f824662ba9df78e368022f085b708fccc201c8',
  '0x1a1ec5ef70a643cd35376214e8a8f2ea0d92931d',
  '0x1a3cd87d4d5c6629abc5e1fde1bef51c3b8d2be7',
  '0x1bac3cd502cafe965a26f30fd1512a0800fdb9b7',
  '0x1c1d58031fb0692577b4fb8fc71e333755ca6927',
  '0x1c6a4181c0a352a855d15ae0d1bdce5f6aa23352',
  '0x1c7b78f54485a0ea4d67a2b4856af4cd39f11d99',
  '0x1cc42015d1e4c97d8739d8fe663c47f0a49e9a38',
  '0x1cdeee885457c5c3a048aa26363472a6b5fd28d7',
  '0x1d1ce71366866d0785fa40dd30ea92ca5e7078cc',
  '0x1d315b60ede11012ff8c980acd7cad65ac7ebdee',
  '0x1d5da20522b1b94e3b7d983c954075da429bbae1',
  '0x1d872098bab315ddf6630b3db2f8330221d498c0',
  '0x1d9fd5c3fbfd4758f22438a336068b813872cefc',
  '0x1da9ddc8407781d712a77def51c40c26a1f72600',
  '0x1e001730a23c7ebaff35bc8bc90da5a9b20804a4',
  '0x1eb16ec378f0ce8f81449120629f52ba28961d47',
  '0x1eb856a1359495cda8f18cac8785342b23dd84bf',
  '0x1f49c2def89cd9b84048a2d30c53a29091082d62',
  '0x1fdb4015fd5e031c5641752c1e03b973ad5ea168',
  '0x2010c480b73fd0865b6d2f164660da852d178d5d',
  '0x20170890ef210e402578f97d6b179784c45f3a1b',
  ... 613 more items
]
📦 19938 transactions récupérées.
📤 Récupération des transactions existantes depuis PostgreSQL...
✅ 25031 transactions déjà stockées.
🔍 0 transactions à insérer après filtrage.
🚀 Aucune nouvelle transaction à stocker.

[2025-03-29T03:00:10.470Z] ========== FIN DE L'EXÉCUTION (STATUT: success) ==========

[2025-03-29T04:00:00.283Z] ========== DÉBUT DE L'EXÉCUTION DE LA TÂCHE: Fetch Transactions History (ID: 5) ==========
[2025-03-29T04:00:11.173Z] 🚀 Démarrage du script...
📤 Récupération des wallets et tokens depuis PostgreSQL...
✅ 80 wallets et 713 tokens récupérés.
🔍 Tokens trouvés: [
  '0x009bab289f104699ae87e576294d18ed505faa61',
  '0x016e0081fcaad345691027908d5044534bca1946',
  '0x01b4ea64e4204b51cbc8463ffc8e6046c9d70371',
  '0x021bb23a45e9fc824260435e670fc383b7b8cbbb',
  '0x02b5d51e29fa35c9228cfa3ff968da6aaf1048dd',
  '0x032f0e16b729210551642f3249f6e0b1b52a63be',
  '0x034ecb6dc0608b73765f2965771a003d940ee8b2',
  '0x038eb5001b6a7050fed40816321138e69f8f885b',
  '0x03cbe3dda83908ad48643d6a1b5b13d11acaf845',
  '0x03d23c82f20c96c421742b243b7ea33a3e217c1f',
  '0x041cc71b3bce05d06179f05ef7a9a20bd0815515',
  '0x052ad78e3aa0b0f2d3912fd3b50a9a289cf2f7aa',
  '0x053b0bd329dc21bd4fa278f62310f668c5f1a6ed',
  '0x06246100ba403608b98adfb006d82a7484f5d9ff',
  '0x062c208073c9b439d1973262cfe0ddd88f38afa8',
  '0x062f0732a7daca652c3bd7d8ad51c3a920b25962',
  '0x0643ffb30add44ef5c74996ad57a03a2244b6f28',
  '0x0675e8f4a52ea6c845cb6427af03616a2af42170',
  '0x06cc12368fa6a3d4dc0872c60331156a21cdcc9c',
  '0x06d0e5aee443093ac5635b709c8a01342e59df19',
  '0x076c82295af54a4507fa80c73a928c5703b845ee',
  '0x07da3cdae2396aa826387a48deba5868d7deb7bc',
  '0x07f893290c1ac037f5cd6fe6b3963803d9faa598',
  '0x084018b714948dfbeaba305fbc8dc4d2c0330172',
  '0x08906954c6b7e68eb5a969d201371ddcac28968c',
  '0x08ad1f3a48be1d23c723a6cc8486b247f5de935a',
  '0x09106ba56f708b353fe252dd0749c913a3e8a5e1',
  '0x0954682ff1b512d3927d06c591942f50917e16a0',
  '0x09565ce0acb2e35d1020cb4b0cbb5df3e328e3a6',
  '0x0964bde8cd3744f99a1ffc70becbe1f33366f5bb',
  '0x0a7d5a774585c2fc7ccf46c220e9a4e4f91e93c3',
  '0x0c12f2b2c3ad5150d344b6d3abb901b4795d72d9',
  '0x0c27daa424d413a02186b90d839124868d433197',
  '0x0c4e05941b40f6a081ec616bdd1adfe67ae7bb4d',
  '0x0c84153fdcafd65a4536c2d8d4856e6a6457fb21',
  '0x0d5d0b74c690170a82bf52e5d16388fc4fa29082',
  '0x0da81e9b313e73cf295363c14e2ce31ec84ab3d0',
  '0x0dca7cd3f63b69bbe55364b42fb6c3b21202d06f',
  '0x0de879bd4cc168bca743cc47efb6821b2eb241e7',
  '0x0e6a3fa67194ae6594edbe96153e28eefd2982f0',
  '0x0f388d7e65a969dbcbfab21bc3ab6629af78f4cf',
  '0x0fd357ea71ad533c6b8a62520321ed286ed9a0c2',
  '0x10479fb486b4a77b87320ba017c5e64f4f352773',
  '0x1051e1d8cc6bc96c78fea6ae1144b91a1b1a32a2',
  '0x106d6a8e73b851f0905eb592df5d5f9b29469a5e',
  '0x108f15a6cac5bddf919af07928faa0b7168feff8',
  '0x10c2c7a5342988818eb6726fae369299d8fb6328',
  '0x10cde9d1e1a2d3b703f037a6788e04bc139cdf6f',
  '0x10dfe9495810a7c8ff577647dab523503477402f',
  '0x1106d8755ffafb1f1820b3668e354336d9085a12',
  '0x1117ee7306c82190109869a1721021b96d6a249d',
  '0x11c80389e39bedabf2172524be687ffdec06979a',
  '0x11d2b6613cbebb4172ef9507286e47c99e3a4b37',
  '0x1201cdab78a8bcc527d1cdfe5a2740cf1e824adc',
  '0x12413a603d16893d8f406925289f206b3b974cf0',
  '0x13ae383d948ad3d6e2534463e54a9cca9eaa4145',
  '0x14082eef0e5ccc9d2d36cf627c45f07f3b0a54dd',
  '0x140c3d8bf3ff575ee63a12fe019b1d97caf6adcb',
  '0x140d6cfde793f1a2eed5274454aa6f463ec8c075',
  '0x146ab8465ed65e9295b7caf7ce55a42149fe76e3',
  '0x14b0d23238c5277f8243d2739c005480d8022fe0',
  '0x14be8b4b4bf1ea9d18bd04c4063a0987c702e204',
  '0x157a0a3d1fd859fc940ceb923e68d17afe03d2a4',
  '0x15f3197d43600720531bc92d6a55827b82da56bb',
  '0x168e759cd51e4296ae353ae98b675c0ad8996b4e',
  '0x16b18b9836fd01f1413b1bca28935ac00a1f43ce',
  '0x16bea6810b951b647427983ed14710fd1c6a36e1',
  '0x16edfdf297d91d7d904f62ca97a7bfc1778daffc',
  '0x1707a9bad232d728afded75faced38ec90eaa41e',
  '0x175cbd54d38f58b530785e01471a2ec0d4596eb5',
  '0x17e87ed83c1a444b9255b14ba45204dfb4fec186',
  '0x185e39d860cf86fbecf4a7c341bd1545ea3a41b9',
  '0x18c523f27b0310a7468f081ae8e84179d0a04ad1',
  '0x18cc3ce7ed17e47c669982b6c94a0fe2a0b9606e',
  '0x18e55343ecfc135e21916fcdb9788accb5b53caf',
  '0x19a6a39b746c4647a01a3bf80751155969ddb15a',
  '0x19d01c13e6e5a1a990db9821358a591583f63234',
  '0x19d1df2574542259bc2ec23e69c1b700d752c45e',
  '0x19f824662ba9df78e368022f085b708fccc201c8',
  '0x1a1ec5ef70a643cd35376214e8a8f2ea0d92931d',
  '0x1a3cd87d4d5c6629abc5e1fde1bef51c3b8d2be7',
  '0x1bac3cd502cafe965a26f30fd1512a0800fdb9b7',
  '0x1c1d58031fb0692577b4fb8fc71e333755ca6927',
  '0x1c6a4181c0a352a855d15ae0d1bdce5f6aa23352',
  '0x1c7b78f54485a0ea4d67a2b4856af4cd39f11d99',
  '0x1cc42015d1e4c97d8739d8fe663c47f0a49e9a38',
  '0x1cdeee885457c5c3a048aa26363472a6b5fd28d7',
  '0x1d1ce71366866d0785fa40dd30ea92ca5e7078cc',
  '0x1d315b60ede11012ff8c980acd7cad65ac7ebdee',
  '0x1d5da20522b1b94e3b7d983c954075da429bbae1',
  '0x1d872098bab315ddf6630b3db2f8330221d498c0',
  '0x1d9fd5c3fbfd4758f22438a336068b813872cefc',
  '0x1da9ddc8407781d712a77def51c40c26a1f72600',
  '0x1e001730a23c7ebaff35bc8bc90da5a9b20804a4',
  '0x1eb16ec378f0ce8f81449120629f52ba28961d47',
  '0x1eb856a1359495cda8f18cac8785342b23dd84bf',
  '0x1f49c2def89cd9b84048a2d30c53a29091082d62',
  '0x1fdb4015fd5e031c5641752c1e03b973ad5ea168',
  '0x2010c480b73fd0865b6d2f164660da852d178d5d',
  '0x20170890ef210e402578f97d6b179784c45f3a1b',
  ... 613 more items
]
📦 19938 transactions récupérées.
📤 Récupération des transactions existantes depuis PostgreSQL...
✅ 25031 transactions déjà stockées.
🔍 0 transactions à insérer après filtrage.
🚀 Aucune nouvelle transaction à stocker.

[2025-03-29T04:00:11.173Z] ========== FIN DE L'EXÉCUTION (STATUT: success) ==========

[2025-03-29T05:00:00.640Z] ========== DÉBUT DE L'EXÉCUTION DE LA TÂCHE: Fetch Transactions History (ID: 5) ==========
[2025-03-29T05:00:12.221Z] 🚀 Démarrage du script...
📤 Récupération des wallets et tokens depuis PostgreSQL...
✅ 80 wallets et 713 tokens récupérés.
🔍 Tokens trouvés: [
  '0x009bab289f104699ae87e576294d18ed505faa61',
  '0x016e0081fcaad345691027908d5044534bca1946',
  '0x01b4ea64e4204b51cbc8463ffc8e6046c9d70371',
  '0x021bb23a45e9fc824260435e670fc383b7b8cbbb',
  '0x02b5d51e29fa35c9228cfa3ff968da6aaf1048dd',
  '0x032f0e16b729210551642f3249f6e0b1b52a63be',
  '0x034ecb6dc0608b73765f2965771a003d940ee8b2',
  '0x038eb5001b6a7050fed40816321138e69f8f885b',
  '0x03cbe3dda83908ad48643d6a1b5b13d11acaf845',
  '0x03d23c82f20c96c421742b243b7ea33a3e217c1f',
  '0x041cc71b3bce05d06179f05ef7a9a20bd0815515',
  '0x052ad78e3aa0b0f2d3912fd3b50a9a289cf2f7aa',
  '0x053b0bd329dc21bd4fa278f62310f668c5f1a6ed',
  '0x06246100ba403608b98adfb006d82a7484f5d9ff',
  '0x062c208073c9b439d1973262cfe0ddd88f38afa8',
  '0x062f0732a7daca652c3bd7d8ad51c3a920b25962',
  '0x0643ffb30add44ef5c74996ad57a03a2244b6f28',
  '0x0675e8f4a52ea6c845cb6427af03616a2af42170',
  '0x06cc12368fa6a3d4dc0872c60331156a21cdcc9c',
  '0x06d0e5aee443093ac5635b709c8a01342e59df19',
  '0x076c82295af54a4507fa80c73a928c5703b845ee',
  '0x07da3cdae2396aa826387a48deba5868d7deb7bc',
  '0x07f893290c1ac037f5cd6fe6b3963803d9faa598',
  '0x084018b714948dfbeaba305fbc8dc4d2c0330172',
  '0x08906954c6b7e68eb5a969d201371ddcac28968c',
  '0x08ad1f3a48be1d23c723a6cc8486b247f5de935a',
  '0x09106ba56f708b353fe252dd0749c913a3e8a5e1',
  '0x0954682ff1b512d3927d06c591942f50917e16a0',
  '0x09565ce0acb2e35d1020cb4b0cbb5df3e328e3a6',
  '0x0964bde8cd3744f99a1ffc70becbe1f33366f5bb',
  '0x0a7d5a774585c2fc7ccf46c220e9a4e4f91e93c3',
  '0x0c12f2b2c3ad5150d344b6d3abb901b4795d72d9',
  '0x0c27daa424d413a02186b90d839124868d433197',
  '0x0c4e05941b40f6a081ec616bdd1adfe67ae7bb4d',
  '0x0c84153fdcafd65a4536c2d8d4856e6a6457fb21',
  '0x0d5d0b74c690170a82bf52e5d16388fc4fa29082',
  '0x0da81e9b313e73cf295363c14e2ce31ec84ab3d0',
  '0x0dca7cd3f63b69bbe55364b42fb6c3b21202d06f',
  '0x0de879bd4cc168bca743cc47efb6821b2eb241e7',
  '0x0e6a3fa67194ae6594edbe96153e28eefd2982f0',
  '0x0f388d7e65a969dbcbfab21bc3ab6629af78f4cf',
  '0x0fd357ea71ad533c6b8a62520321ed286ed9a0c2',
  '0x10479fb486b4a77b87320ba017c5e64f4f352773',
  '0x1051e1d8cc6bc96c78fea6ae1144b91a1b1a32a2',
  '0x106d6a8e73b851f0905eb592df5d5f9b29469a5e',
  '0x108f15a6cac5bddf919af07928faa0b7168feff8',
  '0x10c2c7a5342988818eb6726fae369299d8fb6328',
  '0x10cde9d1e1a2d3b703f037a6788e04bc139cdf6f',
  '0x10dfe9495810a7c8ff577647dab523503477402f',
  '0x1106d8755ffafb1f1820b3668e354336d9085a12',
  '0x1117ee7306c82190109869a1721021b96d6a249d',
  '0x11c80389e39bedabf2172524be687ffdec06979a',
  '0x11d2b6613cbebb4172ef9507286e47c99e3a4b37',
  '0x1201cdab78a8bcc527d1cdfe5a2740cf1e824adc',
  '0x12413a603d16893d8f406925289f206b3b974cf0',
  '0x13ae383d948ad3d6e2534463e54a9cca9eaa4145',
  '0x14082eef0e5ccc9d2d36cf627c45f07f3b0a54dd',
  '0x140c3d8bf3ff575ee63a12fe019b1d97caf6adcb',
  '0x140d6cfde793f1a2eed5274454aa6f463ec8c075',
  '0x146ab8465ed65e9295b7caf7ce55a42149fe76e3',
  '0x14b0d23238c5277f8243d2739c005480d8022fe0',
  '0x14be8b4b4bf1ea9d18bd04c4063a0987c702e204',
  '0x157a0a3d1fd859fc940ceb923e68d17afe03d2a4',
  '0x15f3197d43600720531bc92d6a55827b82da56bb',
  '0x168e759cd51e4296ae353ae98b675c0ad8996b4e',
  '0x16b18b9836fd01f1413b1bca28935ac00a1f43ce',
  '0x16bea6810b951b647427983ed14710fd1c6a36e1',
  '0x16edfdf297d91d7d904f62ca97a7bfc1778daffc',
  '0x1707a9bad232d728afded75faced38ec90eaa41e',
  '0x175cbd54d38f58b530785e01471a2ec0d4596eb5',
  '0x17e87ed83c1a444b9255b14ba45204dfb4fec186',
  '0x185e39d860cf86fbecf4a7c341bd1545ea3a41b9',
  '0x18c523f27b0310a7468f081ae8e84179d0a04ad1',
  '0x18cc3ce7ed17e47c669982b6c94a0fe2a0b9606e',
  '0x18e55343ecfc135e21916fcdb9788accb5b53caf',
  '0x19a6a39b746c4647a01a3bf80751155969ddb15a',
  '0x19d01c13e6e5a1a990db9821358a591583f63234',
  '0x19d1df2574542259bc2ec23e69c1b700d752c45e',
  '0x19f824662ba9df78e368022f085b708fccc201c8',
  '0x1a1ec5ef70a643cd35376214e8a8f2ea0d92931d',
  '0x1a3cd87d4d5c6629abc5e1fde1bef51c3b8d2be7',
  '0x1bac3cd502cafe965a26f30fd1512a0800fdb9b7',
  '0x1c1d58031fb0692577b4fb8fc71e333755ca6927',
  '0x1c6a4181c0a352a855d15ae0d1bdce5f6aa23352',
  '0x1c7b78f54485a0ea4d67a2b4856af4cd39f11d99',
  '0x1cc42015d1e4c97d8739d8fe663c47f0a49e9a38',
  '0x1cdeee885457c5c3a048aa26363472a6b5fd28d7',
  '0x1d1ce71366866d0785fa40dd30ea92ca5e7078cc',
  '0x1d315b60ede11012ff8c980acd7cad65ac7ebdee',
  '0x1d5da20522b1b94e3b7d983c954075da429bbae1',
  '0x1d872098bab315ddf6630b3db2f8330221d498c0',
  '0x1d9fd5c3fbfd4758f22438a336068b813872cefc',
  '0x1da9ddc8407781d712a77def51c40c26a1f72600',
  '0x1e001730a23c7ebaff35bc8bc90da5a9b20804a4',
  '0x1eb16ec378f0ce8f81449120629f52ba28961d47',
  '0x1eb856a1359495cda8f18cac8785342b23dd84bf',
  '0x1f49c2def89cd9b84048a2d30c53a29091082d62',
  '0x1fdb4015fd5e031c5641752c1e03b973ad5ea168',
  '0x2010c480b73fd0865b6d2f164660da852d178d5d',
  '0x20170890ef210e402578f97d6b179784c45f3a1b',
  ... 613 more items
]
📦 19938 transactions récupérées.
📤 Récupération des transactions existantes depuis PostgreSQL...
✅ 25031 transactions déjà stockées.
🔍 0 transactions à insérer après filtrage.
🚀 Aucune nouvelle transaction à stocker.

[2025-03-29T05:00:12.221Z] ========== FIN DE L'EXÉCUTION (STATUT: success) ==========

[2025-03-29T07:00:00.350Z] ========== DÉBUT DE L'EXÉCUTION DE LA TÂCHE: Fetch Transactions History (ID: 5) ==========
[2025-03-29T07:00:16.256Z] 🚀 Démarrage du script...
📤 Récupération des wallets et tokens depuis PostgreSQL...
✅ 85 wallets et 713 tokens récupérés.
🔍 Tokens trouvés: [
  '0x009bab289f104699ae87e576294d18ed505faa61',
  '0x016e0081fcaad345691027908d5044534bca1946',
  '0x01b4ea64e4204b51cbc8463ffc8e6046c9d70371',
  '0x021bb23a45e9fc824260435e670fc383b7b8cbbb',
  '0x02b5d51e29fa35c9228cfa3ff968da6aaf1048dd',
  '0x032f0e16b729210551642f3249f6e0b1b52a63be',
  '0x034ecb6dc0608b73765f2965771a003d940ee8b2',
  '0x038eb5001b6a7050fed40816321138e69f8f885b',
  '0x03cbe3dda83908ad48643d6a1b5b13d11acaf845',
  '0x03d23c82f20c96c421742b243b7ea33a3e217c1f',
  '0x041cc71b3bce05d06179f05ef7a9a20bd0815515',
  '0x052ad78e3aa0b0f2d3912fd3b50a9a289cf2f7aa',
  '0x053b0bd329dc21bd4fa278f62310f668c5f1a6ed',
  '0x06246100ba403608b98adfb006d82a7484f5d9ff',
  '0x062c208073c9b439d1973262cfe0ddd88f38afa8',
  '0x062f0732a7daca652c3bd7d8ad51c3a920b25962',
  '0x0643ffb30add44ef5c74996ad57a03a2244b6f28',
  '0x0675e8f4a52ea6c845cb6427af03616a2af42170',
  '0x06cc12368fa6a3d4dc0872c60331156a21cdcc9c',
  '0x06d0e5aee443093ac5635b709c8a01342e59df19',
  '0x076c82295af54a4507fa80c73a928c5703b845ee',
  '0x07da3cdae2396aa826387a48deba5868d7deb7bc',
  '0x07f893290c1ac037f5cd6fe6b3963803d9faa598',
  '0x084018b714948dfbeaba305fbc8dc4d2c0330172',
  '0x08906954c6b7e68eb5a969d201371ddcac28968c',
  '0x08ad1f3a48be1d23c723a6cc8486b247f5de935a',
  '0x09106ba56f708b353fe252dd0749c913a3e8a5e1',
  '0x0954682ff1b512d3927d06c591942f50917e16a0',
  '0x09565ce0acb2e35d1020cb4b0cbb5df3e328e3a6',
  '0x0964bde8cd3744f99a1ffc70becbe1f33366f5bb',
  '0x0a7d5a774585c2fc7ccf46c220e9a4e4f91e93c3',
  '0x0c12f2b2c3ad5150d344b6d3abb901b4795d72d9',
  '0x0c27daa424d413a02186b90d839124868d433197',
  '0x0c4e05941b40f6a081ec616bdd1adfe67ae7bb4d',
  '0x0c84153fdcafd65a4536c2d8d4856e6a6457fb21',
  '0x0d5d0b74c690170a82bf52e5d16388fc4fa29082',
  '0x0da81e9b313e73cf295363c14e2ce31ec84ab3d0',
  '0x0dca7cd3f63b69bbe55364b42fb6c3b21202d06f',
  '0x0de879bd4cc168bca743cc47efb6821b2eb241e7',
  '0x0e6a3fa67194ae6594edbe96153e28eefd2982f0',
  '0x0f388d7e65a969dbcbfab21bc3ab6629af78f4cf',
  '0x0fd357ea71ad533c6b8a62520321ed286ed9a0c2',
  '0x10479fb486b4a77b87320ba017c5e64f4f352773',
  '0x1051e1d8cc6bc96c78fea6ae1144b91a1b1a32a2',
  '0x106d6a8e73b851f0905eb592df5d5f9b29469a5e',
  '0x108f15a6cac5bddf919af07928faa0b7168feff8',
  '0x10c2c7a5342988818eb6726fae369299d8fb6328',
  '0x10cde9d1e1a2d3b703f037a6788e04bc139cdf6f',
  '0x10dfe9495810a7c8ff577647dab523503477402f',
  '0x1106d8755ffafb1f1820b3668e354336d9085a12',
  '0x1117ee7306c82190109869a1721021b96d6a249d',
  '0x11c80389e39bedabf2172524be687ffdec06979a',
  '0x11d2b6613cbebb4172ef9507286e47c99e3a4b37',
  '0x1201cdab78a8bcc527d1cdfe5a2740cf1e824adc',
  '0x12413a603d16893d8f406925289f206b3b974cf0',
  '0x13ae383d948ad3d6e2534463e54a9cca9eaa4145',
  '0x14082eef0e5ccc9d2d36cf627c45f07f3b0a54dd',
  '0x140c3d8bf3ff575ee63a12fe019b1d97caf6adcb',
  '0x140d6cfde793f1a2eed5274454aa6f463ec8c075',
  '0x146ab8465ed65e9295b7caf7ce55a42149fe76e3',
  '0x14b0d23238c5277f8243d2739c005480d8022fe0',
  '0x14be8b4b4bf1ea9d18bd04c4063a0987c702e204',
  '0x157a0a3d1fd859fc940ceb923e68d17afe03d2a4',
  '0x15f3197d43600720531bc92d6a55827b82da56bb',
  '0x168e759cd51e4296ae353ae98b675c0ad8996b4e',
  '0x16b18b9836fd01f1413b1bca28935ac00a1f43ce',
  '0x16bea6810b951b647427983ed14710fd1c6a36e1',
  '0x16edfdf297d91d7d904f62ca97a7bfc1778daffc',
  '0x1707a9bad232d728afded75faced38ec90eaa41e',
  '0x175cbd54d38f58b530785e01471a2ec0d4596eb5',
  '0x17e87ed83c1a444b9255b14ba45204dfb4fec186',
  '0x185e39d860cf86fbecf4a7c341bd1545ea3a41b9',
  '0x18c523f27b0310a7468f081ae8e84179d0a04ad1',
  '0x18cc3ce7ed17e47c669982b6c94a0fe2a0b9606e',
  '0x18e55343ecfc135e21916fcdb9788accb5b53caf',
  '0x19a6a39b746c4647a01a3bf80751155969ddb15a',
  '0x19d01c13e6e5a1a990db9821358a591583f63234',
  '0x19d1df2574542259bc2ec23e69c1b700d752c45e',
  '0x19f824662ba9df78e368022f085b708fccc201c8',
  '0x1a1ec5ef70a643cd35376214e8a8f2ea0d92931d',
  '0x1a3cd87d4d5c6629abc5e1fde1bef51c3b8d2be7',
  '0x1bac3cd502cafe965a26f30fd1512a0800fdb9b7',
  '0x1c1d58031fb0692577b4fb8fc71e333755ca6927',
  '0x1c6a4181c0a352a855d15ae0d1bdce5f6aa23352',
  '0x1c7b78f54485a0ea4d67a2b4856af4cd39f11d99',
  '0x1cc42015d1e4c97d8739d8fe663c47f0a49e9a38',
  '0x1cdeee885457c5c3a048aa26363472a6b5fd28d7',
  '0x1d1ce71366866d0785fa40dd30ea92ca5e7078cc',
  '0x1d315b60ede11012ff8c980acd7cad65ac7ebdee',
  '0x1d5da20522b1b94e3b7d983c954075da429bbae1',
  '0x1d872098bab315ddf6630b3db2f8330221d498c0',
  '0x1d9fd5c3fbfd4758f22438a336068b813872cefc',
  '0x1da9ddc8407781d712a77def51c40c26a1f72600',
  '0x1e001730a23c7ebaff35bc8bc90da5a9b20804a4',
  '0x1eb16ec378f0ce8f81449120629f52ba28961d47',
  '0x1eb856a1359495cda8f18cac8785342b23dd84bf',
  '0x1f49c2def89cd9b84048a2d30c53a29091082d62',
  '0x1fdb4015fd5e031c5641752c1e03b973ad5ea168',
  '0x2010c480b73fd0865b6d2f164660da852d178d5d',
  '0x20170890ef210e402578f97d6b179784c45f3a1b',
  ... 613 more items
]
📦 21352 transactions récupérées.
📤 Récupération des transactions existantes depuis PostgreSQL...
✅ 25031 transactions déjà stockées.
🔍 1414 transactions à insérer après filtrage.
✅ 1414 nouvelles transactions ajoutées.

[2025-03-29T07:00:16.256Z] ========== FIN DE L'EXÉCUTION (STATUT: success) ==========

[2025-03-29T08:00:00.649Z] ========== DÉBUT DE L'EXÉCUTION DE LA TÂCHE: Fetch Transactions History (ID: 5) ==========
[2025-03-29T08:00:12.324Z] 🚀 Démarrage du script...
📤 Récupération des wallets et tokens depuis PostgreSQL...
✅ 86 wallets et 713 tokens récupérés.
🔍 Tokens trouvés: [
  '0x009bab289f104699ae87e576294d18ed505faa61',
  '0x016e0081fcaad345691027908d5044534bca1946',
  '0x01b4ea64e4204b51cbc8463ffc8e6046c9d70371',
  '0x021bb23a45e9fc824260435e670fc383b7b8cbbb',
  '0x02b5d51e29fa35c9228cfa3ff968da6aaf1048dd',
  '0x032f0e16b729210551642f3249f6e0b1b52a63be',
  '0x034ecb6dc0608b73765f2965771a003d940ee8b2',
  '0x038eb5001b6a7050fed40816321138e69f8f885b',
  '0x03cbe3dda83908ad48643d6a1b5b13d11acaf845',
  '0x03d23c82f20c96c421742b243b7ea33a3e217c1f',
  '0x041cc71b3bce05d06179f05ef7a9a20bd0815515',
  '0x052ad78e3aa0b0f2d3912fd3b50a9a289cf2f7aa',
  '0x053b0bd329dc21bd4fa278f62310f668c5f1a6ed',
  '0x06246100ba403608b98adfb006d82a7484f5d9ff',
  '0x062c208073c9b439d1973262cfe0ddd88f38afa8',
  '0x062f0732a7daca652c3bd7d8ad51c3a920b25962',
  '0x0643ffb30add44ef5c74996ad57a03a2244b6f28',
  '0x0675e8f4a52ea6c845cb6427af03616a2af42170',
  '0x06cc12368fa6a3d4dc0872c60331156a21cdcc9c',
  '0x06d0e5aee443093ac5635b709c8a01342e59df19',
  '0x076c82295af54a4507fa80c73a928c5703b845ee',
  '0x07da3cdae2396aa826387a48deba5868d7deb7bc',
  '0x07f893290c1ac037f5cd6fe6b3963803d9faa598',
  '0x084018b714948dfbeaba305fbc8dc4d2c0330172',
  '0x08906954c6b7e68eb5a969d201371ddcac28968c',
  '0x08ad1f3a48be1d23c723a6cc8486b247f5de935a',
  '0x09106ba56f708b353fe252dd0749c913a3e8a5e1',
  '0x0954682ff1b512d3927d06c591942f50917e16a0',
  '0x09565ce0acb2e35d1020cb4b0cbb5df3e328e3a6',
  '0x0964bde8cd3744f99a1ffc70becbe1f33366f5bb',
  '0x0a7d5a774585c2fc7ccf46c220e9a4e4f91e93c3',
  '0x0c12f2b2c3ad5150d344b6d3abb901b4795d72d9',
  '0x0c27daa424d413a02186b90d839124868d433197',
  '0x0c4e05941b40f6a081ec616bdd1adfe67ae7bb4d',
  '0x0c84153fdcafd65a4536c2d8d4856e6a6457fb21',
  '0x0d5d0b74c690170a82bf52e5d16388fc4fa29082',
  '0x0da81e9b313e73cf295363c14e2ce31ec84ab3d0',
  '0x0dca7cd3f63b69bbe55364b42fb6c3b21202d06f',
  '0x0de879bd4cc168bca743cc47efb6821b2eb241e7',
  '0x0e6a3fa67194ae6594edbe96153e28eefd2982f0',
  '0x0f388d7e65a969dbcbfab21bc3ab6629af78f4cf',
  '0x0fd357ea71ad533c6b8a62520321ed286ed9a0c2',
  '0x10479fb486b4a77b87320ba017c5e64f4f352773',
  '0x1051e1d8cc6bc96c78fea6ae1144b91a1b1a32a2',
  '0x106d6a8e73b851f0905eb592df5d5f9b29469a5e',
  '0x108f15a6cac5bddf919af07928faa0b7168feff8',
  '0x10c2c7a5342988818eb6726fae369299d8fb6328',
  '0x10cde9d1e1a2d3b703f037a6788e04bc139cdf6f',
  '0x10dfe9495810a7c8ff577647dab523503477402f',
  '0x1106d8755ffafb1f1820b3668e354336d9085a12',
  '0x1117ee7306c82190109869a1721021b96d6a249d',
  '0x11c80389e39bedabf2172524be687ffdec06979a',
  '0x11d2b6613cbebb4172ef9507286e47c99e3a4b37',
  '0x1201cdab78a8bcc527d1cdfe5a2740cf1e824adc',
  '0x12413a603d16893d8f406925289f206b3b974cf0',
  '0x13ae383d948ad3d6e2534463e54a9cca9eaa4145',
  '0x14082eef0e5ccc9d2d36cf627c45f07f3b0a54dd',
  '0x140c3d8bf3ff575ee63a12fe019b1d97caf6adcb',
  '0x140d6cfde793f1a2eed5274454aa6f463ec8c075',
  '0x146ab8465ed65e9295b7caf7ce55a42149fe76e3',
  '0x14b0d23238c5277f8243d2739c005480d8022fe0',
  '0x14be8b4b4bf1ea9d18bd04c4063a0987c702e204',
  '0x157a0a3d1fd859fc940ceb923e68d17afe03d2a4',
  '0x15f3197d43600720531bc92d6a55827b82da56bb',
  '0x168e759cd51e4296ae353ae98b675c0ad8996b4e',
  '0x16b18b9836fd01f1413b1bca28935ac00a1f43ce',
  '0x16bea6810b951b647427983ed14710fd1c6a36e1',
  '0x16edfdf297d91d7d904f62ca97a7bfc1778daffc',
  '0x1707a9bad232d728afded75faced38ec90eaa41e',
  '0x175cbd54d38f58b530785e01471a2ec0d4596eb5',
  '0x17e87ed83c1a444b9255b14ba45204dfb4fec186',
  '0x185e39d860cf86fbecf4a7c341bd1545ea3a41b9',
  '0x18c523f27b0310a7468f081ae8e84179d0a04ad1',
  '0x18cc3ce7ed17e47c669982b6c94a0fe2a0b9606e',
  '0x18e55343ecfc135e21916fcdb9788accb5b53caf',
  '0x19a6a39b746c4647a01a3bf80751155969ddb15a',
  '0x19d01c13e6e5a1a990db9821358a591583f63234',
  '0x19d1df2574542259bc2ec23e69c1b700d752c45e',
  '0x19f824662ba9df78e368022f085b708fccc201c8',
  '0x1a1ec5ef70a643cd35376214e8a8f2ea0d92931d',
  '0x1a3cd87d4d5c6629abc5e1fde1bef51c3b8d2be7',
  '0x1bac3cd502cafe965a26f30fd1512a0800fdb9b7',
  '0x1c1d58031fb0692577b4fb8fc71e333755ca6927',
  '0x1c6a4181c0a352a855d15ae0d1bdce5f6aa23352',
  '0x1c7b78f54485a0ea4d67a2b4856af4cd39f11d99',
  '0x1cc42015d1e4c97d8739d8fe663c47f0a49e9a38',
  '0x1cdeee885457c5c3a048aa26363472a6b5fd28d7',
  '0x1d1ce71366866d0785fa40dd30ea92ca5e7078cc',
  '0x1d315b60ede11012ff8c980acd7cad65ac7ebdee',
  '0x1d5da20522b1b94e3b7d983c954075da429bbae1',
  '0x1d872098bab315ddf6630b3db2f8330221d498c0',
  '0x1d9fd5c3fbfd4758f22438a336068b813872cefc',
  '0x1da9ddc8407781d712a77def51c40c26a1f72600',
  '0x1e001730a23c7ebaff35bc8bc90da5a9b20804a4',
  '0x1eb16ec378f0ce8f81449120629f52ba28961d47',
  '0x1eb856a1359495cda8f18cac8785342b23dd84bf',
  '0x1f49c2def89cd9b84048a2d30c53a29091082d62',
  '0x1fdb4015fd5e031c5641752c1e03b973ad5ea168',
  '0x2010c480b73fd0865b6d2f164660da852d178d5d',
  '0x20170890ef210e402578f97d6b179784c45f3a1b',
  ... 613 more items
]
📦 21410 transactions récupérées.
📤 Récupération des transactions existantes depuis PostgreSQL...
✅ 26445 transactions déjà stockées.
🔍 58 transactions à insérer après filtrage.
✅ 58 nouvelles transactions ajoutées.

[2025-03-29T08:00:12.325Z] ========== FIN DE L'EXÉCUTION (STATUT: success) ==========

[2025-03-29T09:00:00.940Z] ========== DÉBUT DE L'EXÉCUTION DE LA TÂCHE: Fetch Transactions History (ID: 5) ==========
[2025-03-29T09:00:12.221Z] 🚀 Démarrage du script...
📤 Récupération des wallets et tokens depuis PostgreSQL...
✅ 88 wallets et 713 tokens récupérés.
🔍 Tokens trouvés: [
  '0x009bab289f104699ae87e576294d18ed505faa61',
  '0x016e0081fcaad345691027908d5044534bca1946',
  '0x01b4ea64e4204b51cbc8463ffc8e6046c9d70371',
  '0x021bb23a45e9fc824260435e670fc383b7b8cbbb',
  '0x02b5d51e29fa35c9228cfa3ff968da6aaf1048dd',
  '0x032f0e16b729210551642f3249f6e0b1b52a63be',
  '0x034ecb6dc0608b73765f2965771a003d940ee8b2',
  '0x038eb5001b6a7050fed40816321138e69f8f885b',
  '0x03cbe3dda83908ad48643d6a1b5b13d11acaf845',
  '0x03d23c82f20c96c421742b243b7ea33a3e217c1f',
  '0x041cc71b3bce05d06179f05ef7a9a20bd0815515',
  '0x052ad78e3aa0b0f2d3912fd3b50a9a289cf2f7aa',
  '0x053b0bd329dc21bd4fa278f62310f668c5f1a6ed',
  '0x06246100ba403608b98adfb006d82a7484f5d9ff',
  '0x062c208073c9b439d1973262cfe0ddd88f38afa8',
  '0x062f0732a7daca652c3bd7d8ad51c3a920b25962',
  '0x0643ffb30add44ef5c74996ad57a03a2244b6f28',
  '0x0675e8f4a52ea6c845cb6427af03616a2af42170',
  '0x06cc12368fa6a3d4dc0872c60331156a21cdcc9c',
  '0x06d0e5aee443093ac5635b709c8a01342e59df19',
  '0x076c82295af54a4507fa80c73a928c5703b845ee',
  '0x07da3cdae2396aa826387a48deba5868d7deb7bc',
  '0x07f893290c1ac037f5cd6fe6b3963803d9faa598',
  '0x084018b714948dfbeaba305fbc8dc4d2c0330172',
  '0x08906954c6b7e68eb5a969d201371ddcac28968c',
  '0x08ad1f3a48be1d23c723a6cc8486b247f5de935a',
  '0x09106ba56f708b353fe252dd0749c913a3e8a5e1',
  '0x0954682ff1b512d3927d06c591942f50917e16a0',
  '0x09565ce0acb2e35d1020cb4b0cbb5df3e328e3a6',
  '0x0964bde8cd3744f99a1ffc70becbe1f33366f5bb',
  '0x0a7d5a774585c2fc7ccf46c220e9a4e4f91e93c3',
  '0x0c12f2b2c3ad5150d344b6d3abb901b4795d72d9',
  '0x0c27daa424d413a02186b90d839124868d433197',
  '0x0c4e05941b40f6a081ec616bdd1adfe67ae7bb4d',
  '0x0c84153fdcafd65a4536c2d8d4856e6a6457fb21',
  '0x0d5d0b74c690170a82bf52e5d16388fc4fa29082',
  '0x0da81e9b313e73cf295363c14e2ce31ec84ab3d0',
  '0x0dca7cd3f63b69bbe55364b42fb6c3b21202d06f',
  '0x0de879bd4cc168bca743cc47efb6821b2eb241e7',
  '0x0e6a3fa67194ae6594edbe96153e28eefd2982f0',
  '0x0f388d7e65a969dbcbfab21bc3ab6629af78f4cf',
  '0x0fd357ea71ad533c6b8a62520321ed286ed9a0c2',
  '0x10479fb486b4a77b87320ba017c5e64f4f352773',
  '0x1051e1d8cc6bc96c78fea6ae1144b91a1b1a32a2',
  '0x106d6a8e73b851f0905eb592df5d5f9b29469a5e',
  '0x108f15a6cac5bddf919af07928faa0b7168feff8',
  '0x10c2c7a5342988818eb6726fae369299d8fb6328',
  '0x10cde9d1e1a2d3b703f037a6788e04bc139cdf6f',
  '0x10dfe9495810a7c8ff577647dab523503477402f',
  '0x1106d8755ffafb1f1820b3668e354336d9085a12',
  '0x1117ee7306c82190109869a1721021b96d6a249d',
  '0x11c80389e39bedabf2172524be687ffdec06979a',
  '0x11d2b6613cbebb4172ef9507286e47c99e3a4b37',
  '0x1201cdab78a8bcc527d1cdfe5a2740cf1e824adc',
  '0x12413a603d16893d8f406925289f206b3b974cf0',
  '0x13ae383d948ad3d6e2534463e54a9cca9eaa4145',
  '0x14082eef0e5ccc9d2d36cf627c45f07f3b0a54dd',
  '0x140c3d8bf3ff575ee63a12fe019b1d97caf6adcb',
  '0x140d6cfde793f1a2eed5274454aa6f463ec8c075',
  '0x146ab8465ed65e9295b7caf7ce55a42149fe76e3',
  '0x14b0d23238c5277f8243d2739c005480d8022fe0',
  '0x14be8b4b4bf1ea9d18bd04c4063a0987c702e204',
  '0x157a0a3d1fd859fc940ceb923e68d17afe03d2a4',
  '0x15f3197d43600720531bc92d6a55827b82da56bb',
  '0x168e759cd51e4296ae353ae98b675c0ad8996b4e',
  '0x16b18b9836fd01f1413b1bca28935ac00a1f43ce',
  '0x16bea6810b951b647427983ed14710fd1c6a36e1',
  '0x16edfdf297d91d7d904f62ca97a7bfc1778daffc',
  '0x1707a9bad232d728afded75faced38ec90eaa41e',
  '0x175cbd54d38f58b530785e01471a2ec0d4596eb5',
  '0x17e87ed83c1a444b9255b14ba45204dfb4fec186',
  '0x185e39d860cf86fbecf4a7c341bd1545ea3a41b9',
  '0x18c523f27b0310a7468f081ae8e84179d0a04ad1',
  '0x18cc3ce7ed17e47c669982b6c94a0fe2a0b9606e',
  '0x18e55343ecfc135e21916fcdb9788accb5b53caf',
  '0x19a6a39b746c4647a01a3bf80751155969ddb15a',
  '0x19d01c13e6e5a1a990db9821358a591583f63234',
  '0x19d1df2574542259bc2ec23e69c1b700d752c45e',
  '0x19f824662ba9df78e368022f085b708fccc201c8',
  '0x1a1ec5ef70a643cd35376214e8a8f2ea0d92931d',
  '0x1a3cd87d4d5c6629abc5e1fde1bef51c3b8d2be7',
  '0x1bac3cd502cafe965a26f30fd1512a0800fdb9b7',
  '0x1c1d58031fb0692577b4fb8fc71e333755ca6927',
  '0x1c6a4181c0a352a855d15ae0d1bdce5f6aa23352',
  '0x1c7b78f54485a0ea4d67a2b4856af4cd39f11d99',
  '0x1cc42015d1e4c97d8739d8fe663c47f0a49e9a38',
  '0x1cdeee885457c5c3a048aa26363472a6b5fd28d7',
  '0x1d1ce71366866d0785fa40dd30ea92ca5e7078cc',
  '0x1d315b60ede11012ff8c980acd7cad65ac7ebdee',
  '0x1d5da20522b1b94e3b7d983c954075da429bbae1',
  '0x1d872098bab315ddf6630b3db2f8330221d498c0',
  '0x1d9fd5c3fbfd4758f22438a336068b813872cefc',
  '0x1da9ddc8407781d712a77def51c40c26a1f72600',
  '0x1e001730a23c7ebaff35bc8bc90da5a9b20804a4',
  '0x1eb16ec378f0ce8f81449120629f52ba28961d47',
  '0x1eb856a1359495cda8f18cac8785342b23dd84bf',
  '0x1f49c2def89cd9b84048a2d30c53a29091082d62',
  '0x1fdb4015fd5e031c5641752c1e03b973ad5ea168',
  '0x2010c480b73fd0865b6d2f164660da852d178d5d',
  '0x20170890ef210e402578f97d6b179784c45f3a1b',
  ... 613 more items
]
📦 21483 transactions récupérées.
📤 Récupération des transactions existantes depuis PostgreSQL...
✅ 26503 transactions déjà stockées.
🔍 73 transactions à insérer après filtrage.
✅ 73 nouvelles transactions ajoutées.

[2025-03-29T09:00:12.221Z] ========== FIN DE L'EXÉCUTION (STATUT: success) ==========

[2025-03-29T10:00:00.297Z] ========== DÉBUT DE L'EXÉCUTION DE LA TÂCHE: Fetch Transactions History (ID: 5) ==========
[2025-03-29T10:00:13.770Z] 🚀 Démarrage du script...
📤 Récupération des wallets et tokens depuis PostgreSQL...
✅ 88 wallets et 713 tokens récupérés.
🔍 Tokens trouvés: [
  '0x009bab289f104699ae87e576294d18ed505faa61',
  '0x016e0081fcaad345691027908d5044534bca1946',
  '0x01b4ea64e4204b51cbc8463ffc8e6046c9d70371',
  '0x021bb23a45e9fc824260435e670fc383b7b8cbbb',
  '0x02b5d51e29fa35c9228cfa3ff968da6aaf1048dd',
  '0x032f0e16b729210551642f3249f6e0b1b52a63be',
  '0x034ecb6dc0608b73765f2965771a003d940ee8b2',
  '0x038eb5001b6a7050fed40816321138e69f8f885b',
  '0x03cbe3dda83908ad48643d6a1b5b13d11acaf845',
  '0x03d23c82f20c96c421742b243b7ea33a3e217c1f',
  '0x041cc71b3bce05d06179f05ef7a9a20bd0815515',
  '0x052ad78e3aa0b0f2d3912fd3b50a9a289cf2f7aa',
  '0x053b0bd329dc21bd4fa278f62310f668c5f1a6ed',
  '0x06246100ba403608b98adfb006d82a7484f5d9ff',
  '0x062c208073c9b439d1973262cfe0ddd88f38afa8',
  '0x062f0732a7daca652c3bd7d8ad51c3a920b25962',
  '0x0643ffb30add44ef5c74996ad57a03a2244b6f28',
  '0x0675e8f4a52ea6c845cb6427af03616a2af42170',
  '0x06cc12368fa6a3d4dc0872c60331156a21cdcc9c',
  '0x06d0e5aee443093ac5635b709c8a01342e59df19',
  '0x076c82295af54a4507fa80c73a928c5703b845ee',
  '0x07da3cdae2396aa826387a48deba5868d7deb7bc',
  '0x07f893290c1ac037f5cd6fe6b3963803d9faa598',
  '0x084018b714948dfbeaba305fbc8dc4d2c0330172',
  '0x08906954c6b7e68eb5a969d201371ddcac28968c',
  '0x08ad1f3a48be1d23c723a6cc8486b247f5de935a',
  '0x09106ba56f708b353fe252dd0749c913a3e8a5e1',
  '0x0954682ff1b512d3927d06c591942f50917e16a0',
  '0x09565ce0acb2e35d1020cb4b0cbb5df3e328e3a6',
  '0x0964bde8cd3744f99a1ffc70becbe1f33366f5bb',
  '0x0a7d5a774585c2fc7ccf46c220e9a4e4f91e93c3',
  '0x0c12f2b2c3ad5150d344b6d3abb901b4795d72d9',
  '0x0c27daa424d413a02186b90d839124868d433197',
  '0x0c4e05941b40f6a081ec616bdd1adfe67ae7bb4d',
  '0x0c84153fdcafd65a4536c2d8d4856e6a6457fb21',
  '0x0d5d0b74c690170a82bf52e5d16388fc4fa29082',
  '0x0da81e9b313e73cf295363c14e2ce31ec84ab3d0',
  '0x0dca7cd3f63b69bbe55364b42fb6c3b21202d06f',
  '0x0de879bd4cc168bca743cc47efb6821b2eb241e7',
  '0x0e6a3fa67194ae6594edbe96153e28eefd2982f0',
  '0x0f388d7e65a969dbcbfab21bc3ab6629af78f4cf',
  '0x0fd357ea71ad533c6b8a62520321ed286ed9a0c2',
  '0x10479fb486b4a77b87320ba017c5e64f4f352773',
  '0x1051e1d8cc6bc96c78fea6ae1144b91a1b1a32a2',
  '0x106d6a8e73b851f0905eb592df5d5f9b29469a5e',
  '0x108f15a6cac5bddf919af07928faa0b7168feff8',
  '0x10c2c7a5342988818eb6726fae369299d8fb6328',
  '0x10cde9d1e1a2d3b703f037a6788e04bc139cdf6f',
  '0x10dfe9495810a7c8ff577647dab523503477402f',
  '0x1106d8755ffafb1f1820b3668e354336d9085a12',
  '0x1117ee7306c82190109869a1721021b96d6a249d',
  '0x11c80389e39bedabf2172524be687ffdec06979a',
  '0x11d2b6613cbebb4172ef9507286e47c99e3a4b37',
  '0x1201cdab78a8bcc527d1cdfe5a2740cf1e824adc',
  '0x12413a603d16893d8f406925289f206b3b974cf0',
  '0x13ae383d948ad3d6e2534463e54a9cca9eaa4145',
  '0x14082eef0e5ccc9d2d36cf627c45f07f3b0a54dd',
  '0x140c3d8bf3ff575ee63a12fe019b1d97caf6adcb',
  '0x140d6cfde793f1a2eed5274454aa6f463ec8c075',
  '0x146ab8465ed65e9295b7caf7ce55a42149fe76e3',
  '0x14b0d23238c5277f8243d2739c005480d8022fe0',
  '0x14be8b4b4bf1ea9d18bd04c4063a0987c702e204',
  '0x157a0a3d1fd859fc940ceb923e68d17afe03d2a4',
  '0x15f3197d43600720531bc92d6a55827b82da56bb',
  '0x168e759cd51e4296ae353ae98b675c0ad8996b4e',
  '0x16b18b9836fd01f1413b1bca28935ac00a1f43ce',
  '0x16bea6810b951b647427983ed14710fd1c6a36e1',
  '0x16edfdf297d91d7d904f62ca97a7bfc1778daffc',
  '0x1707a9bad232d728afded75faced38ec90eaa41e',
  '0x175cbd54d38f58b530785e01471a2ec0d4596eb5',
  '0x17e87ed83c1a444b9255b14ba45204dfb4fec186',
  '0x185e39d860cf86fbecf4a7c341bd1545ea3a41b9',
  '0x18c523f27b0310a7468f081ae8e84179d0a04ad1',
  '0x18cc3ce7ed17e47c669982b6c94a0fe2a0b9606e',
  '0x18e55343ecfc135e21916fcdb9788accb5b53caf',
  '0x19a6a39b746c4647a01a3bf80751155969ddb15a',
  '0x19d01c13e6e5a1a990db9821358a591583f63234',
  '0x19d1df2574542259bc2ec23e69c1b700d752c45e',
  '0x19f824662ba9df78e368022f085b708fccc201c8',
  '0x1a1ec5ef70a643cd35376214e8a8f2ea0d92931d',
  '0x1a3cd87d4d5c6629abc5e1fde1bef51c3b8d2be7',
  '0x1bac3cd502cafe965a26f30fd1512a0800fdb9b7',
  '0x1c1d58031fb0692577b4fb8fc71e333755ca6927',
  '0x1c6a4181c0a352a855d15ae0d1bdce5f6aa23352',
  '0x1c7b78f54485a0ea4d67a2b4856af4cd39f11d99',
  '0x1cc42015d1e4c97d8739d8fe663c47f0a49e9a38',
  '0x1cdeee885457c5c3a048aa26363472a6b5fd28d7',
  '0x1d1ce71366866d0785fa40dd30ea92ca5e7078cc',
  '0x1d315b60ede11012ff8c980acd7cad65ac7ebdee',
  '0x1d5da20522b1b94e3b7d983c954075da429bbae1',
  '0x1d872098bab315ddf6630b3db2f8330221d498c0',
  '0x1d9fd5c3fbfd4758f22438a336068b813872cefc',
  '0x1da9ddc8407781d712a77def51c40c26a1f72600',
  '0x1e001730a23c7ebaff35bc8bc90da5a9b20804a4',
  '0x1eb16ec378f0ce8f81449120629f52ba28961d47',
  '0x1eb856a1359495cda8f18cac8785342b23dd84bf',
  '0x1f49c2def89cd9b84048a2d30c53a29091082d62',
  '0x1fdb4015fd5e031c5641752c1e03b973ad5ea168',
  '0x2010c480b73fd0865b6d2f164660da852d178d5d',
  '0x20170890ef210e402578f97d6b179784c45f3a1b',
  ... 613 more items
]
📦 21490 transactions récupérées.
📤 Récupération des transactions existantes depuis PostgreSQL...
✅ 26576 transactions déjà stockées.
🔍 7 transactions à insérer après filtrage.
✅ 7 nouvelles transactions ajoutées.

[2025-03-29T10:00:13.770Z] ========== FIN DE L'EXÉCUTION (STATUT: success) ==========

[2025-03-29T11:00:00.659Z] ========== DÉBUT DE L'EXÉCUTION DE LA TÂCHE: Fetch Transactions History (ID: 5) ==========
[2025-03-29T11:00:12.827Z] 🚀 Démarrage du script...
📤 Récupération des wallets et tokens depuis PostgreSQL...
✅ 91 wallets et 713 tokens récupérés.
🔍 Tokens trouvés: [
  '0x009bab289f104699ae87e576294d18ed505faa61',
  '0x016e0081fcaad345691027908d5044534bca1946',
  '0x01b4ea64e4204b51cbc8463ffc8e6046c9d70371',
  '0x021bb23a45e9fc824260435e670fc383b7b8cbbb',
  '0x02b5d51e29fa35c9228cfa3ff968da6aaf1048dd',
  '0x032f0e16b729210551642f3249f6e0b1b52a63be',
  '0x034ecb6dc0608b73765f2965771a003d940ee8b2',
  '0x038eb5001b6a7050fed40816321138e69f8f885b',
  '0x03cbe3dda83908ad48643d6a1b5b13d11acaf845',
  '0x03d23c82f20c96c421742b243b7ea33a3e217c1f',
  '0x041cc71b3bce05d06179f05ef7a9a20bd0815515',
  '0x052ad78e3aa0b0f2d3912fd3b50a9a289cf2f7aa',
  '0x053b0bd329dc21bd4fa278f62310f668c5f1a6ed',
  '0x06246100ba403608b98adfb006d82a7484f5d9ff',
  '0x062c208073c9b439d1973262cfe0ddd88f38afa8',
  '0x062f0732a7daca652c3bd7d8ad51c3a920b25962',
  '0x0643ffb30add44ef5c74996ad57a03a2244b6f28',
  '0x0675e8f4a52ea6c845cb6427af03616a2af42170',
  '0x06cc12368fa6a3d4dc0872c60331156a21cdcc9c',
  '0x06d0e5aee443093ac5635b709c8a01342e59df19',
  '0x076c82295af54a4507fa80c73a928c5703b845ee',
  '0x07da3cdae2396aa826387a48deba5868d7deb7bc',
  '0x07f893290c1ac037f5cd6fe6b3963803d9faa598',
  '0x084018b714948dfbeaba305fbc8dc4d2c0330172',
  '0x08906954c6b7e68eb5a969d201371ddcac28968c',
  '0x08ad1f3a48be1d23c723a6cc8486b247f5de935a',
  '0x09106ba56f708b353fe252dd0749c913a3e8a5e1',
  '0x0954682ff1b512d3927d06c591942f50917e16a0',
  '0x09565ce0acb2e35d1020cb4b0cbb5df3e328e3a6',
  '0x0964bde8cd3744f99a1ffc70becbe1f33366f5bb',
  '0x0a7d5a774585c2fc7ccf46c220e9a4e4f91e93c3',
  '0x0c12f2b2c3ad5150d344b6d3abb901b4795d72d9',
  '0x0c27daa424d413a02186b90d839124868d433197',
  '0x0c4e05941b40f6a081ec616bdd1adfe67ae7bb4d',
  '0x0c84153fdcafd65a4536c2d8d4856e6a6457fb21',
  '0x0d5d0b74c690170a82bf52e5d16388fc4fa29082',
  '0x0da81e9b313e73cf295363c14e2ce31ec84ab3d0',
  '0x0dca7cd3f63b69bbe55364b42fb6c3b21202d06f',
  '0x0de879bd4cc168bca743cc47efb6821b2eb241e7',
  '0x0e6a3fa67194ae6594edbe96153e28eefd2982f0',
  '0x0f388d7e65a969dbcbfab21bc3ab6629af78f4cf',
  '0x0fd357ea71ad533c6b8a62520321ed286ed9a0c2',
  '0x10479fb486b4a77b87320ba017c5e64f4f352773',
  '0x1051e1d8cc6bc96c78fea6ae1144b91a1b1a32a2',
  '0x106d6a8e73b851f0905eb592df5d5f9b29469a5e',
  '0x108f15a6cac5bddf919af07928faa0b7168feff8',
  '0x10c2c7a5342988818eb6726fae369299d8fb6328',
  '0x10cde9d1e1a2d3b703f037a6788e04bc139cdf6f',
  '0x10dfe9495810a7c8ff577647dab523503477402f',
  '0x1106d8755ffafb1f1820b3668e354336d9085a12',
  '0x1117ee7306c82190109869a1721021b96d6a249d',
  '0x11c80389e39bedabf2172524be687ffdec06979a',
  '0x11d2b6613cbebb4172ef9507286e47c99e3a4b37',
  '0x1201cdab78a8bcc527d1cdfe5a2740cf1e824adc',
  '0x12413a603d16893d8f406925289f206b3b974cf0',
  '0x13ae383d948ad3d6e2534463e54a9cca9eaa4145',
  '0x14082eef0e5ccc9d2d36cf627c45f07f3b0a54dd',
  '0x140c3d8bf3ff575ee63a12fe019b1d97caf6adcb',
  '0x140d6cfde793f1a2eed5274454aa6f463ec8c075',
  '0x146ab8465ed65e9295b7caf7ce55a42149fe76e3',
  '0x14b0d23238c5277f8243d2739c005480d8022fe0',
  '0x14be8b4b4bf1ea9d18bd04c4063a0987c702e204',
  '0x157a0a3d1fd859fc940ceb923e68d17afe03d2a4',
  '0x15f3197d43600720531bc92d6a55827b82da56bb',
  '0x168e759cd51e4296ae353ae98b675c0ad8996b4e',
  '0x16b18b9836fd01f1413b1bca28935ac00a1f43ce',
  '0x16bea6810b951b647427983ed14710fd1c6a36e1',
  '0x16edfdf297d91d7d904f62ca97a7bfc1778daffc',
  '0x1707a9bad232d728afded75faced38ec90eaa41e',
  '0x175cbd54d38f58b530785e01471a2ec0d4596eb5',
  '0x17e87ed83c1a444b9255b14ba45204dfb4fec186',
  '0x185e39d860cf86fbecf4a7c341bd1545ea3a41b9',
  '0x18c523f27b0310a7468f081ae8e84179d0a04ad1',
  '0x18cc3ce7ed17e47c669982b6c94a0fe2a0b9606e',
  '0x18e55343ecfc135e21916fcdb9788accb5b53caf',
  '0x19a6a39b746c4647a01a3bf80751155969ddb15a',
  '0x19d01c13e6e5a1a990db9821358a591583f63234',
  '0x19d1df2574542259bc2ec23e69c1b700d752c45e',
  '0x19f824662ba9df78e368022f085b708fccc201c8',
  '0x1a1ec5ef70a643cd35376214e8a8f2ea0d92931d',
  '0x1a3cd87d4d5c6629abc5e1fde1bef51c3b8d2be7',
  '0x1bac3cd502cafe965a26f30fd1512a0800fdb9b7',
  '0x1c1d58031fb0692577b4fb8fc71e333755ca6927',
  '0x1c6a4181c0a352a855d15ae0d1bdce5f6aa23352',
  '0x1c7b78f54485a0ea4d67a2b4856af4cd39f11d99',
  '0x1cc42015d1e4c97d8739d8fe663c47f0a49e9a38',
  '0x1cdeee885457c5c3a048aa26363472a6b5fd28d7',
  '0x1d1ce71366866d0785fa40dd30ea92ca5e7078cc',
  '0x1d315b60ede11012ff8c980acd7cad65ac7ebdee',
  '0x1d5da20522b1b94e3b7d983c954075da429bbae1',
  '0x1d872098bab315ddf6630b3db2f8330221d498c0',
  '0x1d9fd5c3fbfd4758f22438a336068b813872cefc',
  '0x1da9ddc8407781d712a77def51c40c26a1f72600',
  '0x1e001730a23c7ebaff35bc8bc90da5a9b20804a4',
  '0x1eb16ec378f0ce8f81449120629f52ba28961d47',
  '0x1eb856a1359495cda8f18cac8785342b23dd84bf',
  '0x1f49c2def89cd9b84048a2d30c53a29091082d62',
  '0x1fdb4015fd5e031c5641752c1e03b973ad5ea168',
  '0x2010c480b73fd0865b6d2f164660da852d178d5d',
  '0x20170890ef210e402578f97d6b179784c45f3a1b',
  ... 613 more items
]
📦 21896 transactions récupérées.
📤 Récupération des transactions existantes depuis PostgreSQL...
✅ 26583 transactions déjà stockées.
🔍 406 transactions à insérer après filtrage.
✅ 406 nouvelles transactions ajoutées.

[2025-03-29T11:00:12.827Z] ========== FIN DE L'EXÉCUTION (STATUT: success) ==========

[2025-03-29T12:00:00.028Z] ========== DÉBUT DE L'EXÉCUTION DE LA TÂCHE: Fetch Transactions History (ID: 5) ==========
[2025-03-29T12:00:11.774Z] 🚀 Démarrage du script...
📤 Récupération des wallets et tokens depuis PostgreSQL...
✅ 94 wallets et 713 tokens récupérés.
🔍 Tokens trouvés: [
  '0x009bab289f104699ae87e576294d18ed505faa61',
  '0x016e0081fcaad345691027908d5044534bca1946',
  '0x01b4ea64e4204b51cbc8463ffc8e6046c9d70371',
  '0x021bb23a45e9fc824260435e670fc383b7b8cbbb',
  '0x02b5d51e29fa35c9228cfa3ff968da6aaf1048dd',
  '0x032f0e16b729210551642f3249f6e0b1b52a63be',
  '0x034ecb6dc0608b73765f2965771a003d940ee8b2',
  '0x038eb5001b6a7050fed40816321138e69f8f885b',
  '0x03cbe3dda83908ad48643d6a1b5b13d11acaf845',
  '0x03d23c82f20c96c421742b243b7ea33a3e217c1f',
  '0x041cc71b3bce05d06179f05ef7a9a20bd0815515',
  '0x052ad78e3aa0b0f2d3912fd3b50a9a289cf2f7aa',
  '0x053b0bd329dc21bd4fa278f62310f668c5f1a6ed',
  '0x06246100ba403608b98adfb006d82a7484f5d9ff',
  '0x062c208073c9b439d1973262cfe0ddd88f38afa8',
  '0x062f0732a7daca652c3bd7d8ad51c3a920b25962',
  '0x0643ffb30add44ef5c74996ad57a03a2244b6f28',
  '0x0675e8f4a52ea6c845cb6427af03616a2af42170',
  '0x06cc12368fa6a3d4dc0872c60331156a21cdcc9c',
  '0x06d0e5aee443093ac5635b709c8a01342e59df19',
  '0x076c82295af54a4507fa80c73a928c5703b845ee',
  '0x07da3cdae2396aa826387a48deba5868d7deb7bc',
  '0x07f893290c1ac037f5cd6fe6b3963803d9faa598',
  '0x084018b714948dfbeaba305fbc8dc4d2c0330172',
  '0x08906954c6b7e68eb5a969d201371ddcac28968c',
  '0x08ad1f3a48be1d23c723a6cc8486b247f5de935a',
  '0x09106ba56f708b353fe252dd0749c913a3e8a5e1',
  '0x0954682ff1b512d3927d06c591942f50917e16a0',
  '0x09565ce0acb2e35d1020cb4b0cbb5df3e328e3a6',
  '0x0964bde8cd3744f99a1ffc70becbe1f33366f5bb',
  '0x0a7d5a774585c2fc7ccf46c220e9a4e4f91e93c3',
  '0x0c12f2b2c3ad5150d344b6d3abb901b4795d72d9',
  '0x0c27daa424d413a02186b90d839124868d433197',
  '0x0c4e05941b40f6a081ec616bdd1adfe67ae7bb4d',
  '0x0c84153fdcafd65a4536c2d8d4856e6a6457fb21',
  '0x0d5d0b74c690170a82bf52e5d16388fc4fa29082',
  '0x0da81e9b313e73cf295363c14e2ce31ec84ab3d0',
  '0x0dca7cd3f63b69bbe55364b42fb6c3b21202d06f',
  '0x0de879bd4cc168bca743cc47efb6821b2eb241e7',
  '0x0e6a3fa67194ae6594edbe96153e28eefd2982f0',
  '0x0f388d7e65a969dbcbfab21bc3ab6629af78f4cf',
  '0x0fd357ea71ad533c6b8a62520321ed286ed9a0c2',
  '0x10479fb486b4a77b87320ba017c5e64f4f352773',
  '0x1051e1d8cc6bc96c78fea6ae1144b91a1b1a32a2',
  '0x106d6a8e73b851f0905eb592df5d5f9b29469a5e',
  '0x108f15a6cac5bddf919af07928faa0b7168feff8',
  '0x10c2c7a5342988818eb6726fae369299d8fb6328',
  '0x10cde9d1e1a2d3b703f037a6788e04bc139cdf6f',
  '0x10dfe9495810a7c8ff577647dab523503477402f',
  '0x1106d8755ffafb1f1820b3668e354336d9085a12',
  '0x1117ee7306c82190109869a1721021b96d6a249d',
  '0x11c80389e39bedabf2172524be687ffdec06979a',
  '0x11d2b6613cbebb4172ef9507286e47c99e3a4b37',
  '0x1201cdab78a8bcc527d1cdfe5a2740cf1e824adc',
  '0x12413a603d16893d8f406925289f206b3b974cf0',
  '0x13ae383d948ad3d6e2534463e54a9cca9eaa4145',
  '0x14082eef0e5ccc9d2d36cf627c45f07f3b0a54dd',
  '0x140c3d8bf3ff575ee63a12fe019b1d97caf6adcb',
  '0x140d6cfde793f1a2eed5274454aa6f463ec8c075',
  '0x146ab8465ed65e9295b7caf7ce55a42149fe76e3',
  '0x14b0d23238c5277f8243d2739c005480d8022fe0',
  '0x14be8b4b4bf1ea9d18bd04c4063a0987c702e204',
  '0x157a0a3d1fd859fc940ceb923e68d17afe03d2a4',
  '0x15f3197d43600720531bc92d6a55827b82da56bb',
  '0x168e759cd51e4296ae353ae98b675c0ad8996b4e',
  '0x16b18b9836fd01f1413b1bca28935ac00a1f43ce',
  '0x16bea6810b951b647427983ed14710fd1c6a36e1',
  '0x16edfdf297d91d7d904f62ca97a7bfc1778daffc',
  '0x1707a9bad232d728afded75faced38ec90eaa41e',
  '0x175cbd54d38f58b530785e01471a2ec0d4596eb5',
  '0x17e87ed83c1a444b9255b14ba45204dfb4fec186',
  '0x185e39d860cf86fbecf4a7c341bd1545ea3a41b9',
  '0x18c523f27b0310a7468f081ae8e84179d0a04ad1',
  '0x18cc3ce7ed17e47c669982b6c94a0fe2a0b9606e',
  '0x18e55343ecfc135e21916fcdb9788accb5b53caf',
  '0x19a6a39b746c4647a01a3bf80751155969ddb15a',
  '0x19d01c13e6e5a1a990db9821358a591583f63234',
  '0x19d1df2574542259bc2ec23e69c1b700d752c45e',
  '0x19f824662ba9df78e368022f085b708fccc201c8',
  '0x1a1ec5ef70a643cd35376214e8a8f2ea0d92931d',
  '0x1a3cd87d4d5c6629abc5e1fde1bef51c3b8d2be7',
  '0x1bac3cd502cafe965a26f30fd1512a0800fdb9b7',
  '0x1c1d58031fb0692577b4fb8fc71e333755ca6927',
  '0x1c6a4181c0a352a855d15ae0d1bdce5f6aa23352',
  '0x1c7b78f54485a0ea4d67a2b4856af4cd39f11d99',
  '0x1cc42015d1e4c97d8739d8fe663c47f0a49e9a38',
  '0x1cdeee885457c5c3a048aa26363472a6b5fd28d7',
  '0x1d1ce71366866d0785fa40dd30ea92ca5e7078cc',
  '0x1d315b60ede11012ff8c980acd7cad65ac7ebdee',
  '0x1d5da20522b1b94e3b7d983c954075da429bbae1',
  '0x1d872098bab315ddf6630b3db2f8330221d498c0',
  '0x1d9fd5c3fbfd4758f22438a336068b813872cefc',
  '0x1da9ddc8407781d712a77def51c40c26a1f72600',
  '0x1e001730a23c7ebaff35bc8bc90da5a9b20804a4',
  '0x1eb16ec378f0ce8f81449120629f52ba28961d47',
  '0x1eb856a1359495cda8f18cac8785342b23dd84bf',
  '0x1f49c2def89cd9b84048a2d30c53a29091082d62',
  '0x1fdb4015fd5e031c5641752c1e03b973ad5ea168',
  '0x2010c480b73fd0865b6d2f164660da852d178d5d',
  '0x20170890ef210e402578f97d6b179784c45f3a1b',
  ... 613 more items
]
📦 22189 transactions récupérées.
📤 Récupération des transactions existantes depuis PostgreSQL...
✅ 26989 transactions déjà stockées.
🔍 293 transactions à insérer après filtrage.
✅ 293 nouvelles transactions ajoutées.

[2025-03-29T12:00:11.775Z] ========== FIN DE L'EXÉCUTION (STATUT: success) ==========

[2025-03-29T13:00:00.356Z] ========== DÉBUT DE L'EXÉCUTION DE LA TÂCHE: Fetch Transactions History (ID: 5) ==========
[2025-03-29T13:00:17.568Z] 🚀 Démarrage du script...
📤 Récupération des wallets et tokens depuis PostgreSQL...
✅ 101 wallets et 713 tokens récupérés.
🔍 Tokens trouvés: [
  '0x009bab289f104699ae87e576294d18ed505faa61',
  '0x016e0081fcaad345691027908d5044534bca1946',
  '0x01b4ea64e4204b51cbc8463ffc8e6046c9d70371',
  '0x021bb23a45e9fc824260435e670fc383b7b8cbbb',
  '0x02b5d51e29fa35c9228cfa3ff968da6aaf1048dd',
  '0x032f0e16b729210551642f3249f6e0b1b52a63be',
  '0x034ecb6dc0608b73765f2965771a003d940ee8b2',
  '0x038eb5001b6a7050fed40816321138e69f8f885b',
  '0x03cbe3dda83908ad48643d6a1b5b13d11acaf845',
  '0x03d23c82f20c96c421742b243b7ea33a3e217c1f',
  '0x041cc71b3bce05d06179f05ef7a9a20bd0815515',
  '0x052ad78e3aa0b0f2d3912fd3b50a9a289cf2f7aa',
  '0x053b0bd329dc21bd4fa278f62310f668c5f1a6ed',
  '0x06246100ba403608b98adfb006d82a7484f5d9ff',
  '0x062c208073c9b439d1973262cfe0ddd88f38afa8',
  '0x062f0732a7daca652c3bd7d8ad51c3a920b25962',
  '0x0643ffb30add44ef5c74996ad57a03a2244b6f28',
  '0x0675e8f4a52ea6c845cb6427af03616a2af42170',
  '0x06cc12368fa6a3d4dc0872c60331156a21cdcc9c',
  '0x06d0e5aee443093ac5635b709c8a01342e59df19',
  '0x076c82295af54a4507fa80c73a928c5703b845ee',
  '0x07da3cdae2396aa826387a48deba5868d7deb7bc',
  '0x07f893290c1ac037f5cd6fe6b3963803d9faa598',
  '0x084018b714948dfbeaba305fbc8dc4d2c0330172',
  '0x08906954c6b7e68eb5a969d201371ddcac28968c',
  '0x08ad1f3a48be1d23c723a6cc8486b247f5de935a',
  '0x09106ba56f708b353fe252dd0749c913a3e8a5e1',
  '0x0954682ff1b512d3927d06c591942f50917e16a0',
  '0x09565ce0acb2e35d1020cb4b0cbb5df3e328e3a6',
  '0x0964bde8cd3744f99a1ffc70becbe1f33366f5bb',
  '0x0a7d5a774585c2fc7ccf46c220e9a4e4f91e93c3',
  '0x0c12f2b2c3ad5150d344b6d3abb901b4795d72d9',
  '0x0c27daa424d413a02186b90d839124868d433197',
  '0x0c4e05941b40f6a081ec616bdd1adfe67ae7bb4d',
  '0x0c84153fdcafd65a4536c2d8d4856e6a6457fb21',
  '0x0d5d0b74c690170a82bf52e5d16388fc4fa29082',
  '0x0da81e9b313e73cf295363c14e2ce31ec84ab3d0',
  '0x0dca7cd3f63b69bbe55364b42fb6c3b21202d06f',
  '0x0de879bd4cc168bca743cc47efb6821b2eb241e7',
  '0x0e6a3fa67194ae6594edbe96153e28eefd2982f0',
  '0x0f388d7e65a969dbcbfab21bc3ab6629af78f4cf',
  '0x0fd357ea71ad533c6b8a62520321ed286ed9a0c2',
  '0x10479fb486b4a77b87320ba017c5e64f4f352773',
  '0x1051e1d8cc6bc96c78fea6ae1144b91a1b1a32a2',
  '0x106d6a8e73b851f0905eb592df5d5f9b29469a5e',
  '0x108f15a6cac5bddf919af07928faa0b7168feff8',
  '0x10c2c7a5342988818eb6726fae369299d8fb6328',
  '0x10cde9d1e1a2d3b703f037a6788e04bc139cdf6f',
  '0x10dfe9495810a7c8ff577647dab523503477402f',
  '0x1106d8755ffafb1f1820b3668e354336d9085a12',
  '0x1117ee7306c82190109869a1721021b96d6a249d',
  '0x11c80389e39bedabf2172524be687ffdec06979a',
  '0x11d2b6613cbebb4172ef9507286e47c99e3a4b37',
  '0x1201cdab78a8bcc527d1cdfe5a2740cf1e824adc',
  '0x12413a603d16893d8f406925289f206b3b974cf0',
  '0x13ae383d948ad3d6e2534463e54a9cca9eaa4145',
  '0x14082eef0e5ccc9d2d36cf627c45f07f3b0a54dd',
  '0x140c3d8bf3ff575ee63a12fe019b1d97caf6adcb',
  '0x140d6cfde793f1a2eed5274454aa6f463ec8c075',
  '0x146ab8465ed65e9295b7caf7ce55a42149fe76e3',
  '0x14b0d23238c5277f8243d2739c005480d8022fe0',
  '0x14be8b4b4bf1ea9d18bd04c4063a0987c702e204',
  '0x157a0a3d1fd859fc940ceb923e68d17afe03d2a4',
  '0x15f3197d43600720531bc92d6a55827b82da56bb',
  '0x168e759cd51e4296ae353ae98b675c0ad8996b4e',
  '0x16b18b9836fd01f1413b1bca28935ac00a1f43ce',
  '0x16bea6810b951b647427983ed14710fd1c6a36e1',
  '0x16edfdf297d91d7d904f62ca97a7bfc1778daffc',
  '0x1707a9bad232d728afded75faced38ec90eaa41e',
  '0x175cbd54d38f58b530785e01471a2ec0d4596eb5',
  '0x17e87ed83c1a444b9255b14ba45204dfb4fec186',
  '0x185e39d860cf86fbecf4a7c341bd1545ea3a41b9',
  '0x18c523f27b0310a7468f081ae8e84179d0a04ad1',
  '0x18cc3ce7ed17e47c669982b6c94a0fe2a0b9606e',
  '0x18e55343ecfc135e21916fcdb9788accb5b53caf',
  '0x19a6a39b746c4647a01a3bf80751155969ddb15a',
  '0x19d01c13e6e5a1a990db9821358a591583f63234',
  '0x19d1df2574542259bc2ec23e69c1b700d752c45e',
  '0x19f824662ba9df78e368022f085b708fccc201c8',
  '0x1a1ec5ef70a643cd35376214e8a8f2ea0d92931d',
  '0x1a3cd87d4d5c6629abc5e1fde1bef51c3b8d2be7',
  '0x1bac3cd502cafe965a26f30fd1512a0800fdb9b7',
  '0x1c1d58031fb0692577b4fb8fc71e333755ca6927',
  '0x1c6a4181c0a352a855d15ae0d1bdce5f6aa23352',
  '0x1c7b78f54485a0ea4d67a2b4856af4cd39f11d99',
  '0x1cc42015d1e4c97d8739d8fe663c47f0a49e9a38',
  '0x1cdeee885457c5c3a048aa26363472a6b5fd28d7',
  '0x1d1ce71366866d0785fa40dd30ea92ca5e7078cc',
  '0x1d315b60ede11012ff8c980acd7cad65ac7ebdee',
  '0x1d5da20522b1b94e3b7d983c954075da429bbae1',
  '0x1d872098bab315ddf6630b3db2f8330221d498c0',
  '0x1d9fd5c3fbfd4758f22438a336068b813872cefc',
  '0x1da9ddc8407781d712a77def51c40c26a1f72600',
  '0x1e001730a23c7ebaff35bc8bc90da5a9b20804a4',
  '0x1eb16ec378f0ce8f81449120629f52ba28961d47',
  '0x1eb856a1359495cda8f18cac8785342b23dd84bf',
  '0x1f49c2def89cd9b84048a2d30c53a29091082d62',
  '0x1fdb4015fd5e031c5641752c1e03b973ad5ea168',
  '0x2010c480b73fd0865b6d2f164660da852d178d5d',
  '0x20170890ef210e402578f97d6b179784c45f3a1b',
  ... 613 more items
]
📦 31633 transactions récupérées.
📤 Récupération des transactions existantes depuis PostgreSQL...
✅ 35308 transactions déjà stockées.
🔍 1418 transactions à insérer après filtrage.
✅ 1418 nouvelles transactions ajoutées.

[2025-03-29T13:00:17.568Z] ========== FIN DE L'EXÉCUTION (STATUT: success) ==========

[2025-03-29T14:00:00.695Z] ========== DÉBUT DE L'EXÉCUTION DE LA TÂCHE: Fetch Transactions History (ID: 5) ==========
[2025-03-29T14:00:18.421Z] 🚀 Démarrage du script...
📤 Récupération des wallets et tokens depuis PostgreSQL...
✅ 102 wallets et 713 tokens récupérés.
🔍 Tokens trouvés: [
  '0x009bab289f104699ae87e576294d18ed505faa61',
  '0x016e0081fcaad345691027908d5044534bca1946',
  '0x01b4ea64e4204b51cbc8463ffc8e6046c9d70371',
  '0x021bb23a45e9fc824260435e670fc383b7b8cbbb',
  '0x02b5d51e29fa35c9228cfa3ff968da6aaf1048dd',
  '0x032f0e16b729210551642f3249f6e0b1b52a63be',
  '0x034ecb6dc0608b73765f2965771a003d940ee8b2',
  '0x038eb5001b6a7050fed40816321138e69f8f885b',
  '0x03cbe3dda83908ad48643d6a1b5b13d11acaf845',
  '0x03d23c82f20c96c421742b243b7ea33a3e217c1f',
  '0x041cc71b3bce05d06179f05ef7a9a20bd0815515',
  '0x052ad78e3aa0b0f2d3912fd3b50a9a289cf2f7aa',
  '0x053b0bd329dc21bd4fa278f62310f668c5f1a6ed',
  '0x06246100ba403608b98adfb006d82a7484f5d9ff',
  '0x062c208073c9b439d1973262cfe0ddd88f38afa8',
  '0x062f0732a7daca652c3bd7d8ad51c3a920b25962',
  '0x0643ffb30add44ef5c74996ad57a03a2244b6f28',
  '0x0675e8f4a52ea6c845cb6427af03616a2af42170',
  '0x06cc12368fa6a3d4dc0872c60331156a21cdcc9c',
  '0x06d0e5aee443093ac5635b709c8a01342e59df19',
  '0x076c82295af54a4507fa80c73a928c5703b845ee',
  '0x07da3cdae2396aa826387a48deba5868d7deb7bc',
  '0x07f893290c1ac037f5cd6fe6b3963803d9faa598',
  '0x084018b714948dfbeaba305fbc8dc4d2c0330172',
  '0x08906954c6b7e68eb5a969d201371ddcac28968c',
  '0x08ad1f3a48be1d23c723a6cc8486b247f5de935a',
  '0x09106ba56f708b353fe252dd0749c913a3e8a5e1',
  '0x0954682ff1b512d3927d06c591942f50917e16a0',
  '0x09565ce0acb2e35d1020cb4b0cbb5df3e328e3a6',
  '0x0964bde8cd3744f99a1ffc70becbe1f33366f5bb',
  '0x0a7d5a774585c2fc7ccf46c220e9a4e4f91e93c3',
  '0x0c12f2b2c3ad5150d344b6d3abb901b4795d72d9',
  '0x0c27daa424d413a02186b90d839124868d433197',
  '0x0c4e05941b40f6a081ec616bdd1adfe67ae7bb4d',
  '0x0c84153fdcafd65a4536c2d8d4856e6a6457fb21',
  '0x0d5d0b74c690170a82bf52e5d16388fc4fa29082',
  '0x0da81e9b313e73cf295363c14e2ce31ec84ab3d0',
  '0x0dca7cd3f63b69bbe55364b42fb6c3b21202d06f',
  '0x0de879bd4cc168bca743cc47efb6821b2eb241e7',
  '0x0e6a3fa67194ae6594edbe96153e28eefd2982f0',
  '0x0f388d7e65a969dbcbfab21bc3ab6629af78f4cf',
  '0x0fd357ea71ad533c6b8a62520321ed286ed9a0c2',
  '0x10479fb486b4a77b87320ba017c5e64f4f352773',
  '0x1051e1d8cc6bc96c78fea6ae1144b91a1b1a32a2',
  '0x106d6a8e73b851f0905eb592df5d5f9b29469a5e',
  '0x108f15a6cac5bddf919af07928faa0b7168feff8',
  '0x10c2c7a5342988818eb6726fae369299d8fb6328',
  '0x10cde9d1e1a2d3b703f037a6788e04bc139cdf6f',
  '0x10dfe9495810a7c8ff577647dab523503477402f',
  '0x1106d8755ffafb1f1820b3668e354336d9085a12',
  '0x1117ee7306c82190109869a1721021b96d6a249d',
  '0x11c80389e39bedabf2172524be687ffdec06979a',
  '0x11d2b6613cbebb4172ef9507286e47c99e3a4b37',
  '0x1201cdab78a8bcc527d1cdfe5a2740cf1e824adc',
  '0x12413a603d16893d8f406925289f206b3b974cf0',
  '0x13ae383d948ad3d6e2534463e54a9cca9eaa4145',
  '0x14082eef0e5ccc9d2d36cf627c45f07f3b0a54dd',
  '0x140c3d8bf3ff575ee63a12fe019b1d97caf6adcb',
  '0x140d6cfde793f1a2eed5274454aa6f463ec8c075',
  '0x146ab8465ed65e9295b7caf7ce55a42149fe76e3',
  '0x14b0d23238c5277f8243d2739c005480d8022fe0',
  '0x14be8b4b4bf1ea9d18bd04c4063a0987c702e204',
  '0x157a0a3d1fd859fc940ceb923e68d17afe03d2a4',
  '0x15f3197d43600720531bc92d6a55827b82da56bb',
  '0x168e759cd51e4296ae353ae98b675c0ad8996b4e',
  '0x16b18b9836fd01f1413b1bca28935ac00a1f43ce',
  '0x16bea6810b951b647427983ed14710fd1c6a36e1',
  '0x16edfdf297d91d7d904f62ca97a7bfc1778daffc',
  '0x1707a9bad232d728afded75faced38ec90eaa41e',
  '0x175cbd54d38f58b530785e01471a2ec0d4596eb5',
  '0x17e87ed83c1a444b9255b14ba45204dfb4fec186',
  '0x185e39d860cf86fbecf4a7c341bd1545ea3a41b9',
  '0x18c523f27b0310a7468f081ae8e84179d0a04ad1',
  '0x18cc3ce7ed17e47c669982b6c94a0fe2a0b9606e',
  '0x18e55343ecfc135e21916fcdb9788accb5b53caf',
  '0x19a6a39b746c4647a01a3bf80751155969ddb15a',
  '0x19d01c13e6e5a1a990db9821358a591583f63234',
  '0x19d1df2574542259bc2ec23e69c1b700d752c45e',
  '0x19f824662ba9df78e368022f085b708fccc201c8',
  '0x1a1ec5ef70a643cd35376214e8a8f2ea0d92931d',
  '0x1a3cd87d4d5c6629abc5e1fde1bef51c3b8d2be7',
  '0x1bac3cd502cafe965a26f30fd1512a0800fdb9b7',
  '0x1c1d58031fb0692577b4fb8fc71e333755ca6927',
  '0x1c6a4181c0a352a855d15ae0d1bdce5f6aa23352',
  '0x1c7b78f54485a0ea4d67a2b4856af4cd39f11d99',
  '0x1cc42015d1e4c97d8739d8fe663c47f0a49e9a38',
  '0x1cdeee885457c5c3a048aa26363472a6b5fd28d7',
  '0x1d1ce71366866d0785fa40dd30ea92ca5e7078cc',
  '0x1d315b60ede11012ff8c980acd7cad65ac7ebdee',
  '0x1d5da20522b1b94e3b7d983c954075da429bbae1',
  '0x1d872098bab315ddf6630b3db2f8330221d498c0',
  '0x1d9fd5c3fbfd4758f22438a336068b813872cefc',
  '0x1da9ddc8407781d712a77def51c40c26a1f72600',
  '0x1e001730a23c7ebaff35bc8bc90da5a9b20804a4',
  '0x1eb16ec378f0ce8f81449120629f52ba28961d47',
  '0x1eb856a1359495cda8f18cac8785342b23dd84bf',
  '0x1f49c2def89cd9b84048a2d30c53a29091082d62',
  '0x1fdb4015fd5e031c5641752c1e03b973ad5ea168',
  '0x2010c480b73fd0865b6d2f164660da852d178d5d',
  '0x20170890ef210e402578f97d6b179784c45f3a1b',
  ... 613 more items
]
📦 31989 transactions récupérées.
📤 Récupération des transactions existantes depuis PostgreSQL...
✅ 36726 transactions déjà stockées.
🔍 3 transactions à insérer après filtrage.
✅ 3 nouvelles transactions ajoutées.

[2025-03-29T14:00:18.421Z] ========== FIN DE L'EXÉCUTION (STATUT: success) ==========

[2025-03-29T15:00:00.046Z] ========== DÉBUT DE L'EXÉCUTION DE LA TÂCHE: Fetch Transactions History (ID: 5) ==========
[2025-03-29T15:00:18.744Z] 🚀 Démarrage du script...
📤 Récupération des wallets et tokens depuis PostgreSQL...
✅ 103 wallets et 713 tokens récupérés.
🔍 Tokens trouvés: [
  '0x009bab289f104699ae87e576294d18ed505faa61',
  '0x016e0081fcaad345691027908d5044534bca1946',
  '0x01b4ea64e4204b51cbc8463ffc8e6046c9d70371',
  '0x021bb23a45e9fc824260435e670fc383b7b8cbbb',
  '0x02b5d51e29fa35c9228cfa3ff968da6aaf1048dd',
  '0x032f0e16b729210551642f3249f6e0b1b52a63be',
  '0x034ecb6dc0608b73765f2965771a003d940ee8b2',
  '0x038eb5001b6a7050fed40816321138e69f8f885b',
  '0x03cbe3dda83908ad48643d6a1b5b13d11acaf845',
  '0x03d23c82f20c96c421742b243b7ea33a3e217c1f',
  '0x041cc71b3bce05d06179f05ef7a9a20bd0815515',
  '0x052ad78e3aa0b0f2d3912fd3b50a9a289cf2f7aa',
  '0x053b0bd329dc21bd4fa278f62310f668c5f1a6ed',
  '0x06246100ba403608b98adfb006d82a7484f5d9ff',
  '0x062c208073c9b439d1973262cfe0ddd88f38afa8',
  '0x062f0732a7daca652c3bd7d8ad51c3a920b25962',
  '0x0643ffb30add44ef5c74996ad57a03a2244b6f28',
  '0x0675e8f4a52ea6c845cb6427af03616a2af42170',
  '0x06cc12368fa6a3d4dc0872c60331156a21cdcc9c',
  '0x06d0e5aee443093ac5635b709c8a01342e59df19',
  '0x076c82295af54a4507fa80c73a928c5703b845ee',
  '0x07da3cdae2396aa826387a48deba5868d7deb7bc',
  '0x07f893290c1ac037f5cd6fe6b3963803d9faa598',
  '0x084018b714948dfbeaba305fbc8dc4d2c0330172',
  '0x08906954c6b7e68eb5a969d201371ddcac28968c',
  '0x08ad1f3a48be1d23c723a6cc8486b247f5de935a',
  '0x09106ba56f708b353fe252dd0749c913a3e8a5e1',
  '0x0954682ff1b512d3927d06c591942f50917e16a0',
  '0x09565ce0acb2e35d1020cb4b0cbb5df3e328e3a6',
  '0x0964bde8cd3744f99a1ffc70becbe1f33366f5bb',
  '0x0a7d5a774585c2fc7ccf46c220e9a4e4f91e93c3',
  '0x0c12f2b2c3ad5150d344b6d3abb901b4795d72d9',
  '0x0c27daa424d413a02186b90d839124868d433197',
  '0x0c4e05941b40f6a081ec616bdd1adfe67ae7bb4d',
  '0x0c84153fdcafd65a4536c2d8d4856e6a6457fb21',
  '0x0d5d0b74c690170a82bf52e5d16388fc4fa29082',
  '0x0da81e9b313e73cf295363c14e2ce31ec84ab3d0',
  '0x0dca7cd3f63b69bbe55364b42fb6c3b21202d06f',
  '0x0de879bd4cc168bca743cc47efb6821b2eb241e7',
  '0x0e6a3fa67194ae6594edbe96153e28eefd2982f0',
  '0x0f388d7e65a969dbcbfab21bc3ab6629af78f4cf',
  '0x0fd357ea71ad533c6b8a62520321ed286ed9a0c2',
  '0x10479fb486b4a77b87320ba017c5e64f4f352773',
  '0x1051e1d8cc6bc96c78fea6ae1144b91a1b1a32a2',
  '0x106d6a8e73b851f0905eb592df5d5f9b29469a5e',
  '0x108f15a6cac5bddf919af07928faa0b7168feff8',
  '0x10c2c7a5342988818eb6726fae369299d8fb6328',
  '0x10cde9d1e1a2d3b703f037a6788e04bc139cdf6f',
  '0x10dfe9495810a7c8ff577647dab523503477402f',
  '0x1106d8755ffafb1f1820b3668e354336d9085a12',
  '0x1117ee7306c82190109869a1721021b96d6a249d',
  '0x11c80389e39bedabf2172524be687ffdec06979a',
  '0x11d2b6613cbebb4172ef9507286e47c99e3a4b37',
  '0x1201cdab78a8bcc527d1cdfe5a2740cf1e824adc',
  '0x12413a603d16893d8f406925289f206b3b974cf0',
  '0x13ae383d948ad3d6e2534463e54a9cca9eaa4145',
  '0x14082eef0e5ccc9d2d36cf627c45f07f3b0a54dd',
  '0x140c3d8bf3ff575ee63a12fe019b1d97caf6adcb',
  '0x140d6cfde793f1a2eed5274454aa6f463ec8c075',
  '0x146ab8465ed65e9295b7caf7ce55a42149fe76e3',
  '0x14b0d23238c5277f8243d2739c005480d8022fe0',
  '0x14be8b4b4bf1ea9d18bd04c4063a0987c702e204',
  '0x157a0a3d1fd859fc940ceb923e68d17afe03d2a4',
  '0x15f3197d43600720531bc92d6a55827b82da56bb',
  '0x168e759cd51e4296ae353ae98b675c0ad8996b4e',
  '0x16b18b9836fd01f1413b1bca28935ac00a1f43ce',
  '0x16bea6810b951b647427983ed14710fd1c6a36e1',
  '0x16edfdf297d91d7d904f62ca97a7bfc1778daffc',
  '0x1707a9bad232d728afded75faced38ec90eaa41e',
  '0x175cbd54d38f58b530785e01471a2ec0d4596eb5',
  '0x17e87ed83c1a444b9255b14ba45204dfb4fec186',
  '0x185e39d860cf86fbecf4a7c341bd1545ea3a41b9',
  '0x18c523f27b0310a7468f081ae8e84179d0a04ad1',
  '0x18cc3ce7ed17e47c669982b6c94a0fe2a0b9606e',
  '0x18e55343ecfc135e21916fcdb9788accb5b53caf',
  '0x19a6a39b746c4647a01a3bf80751155969ddb15a',
  '0x19d01c13e6e5a1a990db9821358a591583f63234',
  '0x19d1df2574542259bc2ec23e69c1b700d752c45e',
  '0x19f824662ba9df78e368022f085b708fccc201c8',
  '0x1a1ec5ef70a643cd35376214e8a8f2ea0d92931d',
  '0x1a3cd87d4d5c6629abc5e1fde1bef51c3b8d2be7',
  '0x1bac3cd502cafe965a26f30fd1512a0800fdb9b7',
  '0x1c1d58031fb0692577b4fb8fc71e333755ca6927',
  '0x1c6a4181c0a352a855d15ae0d1bdce5f6aa23352',
  '0x1c7b78f54485a0ea4d67a2b4856af4cd39f11d99',
  '0x1cc42015d1e4c97d8739d8fe663c47f0a49e9a38',
  '0x1cdeee885457c5c3a048aa26363472a6b5fd28d7',
  '0x1d1ce71366866d0785fa40dd30ea92ca5e7078cc',
  '0x1d315b60ede11012ff8c980acd7cad65ac7ebdee',
  '0x1d5da20522b1b94e3b7d983c954075da429bbae1',
  '0x1d872098bab315ddf6630b3db2f8330221d498c0',
  '0x1d9fd5c3fbfd4758f22438a336068b813872cefc',
  '0x1da9ddc8407781d712a77def51c40c26a1f72600',
  '0x1e001730a23c7ebaff35bc8bc90da5a9b20804a4',
  '0x1eb16ec378f0ce8f81449120629f52ba28961d47',
  '0x1eb856a1359495cda8f18cac8785342b23dd84bf',
  '0x1f49c2def89cd9b84048a2d30c53a29091082d62',
  '0x1fdb4015fd5e031c5641752c1e03b973ad5ea168',
  '0x2010c480b73fd0865b6d2f164660da852d178d5d',
  '0x20170890ef210e402578f97d6b179784c45f3a1b',
  ... 613 more items
]
📦 32032 transactions récupérées.
📤 Récupération des transactions existantes depuis PostgreSQL...
✅ 36729 transactions déjà stockées.
🔍 43 transactions à insérer après filtrage.
✅ 43 nouvelles transactions ajoutées.

[2025-03-29T15:00:18.745Z] ========== FIN DE L'EXÉCUTION (STATUT: success) ==========

[2025-03-29T16:00:00.357Z] ========== DÉBUT DE L'EXÉCUTION DE LA TÂCHE: Fetch Transactions History (ID: 5) ==========
[2025-03-29T16:00:39.133Z] 🚀 Démarrage du script...
📤 Récupération des wallets et tokens depuis PostgreSQL...
✅ 110 wallets et 713 tokens récupérés.
🔍 Tokens trouvés: [
  '0x009bab289f104699ae87e576294d18ed505faa61',
  '0x016e0081fcaad345691027908d5044534bca1946',
  '0x01b4ea64e4204b51cbc8463ffc8e6046c9d70371',
  '0x021bb23a45e9fc824260435e670fc383b7b8cbbb',
  '0x02b5d51e29fa35c9228cfa3ff968da6aaf1048dd',
  '0x032f0e16b729210551642f3249f6e0b1b52a63be',
  '0x034ecb6dc0608b73765f2965771a003d940ee8b2',
  '0x038eb5001b6a7050fed40816321138e69f8f885b',
  '0x03cbe3dda83908ad48643d6a1b5b13d11acaf845',
  '0x03d23c82f20c96c421742b243b7ea33a3e217c1f',
  '0x041cc71b3bce05d06179f05ef7a9a20bd0815515',
  '0x052ad78e3aa0b0f2d3912fd3b50a9a289cf2f7aa',
  '0x053b0bd329dc21bd4fa278f62310f668c5f1a6ed',
  '0x06246100ba403608b98adfb006d82a7484f5d9ff',
  '0x062c208073c9b439d1973262cfe0ddd88f38afa8',
  '0x062f0732a7daca652c3bd7d8ad51c3a920b25962',
  '0x0643ffb30add44ef5c74996ad57a03a2244b6f28',
  '0x0675e8f4a52ea6c845cb6427af03616a2af42170',
  '0x06cc12368fa6a3d4dc0872c60331156a21cdcc9c',
  '0x06d0e5aee443093ac5635b709c8a01342e59df19',
  '0x076c82295af54a4507fa80c73a928c5703b845ee',
  '0x07da3cdae2396aa826387a48deba5868d7deb7bc',
  '0x07f893290c1ac037f5cd6fe6b3963803d9faa598',
  '0x084018b714948dfbeaba305fbc8dc4d2c0330172',
  '0x08906954c6b7e68eb5a969d201371ddcac28968c',
  '0x08ad1f3a48be1d23c723a6cc8486b247f5de935a',
  '0x09106ba56f708b353fe252dd0749c913a3e8a5e1',
  '0x0954682ff1b512d3927d06c591942f50917e16a0',
  '0x09565ce0acb2e35d1020cb4b0cbb5df3e328e3a6',
  '0x0964bde8cd3744f99a1ffc70becbe1f33366f5bb',
  '0x0a7d5a774585c2fc7ccf46c220e9a4e4f91e93c3',
  '0x0c12f2b2c3ad5150d344b6d3abb901b4795d72d9',
  '0x0c27daa424d413a02186b90d839124868d433197',
  '0x0c4e05941b40f6a081ec616bdd1adfe67ae7bb4d',
  '0x0c84153fdcafd65a4536c2d8d4856e6a6457fb21',
  '0x0d5d0b74c690170a82bf52e5d16388fc4fa29082',
  '0x0da81e9b313e73cf295363c14e2ce31ec84ab3d0',
  '0x0dca7cd3f63b69bbe55364b42fb6c3b21202d06f',
  '0x0de879bd4cc168bca743cc47efb6821b2eb241e7',
  '0x0e6a3fa67194ae6594edbe96153e28eefd2982f0',
  '0x0f388d7e65a969dbcbfab21bc3ab6629af78f4cf',
  '0x0fd357ea71ad533c6b8a62520321ed286ed9a0c2',
  '0x10479fb486b4a77b87320ba017c5e64f4f352773',
  '0x1051e1d8cc6bc96c78fea6ae1144b91a1b1a32a2',
  '0x106d6a8e73b851f0905eb592df5d5f9b29469a5e',
  '0x108f15a6cac5bddf919af07928faa0b7168feff8',
  '0x10c2c7a5342988818eb6726fae369299d8fb6328',
  '0x10cde9d1e1a2d3b703f037a6788e04bc139cdf6f',
  '0x10dfe9495810a7c8ff577647dab523503477402f',
  '0x1106d8755ffafb1f1820b3668e354336d9085a12',
  '0x1117ee7306c82190109869a1721021b96d6a249d',
  '0x11c80389e39bedabf2172524be687ffdec06979a',
  '0x11d2b6613cbebb4172ef9507286e47c99e3a4b37',
  '0x1201cdab78a8bcc527d1cdfe5a2740cf1e824adc',
  '0x12413a603d16893d8f406925289f206b3b974cf0',
  '0x13ae383d948ad3d6e2534463e54a9cca9eaa4145',
  '0x14082eef0e5ccc9d2d36cf627c45f07f3b0a54dd',
  '0x140c3d8bf3ff575ee63a12fe019b1d97caf6adcb',
  '0x140d6cfde793f1a2eed5274454aa6f463ec8c075',
  '0x146ab8465ed65e9295b7caf7ce55a42149fe76e3',
  '0x14b0d23238c5277f8243d2739c005480d8022fe0',
  '0x14be8b4b4bf1ea9d18bd04c4063a0987c702e204',
  '0x157a0a3d1fd859fc940ceb923e68d17afe03d2a4',
  '0x15f3197d43600720531bc92d6a55827b82da56bb',
  '0x168e759cd51e4296ae353ae98b675c0ad8996b4e',
  '0x16b18b9836fd01f1413b1bca28935ac00a1f43ce',
  '0x16bea6810b951b647427983ed14710fd1c6a36e1',
  '0x16edfdf297d91d7d904f62ca97a7bfc1778daffc',
  '0x1707a9bad232d728afded75faced38ec90eaa41e',
  '0x175cbd54d38f58b530785e01471a2ec0d4596eb5',
  '0x17e87ed83c1a444b9255b14ba45204dfb4fec186',
  '0x185e39d860cf86fbecf4a7c341bd1545ea3a41b9',
  '0x18c523f27b0310a7468f081ae8e84179d0a04ad1',
  '0x18cc3ce7ed17e47c669982b6c94a0fe2a0b9606e',
  '0x18e55343ecfc135e21916fcdb9788accb5b53caf',
  '0x19a6a39b746c4647a01a3bf80751155969ddb15a',
  '0x19d01c13e6e5a1a990db9821358a591583f63234',
  '0x19d1df2574542259bc2ec23e69c1b700d752c45e',
  '0x19f824662ba9df78e368022f085b708fccc201c8',
  '0x1a1ec5ef70a643cd35376214e8a8f2ea0d92931d',
  '0x1a3cd87d4d5c6629abc5e1fde1bef51c3b8d2be7',
  '0x1bac3cd502cafe965a26f30fd1512a0800fdb9b7',
  '0x1c1d58031fb0692577b4fb8fc71e333755ca6927',
  '0x1c6a4181c0a352a855d15ae0d1bdce5f6aa23352',
  '0x1c7b78f54485a0ea4d67a2b4856af4cd39f11d99',
  '0x1cc42015d1e4c97d8739d8fe663c47f0a49e9a38',
  '0x1cdeee885457c5c3a048aa26363472a6b5fd28d7',
  '0x1d1ce71366866d0785fa40dd30ea92ca5e7078cc',
  '0x1d315b60ede11012ff8c980acd7cad65ac7ebdee',
  '0x1d5da20522b1b94e3b7d983c954075da429bbae1',
  '0x1d872098bab315ddf6630b3db2f8330221d498c0',
  '0x1d9fd5c3fbfd4758f22438a336068b813872cefc',
  '0x1da9ddc8407781d712a77def51c40c26a1f72600',
  '0x1e001730a23c7ebaff35bc8bc90da5a9b20804a4',
  '0x1eb16ec378f0ce8f81449120629f52ba28961d47',
  '0x1eb856a1359495cda8f18cac8785342b23dd84bf',
  '0x1f49c2def89cd9b84048a2d30c53a29091082d62',
  '0x1fdb4015fd5e031c5641752c1e03b973ad5ea168',
  '0x2010c480b73fd0865b6d2f164660da852d178d5d',
  '0x20170890ef210e402578f97d6b179784c45f3a1b',
  ... 613 more items
]
📦 33270 transactions récupérées.
📤 Récupération des transactions existantes depuis PostgreSQL...
✅ 36772 transactions déjà stockées.
🔍 1238 transactions à insérer après filtrage.
✅ 1238 nouvelles transactions ajoutées.

[2025-03-29T16:00:39.134Z] ========== FIN DE L'EXÉCUTION (STATUT: success) ==========

[2025-03-29T17:00:00.686Z] ========== DÉBUT DE L'EXÉCUTION DE LA TÂCHE: Fetch Transactions History (ID: 5) ==========
[2025-03-29T17:00:22.758Z] 🚀 Démarrage du script...
📤 Récupération des wallets et tokens depuis PostgreSQL...
✅ 114 wallets et 713 tokens récupérés.
🔍 Tokens trouvés: [
  '0x009bab289f104699ae87e576294d18ed505faa61',
  '0x016e0081fcaad345691027908d5044534bca1946',
  '0x01b4ea64e4204b51cbc8463ffc8e6046c9d70371',
  '0x021bb23a45e9fc824260435e670fc383b7b8cbbb',
  '0x02b5d51e29fa35c9228cfa3ff968da6aaf1048dd',
  '0x032f0e16b729210551642f3249f6e0b1b52a63be',
  '0x034ecb6dc0608b73765f2965771a003d940ee8b2',
  '0x038eb5001b6a7050fed40816321138e69f8f885b',
  '0x03cbe3dda83908ad48643d6a1b5b13d11acaf845',
  '0x03d23c82f20c96c421742b243b7ea33a3e217c1f',
  '0x041cc71b3bce05d06179f05ef7a9a20bd0815515',
  '0x052ad78e3aa0b0f2d3912fd3b50a9a289cf2f7aa',
  '0x053b0bd329dc21bd4fa278f62310f668c5f1a6ed',
  '0x06246100ba403608b98adfb006d82a7484f5d9ff',
  '0x062c208073c9b439d1973262cfe0ddd88f38afa8',
  '0x062f0732a7daca652c3bd7d8ad51c3a920b25962',
  '0x0643ffb30add44ef5c74996ad57a03a2244b6f28',
  '0x0675e8f4a52ea6c845cb6427af03616a2af42170',
  '0x06cc12368fa6a3d4dc0872c60331156a21cdcc9c',
  '0x06d0e5aee443093ac5635b709c8a01342e59df19',
  '0x076c82295af54a4507fa80c73a928c5703b845ee',
  '0x07da3cdae2396aa826387a48deba5868d7deb7bc',
  '0x07f893290c1ac037f5cd6fe6b3963803d9faa598',
  '0x084018b714948dfbeaba305fbc8dc4d2c0330172',
  '0x08906954c6b7e68eb5a969d201371ddcac28968c',
  '0x08ad1f3a48be1d23c723a6cc8486b247f5de935a',
  '0x09106ba56f708b353fe252dd0749c913a3e8a5e1',
  '0x0954682ff1b512d3927d06c591942f50917e16a0',
  '0x09565ce0acb2e35d1020cb4b0cbb5df3e328e3a6',
  '0x0964bde8cd3744f99a1ffc70becbe1f33366f5bb',
  '0x0a7d5a774585c2fc7ccf46c220e9a4e4f91e93c3',
  '0x0c12f2b2c3ad5150d344b6d3abb901b4795d72d9',
  '0x0c27daa424d413a02186b90d839124868d433197',
  '0x0c4e05941b40f6a081ec616bdd1adfe67ae7bb4d',
  '0x0c84153fdcafd65a4536c2d8d4856e6a6457fb21',
  '0x0d5d0b74c690170a82bf52e5d16388fc4fa29082',
  '0x0da81e9b313e73cf295363c14e2ce31ec84ab3d0',
  '0x0dca7cd3f63b69bbe55364b42fb6c3b21202d06f',
  '0x0de879bd4cc168bca743cc47efb6821b2eb241e7',
  '0x0e6a3fa67194ae6594edbe96153e28eefd2982f0',
  '0x0f388d7e65a969dbcbfab21bc3ab6629af78f4cf',
  '0x0fd357ea71ad533c6b8a62520321ed286ed9a0c2',
  '0x10479fb486b4a77b87320ba017c5e64f4f352773',
  '0x1051e1d8cc6bc96c78fea6ae1144b91a1b1a32a2',
  '0x106d6a8e73b851f0905eb592df5d5f9b29469a5e',
  '0x108f15a6cac5bddf919af07928faa0b7168feff8',
  '0x10c2c7a5342988818eb6726fae369299d8fb6328',
  '0x10cde9d1e1a2d3b703f037a6788e04bc139cdf6f',
  '0x10dfe9495810a7c8ff577647dab523503477402f',
  '0x1106d8755ffafb1f1820b3668e354336d9085a12',
  '0x1117ee7306c82190109869a1721021b96d6a249d',
  '0x11c80389e39bedabf2172524be687ffdec06979a',
  '0x11d2b6613cbebb4172ef9507286e47c99e3a4b37',
  '0x1201cdab78a8bcc527d1cdfe5a2740cf1e824adc',
  '0x12413a603d16893d8f406925289f206b3b974cf0',
  '0x13ae383d948ad3d6e2534463e54a9cca9eaa4145',
  '0x14082eef0e5ccc9d2d36cf627c45f07f3b0a54dd',
  '0x140c3d8bf3ff575ee63a12fe019b1d97caf6adcb',
  '0x140d6cfde793f1a2eed5274454aa6f463ec8c075',
  '0x146ab8465ed65e9295b7caf7ce55a42149fe76e3',
  '0x14b0d23238c5277f8243d2739c005480d8022fe0',
  '0x14be8b4b4bf1ea9d18bd04c4063a0987c702e204',
  '0x157a0a3d1fd859fc940ceb923e68d17afe03d2a4',
  '0x15f3197d43600720531bc92d6a55827b82da56bb',
  '0x168e759cd51e4296ae353ae98b675c0ad8996b4e',
  '0x16b18b9836fd01f1413b1bca28935ac00a1f43ce',
  '0x16bea6810b951b647427983ed14710fd1c6a36e1',
  '0x16edfdf297d91d7d904f62ca97a7bfc1778daffc',
  '0x1707a9bad232d728afded75faced38ec90eaa41e',
  '0x175cbd54d38f58b530785e01471a2ec0d4596eb5',
  '0x17e87ed83c1a444b9255b14ba45204dfb4fec186',
  '0x185e39d860cf86fbecf4a7c341bd1545ea3a41b9',
  '0x18c523f27b0310a7468f081ae8e84179d0a04ad1',
  '0x18cc3ce7ed17e47c669982b6c94a0fe2a0b9606e',
  '0x18e55343ecfc135e21916fcdb9788accb5b53caf',
  '0x19a6a39b746c4647a01a3bf80751155969ddb15a',
  '0x19d01c13e6e5a1a990db9821358a591583f63234',
  '0x19d1df2574542259bc2ec23e69c1b700d752c45e',
  '0x19f824662ba9df78e368022f085b708fccc201c8',
  '0x1a1ec5ef70a643cd35376214e8a8f2ea0d92931d',
  '0x1a3cd87d4d5c6629abc5e1fde1bef51c3b8d2be7',
  '0x1bac3cd502cafe965a26f30fd1512a0800fdb9b7',
  '0x1c1d58031fb0692577b4fb8fc71e333755ca6927',
  '0x1c6a4181c0a352a855d15ae0d1bdce5f6aa23352',
  '0x1c7b78f54485a0ea4d67a2b4856af4cd39f11d99',
  '0x1cc42015d1e4c97d8739d8fe663c47f0a49e9a38',
  '0x1cdeee885457c5c3a048aa26363472a6b5fd28d7',
  '0x1d1ce71366866d0785fa40dd30ea92ca5e7078cc',
  '0x1d315b60ede11012ff8c980acd7cad65ac7ebdee',
  '0x1d5da20522b1b94e3b7d983c954075da429bbae1',
  '0x1d872098bab315ddf6630b3db2f8330221d498c0',
  '0x1d9fd5c3fbfd4758f22438a336068b813872cefc',
  '0x1da9ddc8407781d712a77def51c40c26a1f72600',
  '0x1e001730a23c7ebaff35bc8bc90da5a9b20804a4',
  '0x1eb16ec378f0ce8f81449120629f52ba28961d47',
  '0x1eb856a1359495cda8f18cac8785342b23dd84bf',
  '0x1f49c2def89cd9b84048a2d30c53a29091082d62',
  '0x1fdb4015fd5e031c5641752c1e03b973ad5ea168',
  '0x2010c480b73fd0865b6d2f164660da852d178d5d',
  '0x20170890ef210e402578f97d6b179784c45f3a1b',
  ... 613 more items
]
📦 33502 transactions récupérées.
📤 Récupération des transactions existantes depuis PostgreSQL...
✅ 38010 transactions déjà stockées.
🔍 131 transactions à insérer après filtrage.
✅ 131 nouvelles transactions ajoutées.

[2025-03-29T17:00:22.758Z] ========== FIN DE L'EXÉCUTION (STATUT: success) ==========

[2025-03-29T18:00:00.042Z] ========== DÉBUT DE L'EXÉCUTION DE LA TÂCHE: Fetch Transactions History (ID: 5) ==========
[2025-03-29T18:00:20.806Z] 🚀 Démarrage du script...
📤 Récupération des wallets et tokens depuis PostgreSQL...
✅ 115 wallets et 713 tokens récupérés.
🔍 Tokens trouvés: [
  '0x009bab289f104699ae87e576294d18ed505faa61',
  '0x016e0081fcaad345691027908d5044534bca1946',
  '0x01b4ea64e4204b51cbc8463ffc8e6046c9d70371',
  '0x021bb23a45e9fc824260435e670fc383b7b8cbbb',
  '0x02b5d51e29fa35c9228cfa3ff968da6aaf1048dd',
  '0x032f0e16b729210551642f3249f6e0b1b52a63be',
  '0x034ecb6dc0608b73765f2965771a003d940ee8b2',
  '0x038eb5001b6a7050fed40816321138e69f8f885b',
  '0x03cbe3dda83908ad48643d6a1b5b13d11acaf845',
  '0x03d23c82f20c96c421742b243b7ea33a3e217c1f',
  '0x041cc71b3bce05d06179f05ef7a9a20bd0815515',
  '0x052ad78e3aa0b0f2d3912fd3b50a9a289cf2f7aa',
  '0x053b0bd329dc21bd4fa278f62310f668c5f1a6ed',
  '0x06246100ba403608b98adfb006d82a7484f5d9ff',
  '0x062c208073c9b439d1973262cfe0ddd88f38afa8',
  '0x062f0732a7daca652c3bd7d8ad51c3a920b25962',
  '0x0643ffb30add44ef5c74996ad57a03a2244b6f28',
  '0x0675e8f4a52ea6c845cb6427af03616a2af42170',
  '0x06cc12368fa6a3d4dc0872c60331156a21cdcc9c',
  '0x06d0e5aee443093ac5635b709c8a01342e59df19',
  '0x076c82295af54a4507fa80c73a928c5703b845ee',
  '0x07da3cdae2396aa826387a48deba5868d7deb7bc',
  '0x07f893290c1ac037f5cd6fe6b3963803d9faa598',
  '0x084018b714948dfbeaba305fbc8dc4d2c0330172',
  '0x08906954c6b7e68eb5a969d201371ddcac28968c',
  '0x08ad1f3a48be1d23c723a6cc8486b247f5de935a',
  '0x09106ba56f708b353fe252dd0749c913a3e8a5e1',
  '0x0954682ff1b512d3927d06c591942f50917e16a0',
  '0x09565ce0acb2e35d1020cb4b0cbb5df3e328e3a6',
  '0x0964bde8cd3744f99a1ffc70becbe1f33366f5bb',
  '0x0a7d5a774585c2fc7ccf46c220e9a4e4f91e93c3',
  '0x0c12f2b2c3ad5150d344b6d3abb901b4795d72d9',
  '0x0c27daa424d413a02186b90d839124868d433197',
  '0x0c4e05941b40f6a081ec616bdd1adfe67ae7bb4d',
  '0x0c84153fdcafd65a4536c2d8d4856e6a6457fb21',
  '0x0d5d0b74c690170a82bf52e5d16388fc4fa29082',
  '0x0da81e9b313e73cf295363c14e2ce31ec84ab3d0',
  '0x0dca7cd3f63b69bbe55364b42fb6c3b21202d06f',
  '0x0de879bd4cc168bca743cc47efb6821b2eb241e7',
  '0x0e6a3fa67194ae6594edbe96153e28eefd2982f0',
  '0x0f388d7e65a969dbcbfab21bc3ab6629af78f4cf',
  '0x0fd357ea71ad533c6b8a62520321ed286ed9a0c2',
  '0x10479fb486b4a77b87320ba017c5e64f4f352773',
  '0x1051e1d8cc6bc96c78fea6ae1144b91a1b1a32a2',
  '0x106d6a8e73b851f0905eb592df5d5f9b29469a5e',
  '0x108f15a6cac5bddf919af07928faa0b7168feff8',
  '0x10c2c7a5342988818eb6726fae369299d8fb6328',
  '0x10cde9d1e1a2d3b703f037a6788e04bc139cdf6f',
  '0x10dfe9495810a7c8ff577647dab523503477402f',
  '0x1106d8755ffafb1f1820b3668e354336d9085a12',
  '0x1117ee7306c82190109869a1721021b96d6a249d',
  '0x11c80389e39bedabf2172524be687ffdec06979a',
  '0x11d2b6613cbebb4172ef9507286e47c99e3a4b37',
  '0x1201cdab78a8bcc527d1cdfe5a2740cf1e824adc',
  '0x12413a603d16893d8f406925289f206b3b974cf0',
  '0x13ae383d948ad3d6e2534463e54a9cca9eaa4145',
  '0x14082eef0e5ccc9d2d36cf627c45f07f3b0a54dd',
  '0x140c3d8bf3ff575ee63a12fe019b1d97caf6adcb',
  '0x140d6cfde793f1a2eed5274454aa6f463ec8c075',
  '0x146ab8465ed65e9295b7caf7ce55a42149fe76e3',
  '0x14b0d23238c5277f8243d2739c005480d8022fe0',
  '0x14be8b4b4bf1ea9d18bd04c4063a0987c702e204',
  '0x157a0a3d1fd859fc940ceb923e68d17afe03d2a4',
  '0x15f3197d43600720531bc92d6a55827b82da56bb',
  '0x168e759cd51e4296ae353ae98b675c0ad8996b4e',
  '0x16b18b9836fd01f1413b1bca28935ac00a1f43ce',
  '0x16bea6810b951b647427983ed14710fd1c6a36e1',
  '0x16edfdf297d91d7d904f62ca97a7bfc1778daffc',
  '0x1707a9bad232d728afded75faced38ec90eaa41e',
  '0x175cbd54d38f58b530785e01471a2ec0d4596eb5',
  '0x17e87ed83c1a444b9255b14ba45204dfb4fec186',
  '0x185e39d860cf86fbecf4a7c341bd1545ea3a41b9',
  '0x18c523f27b0310a7468f081ae8e84179d0a04ad1',
  '0x18cc3ce7ed17e47c669982b6c94a0fe2a0b9606e',
  '0x18e55343ecfc135e21916fcdb9788accb5b53caf',
  '0x19a6a39b746c4647a01a3bf80751155969ddb15a',
  '0x19d01c13e6e5a1a990db9821358a591583f63234',
  '0x19d1df2574542259bc2ec23e69c1b700d752c45e',
  '0x19f824662ba9df78e368022f085b708fccc201c8',
  '0x1a1ec5ef70a643cd35376214e8a8f2ea0d92931d',
  '0x1a3cd87d4d5c6629abc5e1fde1bef51c3b8d2be7',
  '0x1bac3cd502cafe965a26f30fd1512a0800fdb9b7',
  '0x1c1d58031fb0692577b4fb8fc71e333755ca6927',
  '0x1c6a4181c0a352a855d15ae0d1bdce5f6aa23352',
  '0x1c7b78f54485a0ea4d67a2b4856af4cd39f11d99',
  '0x1cc42015d1e4c97d8739d8fe663c47f0a49e9a38',
  '0x1cdeee885457c5c3a048aa26363472a6b5fd28d7',
  '0x1d1ce71366866d0785fa40dd30ea92ca5e7078cc',
  '0x1d315b60ede11012ff8c980acd7cad65ac7ebdee',
  '0x1d5da20522b1b94e3b7d983c954075da429bbae1',
  '0x1d872098bab315ddf6630b3db2f8330221d498c0',
  '0x1d9fd5c3fbfd4758f22438a336068b813872cefc',
  '0x1da9ddc8407781d712a77def51c40c26a1f72600',
  '0x1e001730a23c7ebaff35bc8bc90da5a9b20804a4',
  '0x1eb16ec378f0ce8f81449120629f52ba28961d47',
  '0x1eb856a1359495cda8f18cac8785342b23dd84bf',
  '0x1f49c2def89cd9b84048a2d30c53a29091082d62',
  '0x1fdb4015fd5e031c5641752c1e03b973ad5ea168',
  '0x2010c480b73fd0865b6d2f164660da852d178d5d',
  '0x20170890ef210e402578f97d6b179784c45f3a1b',
  ... 613 more items
]
📦 33511 transactions récupérées.
📤 Récupération des transactions existantes depuis PostgreSQL...
✅ 38141 transactions déjà stockées.
🔍 9 transactions à insérer après filtrage.
✅ 9 nouvelles transactions ajoutées.

[2025-03-29T18:00:20.806Z] ========== FIN DE L'EXÉCUTION (STATUT: success) ==========

[2025-03-29T19:00:00.400Z] ========== DÉBUT DE L'EXÉCUTION DE LA TÂCHE: Fetch Transactions History (ID: 5) ==========
[2025-03-29T19:00:18.436Z] 🚀 Démarrage du script...
📤 Récupération des wallets et tokens depuis PostgreSQL...
✅ 115 wallets et 713 tokens récupérés.
🔍 Tokens trouvés: [
  '0x009bab289f104699ae87e576294d18ed505faa61',
  '0x016e0081fcaad345691027908d5044534bca1946',
  '0x01b4ea64e4204b51cbc8463ffc8e6046c9d70371',
  '0x021bb23a45e9fc824260435e670fc383b7b8cbbb',
  '0x02b5d51e29fa35c9228cfa3ff968da6aaf1048dd',
  '0x032f0e16b729210551642f3249f6e0b1b52a63be',
  '0x034ecb6dc0608b73765f2965771a003d940ee8b2',
  '0x038eb5001b6a7050fed40816321138e69f8f885b',
  '0x03cbe3dda83908ad48643d6a1b5b13d11acaf845',
  '0x03d23c82f20c96c421742b243b7ea33a3e217c1f',
  '0x041cc71b3bce05d06179f05ef7a9a20bd0815515',
  '0x052ad78e3aa0b0f2d3912fd3b50a9a289cf2f7aa',
  '0x053b0bd329dc21bd4fa278f62310f668c5f1a6ed',
  '0x06246100ba403608b98adfb006d82a7484f5d9ff',
  '0x062c208073c9b439d1973262cfe0ddd88f38afa8',
  '0x062f0732a7daca652c3bd7d8ad51c3a920b25962',
  '0x0643ffb30add44ef5c74996ad57a03a2244b6f28',
  '0x0675e8f4a52ea6c845cb6427af03616a2af42170',
  '0x06cc12368fa6a3d4dc0872c60331156a21cdcc9c',
  '0x06d0e5aee443093ac5635b709c8a01342e59df19',
  '0x076c82295af54a4507fa80c73a928c5703b845ee',
  '0x07da3cdae2396aa826387a48deba5868d7deb7bc',
  '0x07f893290c1ac037f5cd6fe6b3963803d9faa598',
  '0x084018b714948dfbeaba305fbc8dc4d2c0330172',
  '0x08906954c6b7e68eb5a969d201371ddcac28968c',
  '0x08ad1f3a48be1d23c723a6cc8486b247f5de935a',
  '0x09106ba56f708b353fe252dd0749c913a3e8a5e1',
  '0x0954682ff1b512d3927d06c591942f50917e16a0',
  '0x09565ce0acb2e35d1020cb4b0cbb5df3e328e3a6',
  '0x0964bde8cd3744f99a1ffc70becbe1f33366f5bb',
  '0x0a7d5a774585c2fc7ccf46c220e9a4e4f91e93c3',
  '0x0c12f2b2c3ad5150d344b6d3abb901b4795d72d9',
  '0x0c27daa424d413a02186b90d839124868d433197',
  '0x0c4e05941b40f6a081ec616bdd1adfe67ae7bb4d',
  '0x0c84153fdcafd65a4536c2d8d4856e6a6457fb21',
  '0x0d5d0b74c690170a82bf52e5d16388fc4fa29082',
  '0x0da81e9b313e73cf295363c14e2ce31ec84ab3d0',
  '0x0dca7cd3f63b69bbe55364b42fb6c3b21202d06f',
  '0x0de879bd4cc168bca743cc47efb6821b2eb241e7',
  '0x0e6a3fa67194ae6594edbe96153e28eefd2982f0',
  '0x0f388d7e65a969dbcbfab21bc3ab6629af78f4cf',
  '0x0fd357ea71ad533c6b8a62520321ed286ed9a0c2',
  '0x10479fb486b4a77b87320ba017c5e64f4f352773',
  '0x1051e1d8cc6bc96c78fea6ae1144b91a1b1a32a2',
  '0x106d6a8e73b851f0905eb592df5d5f9b29469a5e',
  '0x108f15a6cac5bddf919af07928faa0b7168feff8',
  '0x10c2c7a5342988818eb6726fae369299d8fb6328',
  '0x10cde9d1e1a2d3b703f037a6788e04bc139cdf6f',
  '0x10dfe9495810a7c8ff577647dab523503477402f',
  '0x1106d8755ffafb1f1820b3668e354336d9085a12',
  '0x1117ee7306c82190109869a1721021b96d6a249d',
  '0x11c80389e39bedabf2172524be687ffdec06979a',
  '0x11d2b6613cbebb4172ef9507286e47c99e3a4b37',
  '0x1201cdab78a8bcc527d1cdfe5a2740cf1e824adc',
  '0x12413a603d16893d8f406925289f206b3b974cf0',
  '0x13ae383d948ad3d6e2534463e54a9cca9eaa4145',
  '0x14082eef0e5ccc9d2d36cf627c45f07f3b0a54dd',
  '0x140c3d8bf3ff575ee63a12fe019b1d97caf6adcb',
  '0x140d6cfde793f1a2eed5274454aa6f463ec8c075',
  '0x146ab8465ed65e9295b7caf7ce55a42149fe76e3',
  '0x14b0d23238c5277f8243d2739c005480d8022fe0',
  '0x14be8b4b4bf1ea9d18bd04c4063a0987c702e204',
  '0x157a0a3d1fd859fc940ceb923e68d17afe03d2a4',
  '0x15f3197d43600720531bc92d6a55827b82da56bb',
  '0x168e759cd51e4296ae353ae98b675c0ad8996b4e',
  '0x16b18b9836fd01f1413b1bca28935ac00a1f43ce',
  '0x16bea6810b951b647427983ed14710fd1c6a36e1',
  '0x16edfdf297d91d7d904f62ca97a7bfc1778daffc',
  '0x1707a9bad232d728afded75faced38ec90eaa41e',
  '0x175cbd54d38f58b530785e01471a2ec0d4596eb5',
  '0x17e87ed83c1a444b9255b14ba45204dfb4fec186',
  '0x185e39d860cf86fbecf4a7c341bd1545ea3a41b9',
  '0x18c523f27b0310a7468f081ae8e84179d0a04ad1',
  '0x18cc3ce7ed17e47c669982b6c94a0fe2a0b9606e',
  '0x18e55343ecfc135e21916fcdb9788accb5b53caf',
  '0x19a6a39b746c4647a01a3bf80751155969ddb15a',
  '0x19d01c13e6e5a1a990db9821358a591583f63234',
  '0x19d1df2574542259bc2ec23e69c1b700d752c45e',
  '0x19f824662ba9df78e368022f085b708fccc201c8',
  '0x1a1ec5ef70a643cd35376214e8a8f2ea0d92931d',
  '0x1a3cd87d4d5c6629abc5e1fde1bef51c3b8d2be7',
  '0x1bac3cd502cafe965a26f30fd1512a0800fdb9b7',
  '0x1c1d58031fb0692577b4fb8fc71e333755ca6927',
  '0x1c6a4181c0a352a855d15ae0d1bdce5f6aa23352',
  '0x1c7b78f54485a0ea4d67a2b4856af4cd39f11d99',
  '0x1cc42015d1e4c97d8739d8fe663c47f0a49e9a38',
  '0x1cdeee885457c5c3a048aa26363472a6b5fd28d7',
  '0x1d1ce71366866d0785fa40dd30ea92ca5e7078cc',
  '0x1d315b60ede11012ff8c980acd7cad65ac7ebdee',
  '0x1d5da20522b1b94e3b7d983c954075da429bbae1',
  '0x1d872098bab315ddf6630b3db2f8330221d498c0',
  '0x1d9fd5c3fbfd4758f22438a336068b813872cefc',
  '0x1da9ddc8407781d712a77def51c40c26a1f72600',
  '0x1e001730a23c7ebaff35bc8bc90da5a9b20804a4',
  '0x1eb16ec378f0ce8f81449120629f52ba28961d47',
  '0x1eb856a1359495cda8f18cac8785342b23dd84bf',
  '0x1f49c2def89cd9b84048a2d30c53a29091082d62',
  '0x1fdb4015fd5e031c5641752c1e03b973ad5ea168',
  '0x2010c480b73fd0865b6d2f164660da852d178d5d',
  '0x20170890ef210e402578f97d6b179784c45f3a1b',
  ... 613 more items
]
📦 33515 transactions récupérées.
📤 Récupération des transactions existantes depuis PostgreSQL...
✅ 38150 transactions déjà stockées.
🔍 4 transactions à insérer après filtrage.
✅ 4 nouvelles transactions ajoutées.

[2025-03-29T19:00:18.436Z] ========== FIN DE L'EXÉCUTION (STATUT: success) ==========

[2025-03-29T20:00:00.609Z] ========== DÉBUT DE L'EXÉCUTION DE LA TÂCHE: Fetch Transactions History (ID: 5) ==========
[2025-03-29T20:00:20.846Z] 🚀 Démarrage du script...
📤 Récupération des wallets et tokens depuis PostgreSQL...
✅ 115 wallets et 713 tokens récupérés.
🔍 Tokens trouvés: [
  '0x009bab289f104699ae87e576294d18ed505faa61',
  '0x016e0081fcaad345691027908d5044534bca1946',
  '0x01b4ea64e4204b51cbc8463ffc8e6046c9d70371',
  '0x021bb23a45e9fc824260435e670fc383b7b8cbbb',
  '0x02b5d51e29fa35c9228cfa3ff968da6aaf1048dd',
  '0x032f0e16b729210551642f3249f6e0b1b52a63be',
  '0x034ecb6dc0608b73765f2965771a003d940ee8b2',
  '0x038eb5001b6a7050fed40816321138e69f8f885b',
  '0x03cbe3dda83908ad48643d6a1b5b13d11acaf845',
  '0x03d23c82f20c96c421742b243b7ea33a3e217c1f',
  '0x041cc71b3bce05d06179f05ef7a9a20bd0815515',
  '0x052ad78e3aa0b0f2d3912fd3b50a9a289cf2f7aa',
  '0x053b0bd329dc21bd4fa278f62310f668c5f1a6ed',
  '0x06246100ba403608b98adfb006d82a7484f5d9ff',
  '0x062c208073c9b439d1973262cfe0ddd88f38afa8',
  '0x062f0732a7daca652c3bd7d8ad51c3a920b25962',
  '0x0643ffb30add44ef5c74996ad57a03a2244b6f28',
  '0x0675e8f4a52ea6c845cb6427af03616a2af42170',
  '0x06cc12368fa6a3d4dc0872c60331156a21cdcc9c',
  '0x06d0e5aee443093ac5635b709c8a01342e59df19',
  '0x076c82295af54a4507fa80c73a928c5703b845ee',
  '0x07da3cdae2396aa826387a48deba5868d7deb7bc',
  '0x07f893290c1ac037f5cd6fe6b3963803d9faa598',
  '0x084018b714948dfbeaba305fbc8dc4d2c0330172',
  '0x08906954c6b7e68eb5a969d201371ddcac28968c',
  '0x08ad1f3a48be1d23c723a6cc8486b247f5de935a',
  '0x09106ba56f708b353fe252dd0749c913a3e8a5e1',
  '0x0954682ff1b512d3927d06c591942f50917e16a0',
  '0x09565ce0acb2e35d1020cb4b0cbb5df3e328e3a6',
  '0x0964bde8cd3744f99a1ffc70becbe1f33366f5bb',
  '0x0a7d5a774585c2fc7ccf46c220e9a4e4f91e93c3',
  '0x0c12f2b2c3ad5150d344b6d3abb901b4795d72d9',
  '0x0c27daa424d413a02186b90d839124868d433197',
  '0x0c4e05941b40f6a081ec616bdd1adfe67ae7bb4d',
  '0x0c84153fdcafd65a4536c2d8d4856e6a6457fb21',
  '0x0d5d0b74c690170a82bf52e5d16388fc4fa29082',
  '0x0da81e9b313e73cf295363c14e2ce31ec84ab3d0',
  '0x0dca7cd3f63b69bbe55364b42fb6c3b21202d06f',
  '0x0de879bd4cc168bca743cc47efb6821b2eb241e7',
  '0x0e6a3fa67194ae6594edbe96153e28eefd2982f0',
  '0x0f388d7e65a969dbcbfab21bc3ab6629af78f4cf',
  '0x0fd357ea71ad533c6b8a62520321ed286ed9a0c2',
  '0x10479fb486b4a77b87320ba017c5e64f4f352773',
  '0x1051e1d8cc6bc96c78fea6ae1144b91a1b1a32a2',
  '0x106d6a8e73b851f0905eb592df5d5f9b29469a5e',
  '0x108f15a6cac5bddf919af07928faa0b7168feff8',
  '0x10c2c7a5342988818eb6726fae369299d8fb6328',
  '0x10cde9d1e1a2d3b703f037a6788e04bc139cdf6f',
  '0x10dfe9495810a7c8ff577647dab523503477402f',
  '0x1106d8755ffafb1f1820b3668e354336d9085a12',
  '0x1117ee7306c82190109869a1721021b96d6a249d',
  '0x11c80389e39bedabf2172524be687ffdec06979a',
  '0x11d2b6613cbebb4172ef9507286e47c99e3a4b37',
  '0x1201cdab78a8bcc527d1cdfe5a2740cf1e824adc',
  '0x12413a603d16893d8f406925289f206b3b974cf0',
  '0x13ae383d948ad3d6e2534463e54a9cca9eaa4145',
  '0x14082eef0e5ccc9d2d36cf627c45f07f3b0a54dd',
  '0x140c3d8bf3ff575ee63a12fe019b1d97caf6adcb',
  '0x140d6cfde793f1a2eed5274454aa6f463ec8c075',
  '0x146ab8465ed65e9295b7caf7ce55a42149fe76e3',
  '0x14b0d23238c5277f8243d2739c005480d8022fe0',
  '0x14be8b4b4bf1ea9d18bd04c4063a0987c702e204',
  '0x157a0a3d1fd859fc940ceb923e68d17afe03d2a4',
  '0x15f3197d43600720531bc92d6a55827b82da56bb',
  '0x168e759cd51e4296ae353ae98b675c0ad8996b4e',
  '0x16b18b9836fd01f1413b1bca28935ac00a1f43ce',
  '0x16bea6810b951b647427983ed14710fd1c6a36e1',
  '0x16edfdf297d91d7d904f62ca97a7bfc1778daffc',
  '0x1707a9bad232d728afded75faced38ec90eaa41e',
  '0x175cbd54d38f58b530785e01471a2ec0d4596eb5',
  '0x17e87ed83c1a444b9255b14ba45204dfb4fec186',
  '0x185e39d860cf86fbecf4a7c341bd1545ea3a41b9',
  '0x18c523f27b0310a7468f081ae8e84179d0a04ad1',
  '0x18cc3ce7ed17e47c669982b6c94a0fe2a0b9606e',
  '0x18e55343ecfc135e21916fcdb9788accb5b53caf',
  '0x19a6a39b746c4647a01a3bf80751155969ddb15a',
  '0x19d01c13e6e5a1a990db9821358a591583f63234',
  '0x19d1df2574542259bc2ec23e69c1b700d752c45e',
  '0x19f824662ba9df78e368022f085b708fccc201c8',
  '0x1a1ec5ef70a643cd35376214e8a8f2ea0d92931d',
  '0x1a3cd87d4d5c6629abc5e1fde1bef51c3b8d2be7',
  '0x1bac3cd502cafe965a26f30fd1512a0800fdb9b7',
  '0x1c1d58031fb0692577b4fb8fc71e333755ca6927',
  '0x1c6a4181c0a352a855d15ae0d1bdce5f6aa23352',
  '0x1c7b78f54485a0ea4d67a2b4856af4cd39f11d99',
  '0x1cc42015d1e4c97d8739d8fe663c47f0a49e9a38',
  '0x1cdeee885457c5c3a048aa26363472a6b5fd28d7',
  '0x1d1ce71366866d0785fa40dd30ea92ca5e7078cc',
  '0x1d315b60ede11012ff8c980acd7cad65ac7ebdee',
  '0x1d5da20522b1b94e3b7d983c954075da429bbae1',
  '0x1d872098bab315ddf6630b3db2f8330221d498c0',
  '0x1d9fd5c3fbfd4758f22438a336068b813872cefc',
  '0x1da9ddc8407781d712a77def51c40c26a1f72600',
  '0x1e001730a23c7ebaff35bc8bc90da5a9b20804a4',
  '0x1eb16ec378f0ce8f81449120629f52ba28961d47',
  '0x1eb856a1359495cda8f18cac8785342b23dd84bf',
  '0x1f49c2def89cd9b84048a2d30c53a29091082d62',
  '0x1fdb4015fd5e031c5641752c1e03b973ad5ea168',
  '0x2010c480b73fd0865b6d2f164660da852d178d5d',
  '0x20170890ef210e402578f97d6b179784c45f3a1b',
  ... 613 more items
]
📦 33520 transactions récupérées.
📤 Récupération des transactions existantes depuis PostgreSQL...
✅ 38154 transactions déjà stockées.
🔍 5 transactions à insérer après filtrage.
✅ 5 nouvelles transactions ajoutées.

[2025-03-29T20:00:20.846Z] ========== FIN DE L'EXÉCUTION (STATUT: success) ==========

